ISO-10303-21;
HEADER;
FILE_DESCRIPTION (( 'STEP AP203' ),
    '1' );
FILE_NAME ('housing_Default_sldprt.STEP',
    '2025-11-24T08:03:05',
    ( '' ),
    ( '' ),
    'SwSTEP 2.0',
    'SolidWorks 2025',
    '' );
FILE_SCHEMA (( 'CONFIG_CONTROL_DESIGN' ));
ENDSEC;

DATA;
#1 = CARTESIAN_POINT ( 'NONE',  ( 28.28371534040707758, -6.000000000000000000, -27.93016194981370504 ) ) ;
#2 = ORIENTED_EDGE ( 'NONE', *, *, #5128, .F. ) ;
#3 = ORIENTED_EDGE ( 'NONE', *, *, #3701, .T. ) ;
#4 = CARTESIAN_POINT ( 'NONE',  ( -7.961870015169555614, 6.000000000000000000, -38.94446206922807363 ) ) ;
#5 = CARTESIAN_POINT ( 'NONE',  ( -17.99735995162498625, -9.142480079136401372, 38.94446206922808784 ) ) ;
#6 = DIRECTION ( 'NONE',  ( 0.000000000000000000, 1.000000000000000000, 0.000000000000000000 ) ) ;
#7 = ORIENTED_EDGE ( 'NONE', *, *, #2366, .F. ) ;
#8 = DIRECTION ( 'NONE',  ( -1.000000000000000000, 0.000000000000000000, -1.040834085586083310E-14 ) ) ;
#9 = EDGE_CURVE ( 'NONE', #520, #1354, #2825, .T. ) ;
#10 = CARTESIAN_POINT ( 'NONE',  ( 36.44446206922806653, -12.49999999999999112, -38.44446206922807363 ) ) ;
#11 = CARTESIAN_POINT ( 'NONE',  ( 0.000000000000000000, 12.49999999999999112, 0.000000000000000000 ) ) ;
#12 = ORIENTED_EDGE ( 'NONE', *, *, #3483, .T. ) ;
#13 = ORIENTED_EDGE ( 'NONE', *, *, #3110, .T. ) ;
#14 = CARTESIAN_POINT ( 'NONE',  ( 13.01141513073362077, 12.49999999999999112, 11.39969632471480665 ) ) ;
#15 = DIRECTION ( 'NONE',  ( 0.000000000000000000, -1.000000000000000000, 0.000000000000000000 ) ) ;
#16 = ORIENTED_EDGE ( 'NONE', *, *, #217, .T. ) ;
#17 = DIRECTION ( 'NONE',  ( -0.000000000000000000, -0.000000000000000000, -1.000000000000000000 ) ) ;
#18 = ADVANCED_FACE ( 'NONE', ( #2872 ), #4446, .F. ) ;
#19 = APPROVAL ( #720, 'UNSPECIFIED' ) ;
#20 = AXIS2_PLACEMENT_3D ( 'NONE', #3094, #3149, #3897 ) ;
#21 = CYLINDRICAL_SURFACE ( 'NONE', #895, 2.000000000000001776 ) ;
#22 = CARTESIAN_POINT ( 'NONE',  ( 0.000000000000000000, -9.999999999999989342, 0.000000000000000000 ) ) ;
#23 = ORIENTED_EDGE ( 'NONE', *, *, #3607, .T. ) ;
#24 = AXIS2_PLACEMENT_3D ( 'NONE', #338, #1917, #285 ) ;
#25 = EDGE_CURVE ( 'NONE', #1292, #3822, #901, .T. ) ;
#26 = EDGE_LOOP ( 'NONE', ( #3829, #2628, #4341, #4066 ) ) ;
#27 = DIRECTION ( 'NONE',  ( -0.8531954862147294039, 0.000000000000000000, -0.5215912789750336565 ) ) ;
#28 = CARTESIAN_POINT ( 'NONE',  ( 19.93467767831863569, 9.999999999999989342, 38.94446206922808074 ) ) ;
#29 = VERTEX_POINT ( 'NONE', #3186 ) ;
#30 = CARTESIAN_POINT ( 'NONE',  ( 38.94446206922815890, -6.000000000000000000, -7.961870015169147941 ) ) ;
#31 = VECTOR ( 'NONE', #998, 1000.000000000000000 ) ;
#32 = AXIS2_PLACEMENT_3D ( 'NONE', #2879, #2495, #2128 ) ;
#33 = ORIENTED_EDGE ( 'NONE', *, *, #2713, .F. ) ;
#34 = CARTESIAN_POINT ( 'NONE',  ( -27.93016194981379385, 6.000000000000000000, -28.28371534040698521 ) ) ;
#35 = VECTOR ( 'NONE', #1116, 1000.000000000000000 ) ;
#36 = CIRCLE ( 'NONE', #4385, 42.71446609406726935 ) ;
#37 = LINE ( 'NONE', #2418, #2709 ) ;
#38 = FACE_OUTER_BOUND ( 'NONE', #2935, .T. ) ;
#39 = ORGANIZATION ( 'UNSPECIFIED', 'UNSPECIFIED', '' ) ;
#40 = ORIENTED_EDGE ( 'NONE', *, *, #2181, .T. ) ;
#41 = ORIENTED_EDGE ( 'NONE', *, *, #1857, .T. ) ;
#42 = DIRECTION ( 'NONE',  ( -0.7539902244475465976, 0.000000000000000000, 0.6568856380204535217 ) ) ;
#43 = CARTESIAN_POINT ( 'NONE',  ( 19.93467767831863569, -9.999999999999989342, 38.94446206922808074 ) ) ;
#44 = ORIENTED_EDGE ( 'NONE', *, *, #1926, .F. ) ;
#45 = LINE ( 'NONE', #3632, #2067 ) ;
#46 = VECTOR ( 'NONE', #1491, 1000.000000000000114 ) ;
#47 = EDGE_CURVE ( 'NONE', #925, #256, #3692, .T. ) ;
#48 = CIRCLE ( 'NONE', #2967, 16.50000000000000000 ) ;
#49 = CIRCLE ( 'NONE', #2221, 2.000000000000001776 ) ;
#50 = FACE_OUTER_BOUND ( 'NONE', #436, .T. ) ;
#51 = DIRECTION ( 'NONE',  ( -0.000000000000000000, -1.000000000000000000, -0.000000000000000000 ) ) ;
#52 = ADVANCED_FACE ( 'NONE', ( #4786 ), #2368, .T. ) ;
#53 = ORIENTED_EDGE ( 'NONE', *, *, #4251, .T. ) ;
#54 = AXIS2_PLACEMENT_3D ( 'NONE', #2068, #896, #3664 ) ;
#55 = ORIENTED_EDGE ( 'NONE', *, *, #2741, .F. ) ;
#56 = CARTESIAN_POINT ( 'NONE',  ( -16.84931615771581193, 12.21391309983944673, -38.94446206922808074 ) ) ;
#57 = CARTESIAN_POINT ( 'NONE',  ( -36.44446206922806653, -9.999999999999989342, 36.44446206922807363 ) ) ;
#58 = VECTOR ( 'NONE', #3583, 1000.000000000000000 ) ;
#59 = EDGE_CURVE ( 'NONE', #4533, #4937, #120, .T. ) ;
#60 = DIRECTION ( 'NONE',  ( 0.9034118677180114076, 0.000000000000000000, -0.4287738299689642374 ) ) ;
#61 = EDGE_CURVE ( 'NONE', #3130, #1239, #4914, .T. ) ;
#62 = ORIENTED_EDGE ( 'NONE', *, *, #1437, .F. ) ;
#63 = DIRECTION ( 'NONE',  ( 0.000000000000000000, 1.000000000000000000, 0.000000000000000000 ) ) ;
#64 = DIRECTION ( 'NONE',  ( 0.000000000000000000, -1.000000000000000000, -0.000000000000000000 ) ) ;
#65 = CARTESIAN_POINT ( 'NONE',  ( -38.94446206922822284, 9.999999999999989342, 43.74999999999986500 ) ) ;
#66 = CARTESIAN_POINT ( 'NONE',  ( -37.94446206922806653, 9.999999999999987566, 37.94446206922807363 ) ) ;
#67 = VERTEX_POINT ( 'NONE', #4622 ) ;
#68 = VERTEX_POINT ( 'NONE', #4287 ) ;
#69 = LINE ( 'NONE', #4022, #1225 ) ;
#70 = CARTESIAN_POINT ( 'NONE',  ( -36.44446206922806653, -13.00000000000001776, 38.44446206922807363 ) ) ;
#71 = ORIENTED_EDGE ( 'NONE', *, *, #343, .T. ) ;
#72 = CARTESIAN_POINT ( 'NONE',  ( -40.12265297808715303, 9.999999999999989342, -39.76909958749373430 ) ) ;
#73 = CARTESIAN_POINT ( 'NONE',  ( -39.94446206922808074, -12.49999999999999112, 19.29537254914642830 ) ) ;
#74 = EDGE_CURVE ( 'NONE', #404, #2094, #3296, .T. ) ;
#75 = CARTESIAN_POINT ( 'NONE',  ( 37.94446206922793152, -12.49999999999999112, 39.94446206922820153 ) ) ;
#76 = VERTEX_POINT ( 'NONE', #1465 ) ;
#77 = VERTEX_POINT ( 'NONE', #2664 ) ;
#78 = DIRECTION ( 'NONE',  ( -0.000000000000000000, -1.000000000000000000, -0.000000000000000000 ) ) ;
#79 = PLANE ( 'NONE',  #729 ) ;
#80 = DIRECTION ( 'NONE',  ( 3.337495034168044811E-15, 0.000000000000000000, -1.000000000000000000 ) ) ;
#81 = EDGE_LOOP ( 'NONE', ( #3050, #2912, #4856, #3176 ) ) ;
#82 = CARTESIAN_POINT ( 'NONE',  ( 10.87486722073962575, 12.49999999999999112, -13.45315066931471293 ) ) ;
#83 = LINE ( 'NONE', #4796, #183 ) ;
#84 = DIRECTION ( 'NONE',  ( 0.7071067811865414665, -4.906538933386803158E-16, 0.7071067811865536790 ) ) ;
#85 = DIRECTION ( 'NONE',  ( 0.000000000000000000, 1.000000000000000000, 0.000000000000000000 ) ) ;
#86 = ORIENTED_EDGE ( 'NONE', *, *, #141, .F. ) ;
#87 = ORIENTED_EDGE ( 'NONE', *, *, #231, .F. ) ;
#88 = DIRECTION ( 'NONE',  ( 0.8531954862147294039, -0.000000000000000000, 0.5215912789750336565 ) ) ;
#89 = CARTESIAN_POINT ( 'NONE',  ( 16.14631928175981912, 11.93928431800850731, 38.94446206922807363 ) ) ;
#90 = ORIENTED_EDGE ( 'NONE', *, *, #4378, .T. ) ;
#91 = DIRECTION ( 'NONE',  ( 0.8622748890940515887, -0.000000000000000000, 0.5064405351448885151 ) ) ;
#92 = CARTESIAN_POINT ( 'NONE',  ( 29.22654217665573739, 7.333332127768784403, 28.87298878606237196 ) ) ;
#93 = B_SPLINE_CURVE_WITH_KNOTS ( 'NONE', 3,
 ( #3234, #3736, #89, #438, #2911, #3255, #3337, #1253, #2840, #4439 ),
 .UNSPECIFIED., .F., .F.,
 ( 4, 2, 2, 2, 4 ),
 ( 0.06049578048029907035, 0.06274844236983173618, 0.06500110425936439507, 0.06950642803842974060, 0.07851707559656040392 ),
 .UNSPECIFIED. ) ;
#94 = CARTESIAN_POINT ( 'NONE',  ( 36.44446206922806653, -13.00000000000001776, -38.44446206922807363 ) ) ;
#95 = VERTEX_POINT ( 'NONE', #3020 ) ;
#96 = AXIS2_PLACEMENT_3D ( 'NONE', #4310, #1912, #733 ) ;
#97 = EDGE_LOOP ( 'NONE', ( #4129, #1568, #4437, #5100 ) ) ;
#98 = VECTOR ( 'NONE', #2218, 1000.000000000000000 ) ;
#99 = PLANE ( 'NONE',  #3033 ) ;
#100 = DIRECTION ( 'NONE',  ( -0.000000000000000000, 0.000000000000000000, -1.000000000000000000 ) ) ;
#101 = ORIENTED_EDGE ( 'NONE', *, *, #4649, .T. ) ;
#102 = CARTESIAN_POINT ( 'NONE',  ( 38.94446206922806653, 8.729609449425501211, 0.7359637332342530147 ) ) ;
#103 = EDGE_CURVE ( 'NONE', #2499, #3355, #864, .T. ) ;
#104 = CIRCLE ( 'NONE', #2034, 2.000000000000001776 ) ;
#105 = VERTEX_POINT ( 'NONE', #4262 ) ;
#106 = CARTESIAN_POINT ( 'NONE',  ( -38.94446206922813758, -11.92366392593491220, 16.14271681334648534 ) ) ;
#107 = LINE ( 'NONE', #2984, #637 ) ;
#108 = DIRECTION ( 'NONE',  ( -0.7071067811865463515, 0.000000000000000000, 0.7071067811865487940 ) ) ;
#109 = CIRCLE ( 'NONE', #3032, 2.000000000000001776 ) ;
#110 = VECTOR ( 'NONE', #3303, 1000.000000000000000 ) ;
#111 = EDGE_CURVE ( 'NONE', #4348, #5124, #3687, .T. ) ;
#112 = ORIENTED_EDGE ( 'NONE', *, *, #3607, .F. ) ;
#113 = AXIS2_PLACEMENT_3D ( 'NONE', #932, #488, #1270 ) ;
#114 = AXIS2_PLACEMENT_3D ( 'NONE', #2723, #748, #3058 ) ;
#115 = ORIENTED_EDGE ( 'NONE', *, *, #3663, .T. ) ;
#116 = DIRECTION ( 'NONE',  ( -0.4287738299689549115, 0.000000000000000000, -0.9034118677180158485 ) ) ;
#117 = FACE_OUTER_BOUND ( 'NONE', #1003, .T. ) ;
#118 = ORIENTED_EDGE ( 'NONE', *, *, #1825, .F. ) ;
#119 = DIRECTION ( 'NONE',  ( 0.000000000000000000, 1.000000000000000000, 0.000000000000000000 ) ) ;
#120 = B_SPLINE_CURVE_WITH_KNOTS ( 'NONE', 3,
 ( #1336, #2607, #3324, #2638, #4597, #1706, #2301, #3818 ),
 .UNSPECIFIED., .F., .F.,
 ( 4, 2, 2, 4 ),
 ( 0.02852102708812616697, 0.03477605972726581507, 0.03790357604683564779, 0.04103109236640548052 ),
 .UNSPECIFIED. ) ;
#121 = EDGE_CURVE ( 'NONE', #1691, #3631, #2997, .T. ) ;
#122 = EDGE_CURVE ( 'NONE', #4449, #2209, #1496, .T. ) ;
#123 = ADVANCED_FACE ( 'NONE', ( #2272 ), #3874, .T. ) ;
#124 = DIRECTION ( 'NONE',  ( 1.000000000000000000, 0.000000000000000000, -1.737135398614550415E-16 ) ) ;
#125 = CARTESIAN_POINT ( 'NONE',  ( -3.036374731545746997, -8.840876020776386568, -38.94446206922807363 ) ) ;
#126 = CARTESIAN_POINT ( 'NONE',  ( -31.84236937673363954, 8.999999999999991118, 22.88750452798220181 ) ) ;
#127 = VERTEX_POINT ( 'NONE', #1048 ) ;
#128 = AXIS2_PLACEMENT_3D ( 'NONE', #3679, #84, #1343 ) ;
#129 = AXIS2_PLACEMENT_3D ( 'NONE', #5013, #1434, #1047 ) ;
#130 = CIRCLE ( 'NONE', #3308, 2.000000000000001776 ) ;
#131 = CARTESIAN_POINT ( 'NONE',  ( -39.94446206922808074, -12.49999999999999112, -39.94446206922805942 ) ) ;
#132 = DIRECTION ( 'NONE',  ( 0.000000000000000000, 0.000000000000000000, -1.000000000000000000 ) ) ;
#133 = LINE ( 'NONE', #156, #2556 ) ;
#134 = ORIENTED_EDGE ( 'NONE', *, *, #4369, .T. ) ;
#135 = CARTESIAN_POINT ( 'NONE',  ( 38.94446206922825837, 12.21423081585014003, -16.85008962391285436 ) ) ;
#136 = AXIS2_PLACEMENT_3D ( 'NONE', #3676, #2197, #1838 ) ;
#137 = VECTOR ( 'NONE', #3686, 1000.000000000000000 ) ;
#138 = ORIENTED_EDGE ( 'NONE', *, *, #4563, .T. ) ;
#139 = LINE ( 'NONE', #1342, #198 ) ;
#140 = LINE ( 'NONE', #984, #1219 ) ;
#141 = EDGE_CURVE ( 'NONE', #4538, #4299, #4886, .T. ) ;
#142 = DIRECTION ( 'NONE',  ( 0.000000000000000000, 1.000000000000000000, 0.000000000000000000 ) ) ;
#143 = ORIENTED_EDGE ( 'NONE', *, *, #2986, .T. ) ;
#144 = ORIENTED_EDGE ( 'NONE', *, *, #1367, .T. ) ;
#145 = CARTESIAN_POINT ( 'NONE',  ( 11.77897717040378822, 8.999999999999991118, 11.55446653113446054 ) ) ;
#146 = DIRECTION ( 'NONE',  ( 0.000000000000000000, 1.000000000000000000, 0.000000000000000000 ) ) ;
#147 = VERTEX_POINT ( 'NONE', #1102 ) ;
#148 = FACE_OUTER_BOUND ( 'NONE', #1660, .T. ) ;
#149 = PLANE ( 'NONE',  #3195 ) ;
#150 = ADVANCED_FACE ( 'NONE', ( #2248 ), #3847, .T. ) ;
#151 = CARTESIAN_POINT ( 'NONE',  ( 27.93016194981379385, 6.000000000000000000, 28.28371534040698521 ) ) ;
#152 = ADVANCED_FACE ( 'NONE', ( #286 ), #923, .T. ) ;
#153 = CARTESIAN_POINT ( 'NONE',  ( 38.94446206922783205, -13.00000000000001776, 23.65942147863237821 ) ) ;
#154 = ORIENTED_EDGE ( 'NONE', *, *, #1536, .F. ) ;
#155 = DIRECTION ( 'NONE',  ( 0.000000000000000000, 0.000000000000000000, 1.000000000000000000 ) ) ;
#156 = CARTESIAN_POINT ( 'NONE',  ( 40.12265297808743725, 9.999999999999989342, -39.76909958749346430 ) ) ;
#157 = VERTEX_POINT ( 'NONE', #2510 ) ;
#158 = DIRECTION ( 'NONE',  ( 0.000000000000000000, 1.000000000000000000, 0.000000000000000000 ) ) ;
#159 = EDGE_LOOP ( 'NONE', ( #1632, #799, #3950 ) ) ;
#160 = CYLINDRICAL_SURFACE ( 'NONE', #876, 2.000000000000001776 ) ;
#161 = CARTESIAN_POINT ( 'NONE',  ( -12.08814175137815461, -6.826486521030461496, -38.94446206922807363 ) ) ;
#162 = PLANE ( 'NONE',  #3292 ) ;
#163 = ORIENTED_EDGE ( 'NONE', *, *, #580, .F. ) ;
#164 = EDGE_CURVE ( 'NONE', #4329, #1040, #4106, .T. ) ;
#165 = ORIENTED_EDGE ( 'NONE', *, *, #2830, .T. ) ;
#166 = CARTESIAN_POINT ( 'NONE',  ( -38.94446206922810916, 10.06940006871304405, 10.39944783949963281 ) ) ;
#167 = FACE_OUTER_BOUND ( 'NONE', #4772, .T. ) ;
#168 = EDGE_LOOP ( 'NONE', ( #3100, #5116, #154, #4278, #3086, #2950, #265, #2562 ) ) ;
#169 = LINE ( 'NONE', #3359, #2635 ) ;
#170 = ADVANCED_FACE ( 'NONE', ( #3718 ), #4317, .F. ) ;
#171 = ORIENTED_EDGE ( 'NONE', *, *, #2699, .F. ) ;
#172 = DIRECTION ( 'NONE',  ( 0.000000000000000000, 0.000000000000000000, -1.000000000000000000 ) ) ;
#173 = CARTESIAN_POINT ( 'NONE',  ( 38.94446206922827969, 9.999999999999989342, -19.93467767831824489 ) ) ;
#174 = FACE_OUTER_BOUND ( 'NONE', #2849, .T. ) ;
#175 = ORIENTED_EDGE ( 'NONE', *, *, #1757, .F. ) ;
#176 = EDGE_CURVE ( 'NONE', #4924, #3837, #1508, .T. ) ;
#177 = APPROVAL ( #3854, 'UNSPECIFIED' ) ;
#178 = LINE ( 'NONE', #2854, #2883 ) ;
#179 = CARTESIAN_POINT ( 'NONE',  ( 2.073285542007115900, 9.999999999999989342, 48.11834207897663163 ) ) ;
#180 = DIRECTION ( 'NONE',  ( 1.000000000000000000, 0.000000000000000000, -0.000000000000000000 ) ) ;
#181 = ORIENTED_EDGE ( 'NONE', *, *, #3738, .F. ) ;
#182 = CARTESIAN_POINT ( 'NONE',  ( 39.94446206922806653, 9.999999999999989342, 43.75000000000000000 ) ) ;
#183 = VECTOR ( 'NONE', #531, 1000.000000000000000 ) ;
#184 = AXIS2_PLACEMENT_3D ( 'NONE', #2765, #1154, #3505 ) ;
#185 = ORIENTED_EDGE ( 'NONE', *, *, #2772, .F. ) ;
#186 = CARTESIAN_POINT ( 'NONE',  ( 21.95680324558044205, -13.00000000000001776, -39.94446206922808074 ) ) ;
#187 = CARTESIAN_POINT ( 'NONE',  ( -35.41347045564939577, 8.999999999999991118, 23.88329382618880459 ) ) ;
#188 = CARTESIAN_POINT ( 'NONE',  ( -34.44446206922768994, -13.00000000000001776, -36.44446206922842890 ) ) ;
#189 = AXIS2_PLACEMENT_3D ( 'NONE', #2890, #2604, #4539 ) ;
#190 = EDGE_LOOP ( 'NONE', ( #2302, #4029, #4741, #2240 ) ) ;
#191 = ORIENTED_EDGE ( 'NONE', *, *, #3172, .F. ) ;
#192 = CARTESIAN_POINT ( 'NONE',  ( -38.94446206922813047, -12.49999999999999112, 17.54578262260403321 ) ) ;
#193 = AXIS2_PLACEMENT_3D ( 'NONE', #4421, #1205, #3637 ) ;
#194 = CARTESIAN_POINT ( 'NONE',  ( 38.94446206922800968, -9.089763438371790016, 6.021082771796020694 ) ) ;
#195 = ORIENTED_EDGE ( 'NONE', *, *, #4002, .F. ) ;
#196 = CARTESIAN_POINT ( 'NONE',  ( -14.54650875072889882, 8.999999999999991118, -7.787752125290557714 ) ) ;
#197 = VECTOR ( 'NONE', #248, 1000.000000000000000 ) ;
#198 = VECTOR ( 'NONE', #4557, 1000.000000000000000 ) ;
#199 = ORIENTED_EDGE ( 'NONE', *, *, #1813, .T. ) ;
#200 = LINE ( 'NONE', #2606, #4291 ) ;
#201 = PLANE ( 'NONE',  #3917 ) ;
#202 = AXIS2_PLACEMENT_3D ( 'NONE', #3723, #2436, #906 ) ;
#203 = DIRECTION ( 'NONE',  ( 0.4287738299689642374, -0.000000000000000000, 0.9034118677180114076 ) ) ;
#204 = ORIENTED_EDGE ( 'NONE', *, *, #277, .F. ) ;
#205 = EDGE_CURVE ( 'NONE', #4184, #3060, #839, .T. ) ;
#206 = EDGE_CURVE ( 'NONE', #77, #4430, #4365, .T. ) ;
#207 = DIRECTION ( 'NONE',  ( 0.000000000000000000, -1.000000000000000000, 0.000000000000000000 ) ) ;
#208 = VERTEX_POINT ( 'NONE', #2351 ) ;
#209 = DIRECTION ( 'NONE',  ( 0.5064405351448885151, 0.000000000000000000, -0.8622748890940515887 ) ) ;
#210 = DATE_TIME_ROLE ( 'creation_date' ) ;
#211 = VERTEX_POINT ( 'NONE', #4391 ) ;
#212 = VECTOR ( 'NONE', #2326, 1000.000000000000114 ) ;
#213 = CARTESIAN_POINT ( 'NONE',  ( 36.44446206922794573, -13.00000000000001776, 36.44446206922818732 ) ) ;
#214 = AXIS2_PLACEMENT_3D ( 'NONE', #1911, #4308, #1538 ) ;
#215 = AXIS2_PLACEMENT_3D ( 'NONE', #1742, #4945, #1369 ) ;
#216 = VERTEX_POINT ( 'NONE', #2745 ) ;
#217 = EDGE_CURVE ( 'NONE', #2715, #3092, #2196, .T. ) ;
#218 = CARTESIAN_POINT ( 'NONE',  ( -39.94446206922808074, 9.999999999999989342, 43.75000000000000000 ) ) ;
#219 = FACE_OUTER_BOUND ( 'NONE', #334, .T. ) ;
#220 = AXIS2_PLACEMENT_3D ( 'NONE', #2061, #1275, #838 ) ;
#221 = EDGE_CURVE ( 'NONE', #4214, #991, #786, .T. ) ;
#222 = CARTESIAN_POINT ( 'NONE',  ( -39.76909958749388352, -9.999999999999989342, -40.12265297808701092 ) ) ;
#223 = AXIS2_PLACEMENT_3D ( 'NONE', #1309, #1600, #4056 ) ;
#224 = EDGE_LOOP ( 'NONE', ( #2174, #1139, #4969, #3850 ) ) ;
#225 = ORIENTED_EDGE ( 'NONE', *, *, #74, .F. ) ;
#226 = CARTESIAN_POINT ( 'NONE',  ( -2.181702514088717617E-15, 8.729995975160770527, 38.94446206922807363 ) ) ;
#227 = LINE ( 'NONE', #3042, #521 ) ;
#228 = ORIENTED_EDGE ( 'NONE', *, *, #3900, .F. ) ;
#229 = DIRECTION ( 'NONE',  ( 0.000000000000000000, 0.000000000000000000, 1.000000000000000000 ) ) ;
#230 = VECTOR ( 'NONE', #1777, 1000.000000000000000 ) ;
#231 = EDGE_CURVE ( 'NONE', #68, #1040, #3527, .T. ) ;
#232 = VERTEX_POINT ( 'NONE', #814 ) ;
#233 = DIRECTION ( 'NONE',  ( -0.5064405351448945103, 0.000000000000000000, 0.8622748890940480360 ) ) ;
#234 = DIRECTION ( 'NONE',  ( -1.000000000000000000, 0.000000000000000000, 1.737135398614550415E-16 ) ) ;
#235 = CARTESIAN_POINT ( 'NONE',  ( -36.44446206922768994, -13.00000000000001776, -36.44446206922844311 ) ) ;
#236 = DIRECTION ( 'NONE',  ( 0.000000000000000000, 0.000000000000000000, -1.000000000000000000 ) ) ;
#237 = ORIENTED_EDGE ( 'NONE', *, *, #4368, .F. ) ;
#238 = B_SPLINE_CURVE_WITH_KNOTS ( 'NONE', 3,
 ( #2855, #4454, #2833, #2811, #908, #1640, #4894, #2905, #4412, #508, #2100, #853, #4504, #2440, #2517, #3697, #106, #4113 ),
 .UNSPECIFIED., .F., .F.,
 ( 4, 2, 2, 2, 2, 2, 2, 2, 4 ),
 ( 0.06347473781120056835, 0.06797851041896749158, 0.07248228302673440093, 0.08148982824226824739, 0.08374171454615171595, 0.08599360085003517062, 0.09049737345780209385, 0.09500114606556901709, 0.09950491867333594032 ),
 .UNSPECIFIED. ) ;
#239 = EDGE_CURVE ( 'NONE', #2402, #2987, #1128, .T. ) ;
#240 = LINE ( 'NONE', #4993, #737 ) ;
#241 = CARTESIAN_POINT ( 'NONE',  ( 0.000000000000000000, 9.999999999999989342, 0.000000000000000000 ) ) ;
#242 = CALENDAR_DATE ( 2025, 24, 11 ) ;
#243 = VERTEX_POINT ( 'NONE', #2012 ) ;
#244 = LINE ( 'NONE', #3031, #1543 ) ;
#245 = ORIENTED_EDGE ( 'NONE', *, *, #4901, .F. ) ;
#246 = DIRECTION ( 'NONE',  ( 0.000000000000000000, -0.000000000000000000, 1.000000000000000000 ) ) ;
#247 = CARTESIAN_POINT ( 'NONE',  ( 27.93016194981379385, 6.000000000000000000, 28.28371534040698521 ) ) ;
#248 = DIRECTION ( 'NONE',  ( 1.000000000000000000, 0.000000000000000000, -1.539863046750886426E-16 ) ) ;
#249 = ORIENTED_EDGE ( 'NONE', *, *, #221, .F. ) ;
#250 = ORIENTED_EDGE ( 'NONE', *, *, #2070, .F. ) ;
#251 = DIRECTION ( 'NONE',  ( 0.000000000000000000, 0.000000000000000000, -1.000000000000000000 ) ) ;
#252 = CARTESIAN_POINT ( 'NONE',  ( -38.94446206922800258, 9.999999999999989342, -19.93467767831877424 ) ) ;
#253 = ORIENTED_EDGE ( 'NONE', *, *, #1627, .T. ) ;
#254 = CARTESIAN_POINT ( 'NONE',  ( 6.951023680409705975E-15, 8.729995975160770527, -38.94446206922807363 ) ) ;
#255 = EDGE_CURVE ( 'NONE', #4254, #76, #1918, .T. ) ;
#256 = VERTEX_POINT ( 'NONE', #1177 ) ;
#257 = DIRECTION ( 'NONE',  ( 0.000000000000000000, 1.000000000000000000, 0.000000000000000000 ) ) ;
#258 = CARTESIAN_POINT ( 'NONE',  ( 0.000000000000000000, -13.00000000000001776, 0.000000000000000000 ) ) ;
#259 = DIRECTION ( 'NONE',  ( 0.000000000000000000, 0.000000000000000000, -1.000000000000000000 ) ) ;
#260 = CARTESIAN_POINT ( 'NONE',  ( -37.94446206922806653, -9.999999999999989342, 37.94446206922807363 ) ) ;
#261 = ORIENTED_EDGE ( 'NONE', *, *, #3431, .T. ) ;
#262 = DIRECTION ( 'NONE',  ( 0.000000000000000000, 0.000000000000000000, 1.000000000000000000 ) ) ;
#263 = CARTESIAN_POINT ( 'NONE',  ( 0.000000000000000000, 6.000000000000000000, 0.000000000000000000 ) ) ;
#264 =( NAMED_UNIT ( * ) SI_UNIT ( $, .STERADIAN. ) SOLID_ANGLE_UNIT ( ) );
#265 = ORIENTED_EDGE ( 'NONE', *, *, #4591, .F. ) ;
#266 = FACE_OUTER_BOUND ( 'NONE', #2477, .T. ) ;
#267 = EDGE_LOOP ( 'NONE', ( #810, #2019, #1277, #4218 ) ) ;
#268 = DIRECTION ( 'NONE',  ( -3.337495034168044811E-15, 0.000000000000000000, 1.000000000000000000 ) ) ;
#269 = CARTESIAN_POINT ( 'NONE',  ( -29.83962008357948648, 8.999999999999991118, 25.44349473461516453 ) ) ;
#270 = B_SPLINE_CURVE_WITH_KNOTS ( 'NONE', 3,
 ( #4393, #4441, #3662, #816 ),
 .UNSPECIFIED., .F., .F.,
 ( 4, 4 ),
 ( 2.831930221047882861E-07, 0.004956710952548543971 ),
 .UNSPECIFIED. ) ;
#271 = DIRECTION ( 'NONE',  ( 0.4287738299689611288, 0.000000000000000000, 0.9034118677180128509 ) ) ;
#272 = EDGE_CURVE ( 'NONE', #1801, #4358, #2858, .T. ) ;
#273 = CIRCLE ( 'NONE', #4445, 0.9999999999999991118 ) ;
#274 = VERTEX_POINT ( 'NONE', #1574 ) ;
#275 = VERTEX_POINT ( 'NONE', #3604 ) ;
#276 = PLANE ( 'NONE',  #2058 ) ;
#277 = EDGE_CURVE ( 'NONE', #1956, #274, #5099, .T. ) ;
#278 = LINE ( 'NONE', #3811, #1113 ) ;
#279 = ORIENTED_EDGE ( 'NONE', *, *, #3080, .T. ) ;
#280 = CC_DESIGN_PERSON_AND_ORGANIZATION_ASSIGNMENT ( #3028, #1815, ( #2956 ) ) ;
#281 = FACE_OUTER_BOUND ( 'NONE', #4224, .T. ) ;
#282 = B_SPLINE_CURVE_WITH_KNOTS ( 'NONE', 3,
 ( #226, #5031, #1828, #2211, #5005, #2290, #3041, #3521, #4671, #4695 ),
 .UNSPECIFIED., .F., .F.,
 ( 4, 2, 2, 2, 4 ),
 ( 0.07851707559656040392, 0.08076473406406561861, 0.08301239253157081943, 0.08750770946658124883, 0.09649834333660209373 ),
 .UNSPECIFIED. ) ;
#283 = VECTOR ( 'NONE', #4202, 1000.000000000000227 ) ;
#284 = VERTEX_POINT ( 'NONE', #2378 ) ;
#285 = DIRECTION ( 'NONE',  ( 0.000000000000000000, 0.000000000000000000, -1.000000000000000000 ) ) ;
#286 = FACE_OUTER_BOUND ( 'NONE', #912, .T. ) ;
#287 = ORIENTED_EDGE ( 'NONE', *, *, #1425, .T. ) ;
#288 = CARTESIAN_POINT ( 'NONE',  ( -8.179307405794032704, 8.999999999999991118, 16.28914078729088999 ) ) ;
#289 = EDGE_CURVE ( 'NONE', #105, #3895, #742, .T. ) ;
#290 = ADVANCED_FACE ( 'NONE', ( #4776 ), #1993, .F. ) ;
#291 = CARTESIAN_POINT ( 'NONE',  ( -40.12265297808716724, -9.999999999999989342, 39.76909958749376273 ) ) ;
#292 = EDGE_CURVE ( 'NONE', #4999, #4575, #4618, .T. ) ;
#293 = CIRCLE ( 'NONE', #1960, 43.75000000000000000 ) ;
#294 = AXIS2_PLACEMENT_3D ( 'NONE', #3401, #1055, #4935 ) ;
#295 = AXIS2_PLACEMENT_3D ( 'NONE', #3572, #1216, #3169 ) ;
#296 = AXIS2_PLACEMENT_3D ( 'NONE', #2199, #4107, #132 ) ;
#297 = CARTESIAN_POINT ( 'NONE',  ( -38.94446206922799547, -13.00000000000001776, -23.65942147863210110 ) ) ;
#298 = DIRECTION ( 'NONE',  ( 0.5064405351448856285, 0.000000000000000000, -0.8622748890940533650 ) ) ;
#299 = COORDINATED_UNIVERSAL_TIME_OFFSET ( 5, 0, .AHEAD. ) ;
#300 = ORIENTED_EDGE ( 'NONE', *, *, #2027, .T. ) ;
#301 = DIRECTION ( 'NONE',  ( 1.032045771185431231E-14, 0.000000000000000000, -1.000000000000000000 ) ) ;
#302 = VECTOR ( 'NONE', #3653, 1000.000000000000000 ) ;
#303 = ORIENTED_EDGE ( 'NONE', *, *, #1757, .T. ) ;
#304 = CARTESIAN_POINT ( 'NONE',  ( 39.94446206922795994, 9.999999999999989342, 37.94446206922820153 ) ) ;
#305 = CARTESIAN_POINT ( 'NONE',  ( -30.75863990121944269, -9.999999999999989342, -31.11219329181263049 ) ) ;
#306 = CARTESIAN_POINT ( 'NONE',  ( 12.08814175137815461, -6.826486521030461496, 38.94446206922807363 ) ) ;
#307 = VECTOR ( 'NONE', #1662, 1000.000000000000000 ) ;
#308 = ORIENTED_EDGE ( 'NONE', *, *, #5167, .T. ) ;
#309 = ORIENTED_EDGE ( 'NONE', *, *, #3089, .T. ) ;
#310 = CARTESIAN_POINT ( 'NONE',  ( 0.000000000000000000, 0.000000000000000000, 0.000000000000000000 ) ) ;
#311 = DIRECTION ( 'NONE',  ( 0.7071067811865486830, -0.000000000000000000, -0.7071067811865463515 ) ) ;
#312 = ORIENTED_EDGE ( 'NONE', *, *, #1009, .T. ) ;
#313 = CARTESIAN_POINT ( 'NONE',  ( 16.03156396492904889, -8.355473816029785894, -38.94446206922808074 ) ) ;
#314 = VECTOR ( 'NONE', #4522, 1000.000000000000000 ) ;
#315 = VECTOR ( 'NONE', #4831, 1000.000000000000000 ) ;
#316 = ORIENTED_EDGE ( 'NONE', *, *, #3104, .F. ) ;
#317 = CARTESIAN_POINT ( 'NONE',  ( 39.94446206922827969, -13.00000000000001776, -19.29537254914599487 ) ) ;
#318 = CARTESIAN_POINT ( 'NONE',  ( 29.81581469192568790, 8.666665571327994755, -30.16936808251886504 ) ) ;
#319 = VECTOR ( 'NONE', #2353, 1000.000000000000114 ) ;
#320 = DIRECTION ( 'NONE',  ( -0.000000000000000000, -1.000000000000000000, -0.000000000000000000 ) ) ;
#321 = CARTESIAN_POINT ( 'NONE',  ( 0.000000000000000000, 9.999999999999989342, 0.000000000000000000 ) ) ;
#322 = EDGE_CURVE ( 'NONE', #4862, #1011, #1596, .T. ) ;
#323 = DIRECTION ( 'NONE',  ( 0.000000000000000000, 0.000000000000000000, -1.000000000000000000 ) ) ;
#324 = DIRECTION ( 'NONE',  ( -0.000000000000000000, -1.000000000000000000, -0.000000000000000000 ) ) ;
#325 = VERTEX_POINT ( 'NONE', #2790 ) ;
#326 = CARTESIAN_POINT ( 'NONE',  ( -18.97031980920133520, 9.560590553430682093, -38.94446206922806653 ) ) ;
#327 = ORIENTED_EDGE ( 'NONE', *, *, #5068, .F. ) ;
#328 = CARTESIAN_POINT ( 'NONE',  ( -12.44929178589171137, 12.49999999999999112, -12.29898914666278742 ) ) ;
#329 = CARTESIAN_POINT ( 'NONE',  ( -34.11790219225099463, 9.999999999999989342, -34.47145558284414335 ) ) ;
#330 = DIRECTION ( 'NONE',  ( 0.4287738299689642374, -0.000000000000000000, 0.9034118677180114076 ) ) ;
#331 = VERTEX_POINT ( 'NONE', #1276 ) ;
#332 = CARTESIAN_POINT ( 'NONE',  ( 7.506423538060204237, -9.421302807121643141, 38.94446206922807363 ) ) ;
#333 = CARTESIAN_POINT ( 'NONE',  ( 36.44446206922794573, 9.999999999999987566, 36.44446206922818732 ) ) ;
#334 = EDGE_LOOP ( 'NONE', ( #3755, #3097, #613, #4761 ) ) ;
#335 = CARTESIAN_POINT ( 'NONE',  ( 17.99735995162498625, -9.142480079136401372, -38.94446206922808784 ) ) ;
#336 = ADVANCED_FACE ( 'NONE', ( #117 ), #3630, .T. ) ;
#337 = ORIENTED_EDGE ( 'NONE', *, *, #2773, .T. ) ;
#338 = CARTESIAN_POINT ( 'NONE',  ( 15.45732668297621970, 8.999999999999991118, 8.204940695443900367 ) ) ;
#339 = DIRECTION ( 'NONE',  ( 0.7071067811865474617, 0.000000000000000000, -0.7071067811865474617 ) ) ;
#340 = DIRECTION ( 'NONE',  ( 0.000000000000000000, 1.000000000000000000, 0.000000000000000000 ) ) ;
#341 = DIRECTION ( 'NONE',  ( 0.000000000000000000, 0.000000000000000000, 1.000000000000000000 ) ) ;
#342 = ORIENTED_EDGE ( 'NONE', *, *, #74, .T. ) ;
#343 = EDGE_CURVE ( 'NONE', #3685, #3323, #862, .T. ) ;
#344 = DIRECTION ( 'NONE',  ( 0.5215912789750337675, 0.000000000000000000, -0.8531954862147295149 ) ) ;
#345 = DIRECTION ( 'NONE',  ( 0.000000000000000000, 0.000000000000000000, -1.000000000000000000 ) ) ;
#346 = EDGE_CURVE ( 'NONE', #2715, #2020, #380, .T. ) ;
#347 = ORIENTED_EDGE ( 'NONE', *, *, #1887, .F. ) ;
#348 = ORIENTED_EDGE ( 'NONE', *, *, #2813, .T. ) ;
#349 = DIRECTION ( 'NONE',  ( 0.000000000000000000, 0.000000000000000000, -1.000000000000000000 ) ) ;
#350 = CARTESIAN_POINT ( 'NONE',  ( 13.03985983783666036, 8.999999999999991118, -10.10999779473638149 ) ) ;
#351 = ADVANCED_FACE ( 'NONE', ( #2888 ), #4050, .F. ) ;
#352 = CARTESIAN_POINT ( 'NONE',  ( 39.76909958749388352, 9.999999999999989342, 40.12265297808701092 ) ) ;
#353 = EDGE_CURVE ( 'NONE', #76, #1178, #359, .T. ) ;
#354 = ORIENTED_EDGE ( 'NONE', *, *, #2223, .F. ) ;
#355 = PLANE ( 'NONE',  #892 ) ;
#356 = DIRECTION ( 'NONE',  ( 0.000000000000000000, 0.000000000000000000, 1.000000000000000000 ) ) ;
#357 = ORIENTED_EDGE ( 'NONE', *, *, #5111, .T. ) ;
#358 = CARTESIAN_POINT ( 'NONE',  ( -38.94446206922799547, -13.00000000000001776, -23.65942147863210110 ) ) ;
#359 = CIRCLE ( 'NONE', #4364, 39.75000000000000000 ) ;
#360 = ORIENTED_EDGE ( 'NONE', *, *, #506, .F. ) ;
#361 = ORIENTED_EDGE ( 'NONE', *, *, #2125, .T. ) ;
#362 = CARTESIAN_POINT ( 'NONE',  ( 0.000000000000000000, -12.49999999999999112, 42.71446609406726935 ) ) ;
#363 = AXIS2_PLACEMENT_3D ( 'NONE', #1618, #3200, #2425 ) ;
#364 = CARTESIAN_POINT ( 'NONE',  ( 38.94446206922815890, 6.000000000000000000, -7.961870015169147941 ) ) ;
#365 = DIRECTION ( 'NONE',  ( 1.032045771185431231E-14, 0.000000000000000000, -1.000000000000000000 ) ) ;
#366 = CARTESIAN_POINT ( 'NONE',  ( 38.94446206922783205, -13.00000000000001776, 23.65942147863237821 ) ) ;
#367 = ORIENTED_EDGE ( 'NONE', *, *, #4783, .F. ) ;
#368 = AXIS2_PLACEMENT_3D ( 'NONE', #3712, #3741, #172 ) ;
#369 = CYLINDRICAL_SURFACE ( 'NONE', #2808, 37.25000000000000000 ) ;
#370 = EDGE_CURVE ( 'NONE', #681, #211, #1673, .T. ) ;
#371 = VECTOR ( 'NONE', #2250, 1000.000000000000114 ) ;
#372 = VECTOR ( 'NONE', #3249, 1000.000000000000000 ) ;
#373 = DIRECTION ( 'NONE',  ( 1.000000000000000000, 0.000000000000000000, 1.040834085586083310E-14 ) ) ;
#374 = ORIENTED_EDGE ( 'NONE', *, *, #4901, .T. ) ;
#375 = VECTOR ( 'NONE', #3753, 1000.000000000000000 ) ;
#376 = VECTOR ( 'NONE', #1025, 1000.000000000000227 ) ;
#377 = VERTEX_POINT ( 'NONE', #3684 ) ;
#378 = DIRECTION ( 'NONE',  ( 0.000000000000000000, 1.000000000000000000, 0.000000000000000000 ) ) ;
#379 = CARTESIAN_POINT ( 'NONE',  ( 0.000000000000000000, -6.000000000000000000, 0.000000000000000000 ) ) ;
#380 = B_SPLINE_CURVE_WITH_KNOTS ( 'NONE', 3,
 ( #3283, #936, #4510, #2087, #859, #1300, #1748, #2863 ),
 .UNSPECIFIED., .F., .F.,
 ( 4, 2, 2, 4 ),
 ( 0.06347473781120055447, 0.06798182529940034746, 0.07248891278760014045, 0.08150308776399974031 ),
 .UNSPECIFIED. ) ;
#381 = DIRECTION ( 'NONE',  ( 1.000000000000000000, 0.000000000000000000, 3.491481338843133355E-15 ) ) ;
#382 = EDGE_CURVE ( 'NONE', #925, #4247, #3443, .T. ) ;
#383 = EDGE_LOOP ( 'NONE', ( #1816, #1665, #3241, #3253 ) ) ;
#384 = DIRECTION ( 'NONE',  ( -0.000000000000000000, -1.000000000000000000, -0.000000000000000000 ) ) ;
#385 = EDGE_CURVE ( 'NONE', #4739, #4838, #2934, .T. ) ;
#386 = ADVANCED_FACE ( 'NONE', ( #3707 ), #1695, .T. ) ;
#387 = PLANE ( 'NONE',  #1118 ) ;
#388 = LINE ( 'NONE', #1641, #302 ) ;
#389 = CIRCLE ( 'NONE', #807, 1.000000000000000888 ) ;
#390 = AXIS2_PLACEMENT_3D ( 'NONE', #3629, #2789, #4753 ) ;
#391 = EDGE_LOOP ( 'NONE', ( #2942, #2244, #1940, #628, #4073, #933 ) ) ;
#392 = ORIENTED_EDGE ( 'NONE', *, *, #2076, .T. ) ;
#393 = DIRECTION ( 'NONE',  ( -0.000000000000000000, 1.000000000000000000, -0.000000000000000000 ) ) ;
#394 = CARTESIAN_POINT ( 'NONE',  ( 38.94446206922825127, 9.142480079136404925, -17.99735995162459545 ) ) ;
#395 = ORIENTED_EDGE ( 'NONE', *, *, #419, .F. ) ;
#396 = DIRECTION ( 'NONE',  ( 0.000000000000000000, 1.000000000000000000, 0.000000000000000000 ) ) ;
#397 = AXIS2_PLACEMENT_3D ( 'NONE', #4354, #4410, #1587 ) ;
#398 = VECTOR ( 'NONE', #1653, 1000.000000000000000 ) ;
#399 = DIRECTION ( 'NONE',  ( -0.000000000000000000, -1.000000000000000000, -0.000000000000000000 ) ) ;
#400 = DIRECTION ( 'NONE',  ( 0.9034118677180114076, 0.000000000000000000, -0.4287738299689642374 ) ) ;
#401 = ORIENTED_EDGE ( 'NONE', *, *, #121, .T. ) ;
#402 = AXIS2_PLACEMENT_3D ( 'NONE', #2503, #3739, #516 ) ;
#403 = EDGE_CURVE ( 'NONE', #3534, #3413, #914, .T. ) ;
#404 = VERTEX_POINT ( 'NONE', #4537 ) ;
#405 = CARTESIAN_POINT ( 'NONE',  ( 0.000000000000000000, -6.000000000000000000, 0.000000000000000000 ) ) ;
#406 = DIRECTION ( 'NONE',  ( 0.000000000000000000, 0.000000000000000000, 1.000000000000000000 ) ) ;
#407 = CARTESIAN_POINT ( 'NONE',  ( -30.75863990121966296, -9.999999999999989342, 31.11219329181241022 ) ) ;
#408 = ORIENTED_EDGE ( 'NONE', *, *, #433, .T. ) ;
#409 = CARTESIAN_POINT ( 'NONE',  ( 4.896411372381327286E-15, -7.035533905932742194, 37.25000000000000000 ) ) ;
#410 = CARTESIAN_POINT ( 'NONE',  ( -7.961870015169555614, 0.000000000000000000, -38.94446206922807363 ) ) ;
#411 = CARTESIAN_POINT ( 'NONE',  ( -38.94446206922803100, -9.142480079136403148, -17.99735995162513547 ) ) ;
#412 = EDGE_CURVE ( 'NONE', #2379, #1685, #2035, .T. ) ;
#413 = ORIENTED_EDGE ( 'NONE', *, *, #926, .T. ) ;
#414 = VERTEX_POINT ( 'NONE', #1327 ) ;
#415 = DIRECTION ( 'NONE',  ( 1.000000000000000000, 0.000000000000000000, -1.737135398614549922E-16 ) ) ;
#416 = CARTESIAN_POINT ( 'NONE',  ( 27.93016194981380096, 6.000000000000000000, -28.28371534040698165 ) ) ;
#417 = VERTEX_POINT ( 'NONE', #43 ) ;
#418 = CARTESIAN_POINT ( 'NONE',  ( -17.54578262260413268, 12.49999999999999112, 38.94446206922808074 ) ) ;
#419 = EDGE_CURVE ( 'NONE', #3497, #4229, #781, .T. ) ;
#420 = DIRECTION ( 'NONE',  ( 0.000000000000000000, 0.000000000000000000, 1.000000000000000000 ) ) ;
#421 = UNCERTAINTY_MEASURE_WITH_UNIT (LENGTH_MEASURE( 1.000000000000000082E-05 ), #3721, 'distance_accuracy_value', 'NONE');
#422 = CARTESIAN_POINT ( 'NONE',  ( -23.65942147863196610, 9.999999999999989342, 38.94446206922808784 ) ) ;
#423 = ORIENTED_EDGE ( 'NONE', *, *, #2761, .F. ) ;
#424 = ORIENTED_EDGE ( 'NONE', *, *, #61, .T. ) ;
#425 = CARTESIAN_POINT ( 'NONE',  ( 10.21798158271917245, 8.999999999999991118, -14.20714089376225964 ) ) ;
#426 = DIRECTION ( 'NONE',  ( -1.000000000000000000, 0.000000000000000000, -3.469446951953611033E-15 ) ) ;
#427 = ORIENTED_EDGE ( 'NONE', *, *, #1280, .T. ) ;
#428 = CARTESIAN_POINT ( 'NONE',  ( -27.93016194981379385, 1.226634733346735302E-16, -28.28371534040698521 ) ) ;
#429 = ORIENTED_EDGE ( 'NONE', *, *, #1009, .F. ) ;
#430 = LINE ( 'NONE', #1983, #4891 ) ;
#431 = CARTESIAN_POINT ( 'NONE',  ( -34.11790219225099463, 9.999999999999989342, -34.47145558284414335 ) ) ;
#432 = LINE ( 'NONE', #4455, #4727 ) ;
#433 = EDGE_CURVE ( 'NONE', #3060, #4003, #93, .T. ) ;
#434 = ORIENTED_EDGE ( 'NONE', *, *, #3145, .F. ) ;
#435 = EDGE_CURVE ( 'NONE', #4164, #787, #3660, .T. ) ;
#436 = EDGE_LOOP ( 'NONE', ( #1175, #3657, #3492, #3602 ) ) ;
#437 = CARTESIAN_POINT ( 'NONE',  ( 0.000000000000000000, -13.00000000000001776, 0.000000000000000000 ) ) ;
#438 = CARTESIAN_POINT ( 'NONE',  ( 14.72563434312152175, 11.41580359353348229, 38.94446206922806653 ) ) ;
#439 = ORIENTED_EDGE ( 'NONE', *, *, #2516, .T. ) ;
#440 = CARTESIAN_POINT ( 'NONE',  ( 0.000000000000000000, 12.49999999999999112, 0.000000000000000000 ) ) ;
#441 = CIRCLE ( 'NONE', #1279, 0.9999999999999991118 ) ;
#442 = ADVANCED_FACE ( 'NONE', ( #2990 ), #4256, .F. ) ;
#443 = EDGE_CURVE ( 'NONE', #2258, #2160, #4190, .T. ) ;
#444 = CARTESIAN_POINT ( 'NONE',  ( 0.000000000000000000, 6.000000000000000000, 0.000000000000000000 ) ) ;
#445 = EDGE_CURVE ( 'NONE', #1891, #3437, #3851, .T. ) ;
#446 = LINE ( 'NONE', #3985, #4297 ) ;
#447 = ORIENTED_EDGE ( 'NONE', *, *, #2947, .T. ) ;
#448 = VECTOR ( 'NONE', #2970, 1000.000000000000000 ) ;
#449 = AXIS2_PLACEMENT_3D ( 'NONE', #4104, #203, #4991 ) ;
#450 = ORIENTED_EDGE ( 'NONE', *, *, #2772, .T. ) ;
#451 = CARTESIAN_POINT ( 'NONE',  ( -29.22654217665594345, -7.333332127768783515, 28.87298878606215524 ) ) ;
#452 = DIRECTION ( 'NONE',  ( -0.000000000000000000, -1.000000000000000000, -0.000000000000000000 ) ) ;
#453 = CARTESIAN_POINT ( 'NONE',  ( 0.000000000000000000, 6.000000000000000000, 0.000000000000000000 ) ) ;
#454 = CIRCLE ( 'NONE', #4303, 2.000000000000001776 ) ;
#455 = AXIS2_PLACEMENT_3D ( 'NONE', #824, #4816, #4476 ) ;
#456 = VERTEX_POINT ( 'NONE', #4228 ) ;
#457 = DIRECTION ( 'NONE',  ( 0.000000000000000000, 0.000000000000000000, -1.000000000000000000 ) ) ;
#458 = VECTOR ( 'NONE', #2544, 1000.000000000000000 ) ;
#459 = LINE ( 'NONE', #930, #1356 ) ;
#460 = LINE ( 'NONE', #1223, #3212 ) ;
#461 = CARTESIAN_POINT ( 'NONE',  ( 15.45732668297621970, 8.999999999999991118, 8.204940695443900367 ) ) ;
#462 = ORIENTED_EDGE ( 'NONE', *, *, #2293, .T. ) ;
#463 = EDGE_CURVE ( 'NONE', #2176, #1387, #4905, .T. ) ;
#464 = ORIENTED_EDGE ( 'NONE', *, *, #2813, .F. ) ;
#465 = CARTESIAN_POINT ( 'NONE',  ( 0.000000000000000000, -9.999999999999989342, 0.000000000000000000 ) ) ;
#466 = CARTESIAN_POINT ( 'NONE',  ( 0.000000000000000000, 0.000000000000000000, 0.000000000000000000 ) ) ;
#467 = ORIENTED_EDGE ( 'NONE', *, *, #435, .F. ) ;
#468 = DIRECTION ( 'NONE',  ( -0.000000000000000000, -1.000000000000000000, -0.000000000000000000 ) ) ;
#469 = AXIS2_PLACEMENT_3D ( 'NONE', #2759, #1269, #1569 ) ;
#470 = VECTOR ( 'NONE', #2624, 999.9999999999998863 ) ;
#471 = VECTOR ( 'NONE', #4644, 1000.000000000000000 ) ;
#472 = DIRECTION ( 'NONE',  ( 0.000000000000000000, 1.000000000000000000, 0.000000000000000000 ) ) ;
#473 = CARTESIAN_POINT ( 'NONE',  ( -38.94446206922813047, -8.234152938990781934, 16.05922956895791387 ) ) ;
#474 = VERTEX_POINT ( 'NONE', #2184 ) ;
#475 = AXIS2_PLACEMENT_3D ( 'NONE', #3544, #1169, #457 ) ;
#476 = EDGE_CURVE ( 'NONE', #3323, #2020, #1881, .T. ) ;
#477 = ORIENTED_EDGE ( 'NONE', *, *, #3667, .T. ) ;
#478 = CARTESIAN_POINT ( 'NONE',  ( -12.97088306486674547, 12.49999999999999112, -11.44579366044805901 ) ) ;
#479 = CARTESIAN_POINT ( 'NONE',  ( 39.94446206922806653, -12.49999999999999112, -39.94446206922807363 ) ) ;
#480 = CIRCLE ( 'NONE', #4406, 39.75000000000000000 ) ;
#481 = VERTEX_POINT ( 'NONE', #3071 ) ;
#482 = DIRECTION ( 'NONE',  ( -0.7071067811865474617, 0.000000000000000000, 0.7071067811865474617 ) ) ;
#483 = B_SPLINE_CURVE_WITH_KNOTS ( 'NONE', 3,
 ( #3752, #2496, #161, #1765 ),
 .UNSPECIFIED., .F., .F.,
 ( 4, 4 ),
 ( 1.664805208478267384E-06, 0.01260111367849634130 ),
 .UNSPECIFIED. ) ;
#484 = ORIENTED_EDGE ( 'NONE', *, *, #476, .F. ) ;
#485 = CARTESIAN_POINT ( 'NONE',  ( 19.93467767831862147, 9.999999999999989342, -38.94446206922808074 ) ) ;
#486 = LINE ( 'NONE', #2081, #2437 ) ;
#487 = CARTESIAN_POINT ( 'NONE',  ( 0.000000000000000000, 12.49999999999999112, 42.71446609406726935 ) ) ;
#488 = DIRECTION ( 'NONE',  ( -1.539863046750886426E-16, 0.000000000000000000, -1.000000000000000000 ) ) ;
#489 = ORIENTED_EDGE ( 'NONE', *, *, #4248, .T. ) ;
#490 = ORIENTED_EDGE ( 'NONE', *, *, #2091, .T. ) ;
#491 = DIRECTION ( 'NONE',  ( 0.000000000000000000, 1.000000000000000000, 0.000000000000000000 ) ) ;
#492 = DIRECTION ( 'NONE',  ( 0.000000000000000000, 0.000000000000000000, -1.000000000000000000 ) ) ;
#493 = ORIENTED_EDGE ( 'NONE', *, *, #3162, .T. ) ;
#494 = CARTESIAN_POINT ( 'NONE',  ( 39.94446206922806653, -12.49999999999999112, -39.94446206922807363 ) ) ;
#495 = CARTESIAN_POINT ( 'NONE',  ( -38.94446206922813758, 8.355473816029789447, 16.03156396492893521 ) ) ;
#496 = DIRECTION ( 'NONE',  ( 0.000000000000000000, 0.000000000000000000, -1.000000000000000000 ) ) ;
#497 = ORIENTED_EDGE ( 'NONE', *, *, #1280, .F. ) ;
#498 = EDGE_CURVE ( 'NONE', #4449, #3034, #596, .T. ) ;
#499 = EDGE_CURVE ( 'NONE', #2084, #4137, #227, .T. ) ;
#500 = DIRECTION ( 'NONE',  ( 0.8531954862147294039, -0.000000000000000000, 0.5215912789750336565 ) ) ;
#501 = CARTESIAN_POINT ( 'NONE',  ( -34.78901994710675893, 12.49999999999999112, -24.78406150777209049 ) ) ;
#502 = DIRECTION ( 'NONE',  ( 0.7071067811865463515, 0.000000000000000000, -0.7071067811865487940 ) ) ;
#503 = VERTEX_POINT ( 'NONE', #4195 ) ;
#504 = CARTESIAN_POINT ( 'NONE',  ( -39.94446206922800258, -13.00000000000001776, -21.95680324558058061 ) ) ;
#505 = VERTEX_POINT ( 'NONE', #2243 ) ;
#506 = EDGE_CURVE ( 'NONE', #641, #1745, #2110, .T. ) ;
#507 = EDGE_CURVE ( 'NONE', #1251, #3060, #5028, .T. ) ;
#508 = CARTESIAN_POINT ( 'NONE',  ( -38.94446206922807363, -8.840002612228605727, 3.025274801711709927 ) ) ;
#509 = CARTESIAN_POINT ( 'NONE',  ( 39.94446206922794573, -12.49999999999999112, 37.94446206922820153 ) ) ;
#510 = DIRECTION ( 'NONE',  ( 1.000000000000000000, 0.000000000000000000, -1.737135398614550415E-16 ) ) ;
#511 = ORIENTED_EDGE ( 'NONE', *, *, #2516, .F. ) ;
#512 = ORIENTED_EDGE ( 'NONE', *, *, #1751, .T. ) ;
#513 = CARTESIAN_POINT ( 'NONE',  ( -39.94446206922808074, -9.999999999999989342, 43.75000000000000000 ) ) ;
#514 = DIRECTION ( 'NONE',  ( -3.337495034168044811E-15, 0.000000000000000000, 1.000000000000000000 ) ) ;
#515 = ORIENTED_EDGE ( 'NONE', *, *, #346, .T. ) ;
#516 = DIRECTION ( 'NONE',  ( 0.000000000000000000, 0.000000000000000000, 1.000000000000000000 ) ) ;
#517 = DIRECTION ( 'NONE',  ( 0.000000000000000000, 0.000000000000000000, 1.000000000000000000 ) ) ;
#518 = DIRECTION ( 'NONE',  ( -3.469446951953605314E-16, 1.000000000000000000, -3.469446951953629966E-16 ) ) ;
#519 = CARTESIAN_POINT ( 'NONE',  ( -35.41347045564940998, 12.49999999999999112, 23.88329382618881525 ) ) ;
#520 = VERTEX_POINT ( 'NONE', #2631 ) ;
#521 = VECTOR ( 'NONE', #4615, 1000.000000000000000 ) ;
#522 = EDGE_CURVE ( 'NONE', #1603, #963, #278, .T. ) ;
#523 = CARTESIAN_POINT ( 'NONE',  ( -39.76909958749388352, 9.999999999999989342, -40.12265297808701092 ) ) ;
#524 = VECTOR ( 'NONE', #1735, 1000.000000000000000 ) ;
#525 = LINE ( 'NONE', #2120, #3885 ) ;
#526 = CARTESIAN_POINT ( 'NONE',  ( -39.94446206922808074, 12.49999999999999112, -39.94446206922805942 ) ) ;
#527 = ORIENTED_EDGE ( 'NONE', *, *, #2004, .T. ) ;
#528 = DIRECTION ( 'NONE',  ( 0.000000000000000000, 0.000000000000000000, -1.000000000000000000 ) ) ;
#529 = AXIS2_PLACEMENT_3D ( 'NONE', #4513, #2145, #4989 ) ;
#530 = ORIENTED_EDGE ( 'NONE', *, *, #3826, .T. ) ;
#531 = DIRECTION ( 'NONE',  ( 0.000000000000000000, 1.000000000000000000, 0.000000000000000000 ) ) ;
#532 = CARTESIAN_POINT ( 'NONE',  ( 13.03985983783666036, 8.999999999999991118, -10.10999779473638149 ) ) ;
#533 = CARTESIAN_POINT ( 'NONE',  ( -38.94446206922815179, -13.00000000000001776, 21.40233851715652236 ) ) ;
#534 = CIRCLE ( 'NONE', #1704, 42.71446609406726935 ) ;
#535 = VECTOR ( 'NONE', #4165, 1000.000000000000000 ) ;
#536 = EDGE_CURVE ( 'NONE', #2461, #921, #538, .T. ) ;
#537 = ORIENTED_EDGE ( 'NONE', *, *, #3757, .F. ) ;
#538 = B_SPLINE_CURVE_WITH_KNOTS ( 'NONE', 3,
 ( #252, #1853, #3436, #1770 ),
 .UNSPECIFIED., .F., .F.,
 ( 4, 4 ),
 ( 1.664805208463516517E-06, 0.01260111367849633783 ),
 .UNSPECIFIED. ) ;
#539 = EDGE_CURVE ( 'NONE', #331, #4333, #5032, .T. ) ;
#540 = AXIS2_PLACEMENT_3D ( 'NONE', #1793, #3836, #2679 ) ;
#541 = ADVANCED_FACE ( 'NONE', ( #167 ), #3357, .T. ) ;
#542 = CIRCLE ( 'NONE', #3204, 37.25000000000000000 ) ;
#543 = ORIENTED_EDGE ( 'NONE', *, *, #3181, .F. ) ;
#544 = CARTESIAN_POINT ( 'NONE',  ( 36.44446206922794573, -9.999999999999989342, 36.44446206922818732 ) ) ;
#545 = DIRECTION ( 'NONE',  ( 0.000000000000000000, 0.000000000000000000, -1.000000000000000000 ) ) ;
#546 = ORIENTED_EDGE ( 'NONE', *, *, #4912, .F. ) ;
#547 = DIRECTION ( 'NONE',  ( 0.000000000000000000, 0.000000000000000000, -1.000000000000000000 ) ) ;
#548 = CYLINDRICAL_SURFACE ( 'NONE', #790, 16.50000000000000000 ) ;
#549 = CARTESIAN_POINT ( 'NONE',  ( 4.898587196589412829E-16, -13.00000000000001776, -4.000000000000000000 ) ) ;
#550 = ADVANCED_BREP_SHAPE_REPRESENTATION ( 'housing_Default_sldprt', ( #1654, #3223 ), #1903 ) ;
#551 = CARTESIAN_POINT ( 'NONE',  ( 36.44446206922806653, -9.999999999999989342, -36.44446206922807363 ) ) ;
#552 = ORIENTED_EDGE ( 'NONE', *, *, #2293, .F. ) ;
#553 = VECTOR ( 'NONE', #847, 1000.000000000000000 ) ;
#554 = CIRCLE ( 'NONE', #1727, 42.71446609406726935 ) ;
#555 = AXIS2_PLACEMENT_3D ( 'NONE', #4477, #4085, #2901 ) ;
#556 = CARTESIAN_POINT ( 'NONE',  ( 38.94446206922827969, -9.999999999999989342, -19.93467767831824489 ) ) ;
#557 = CARTESIAN_POINT ( 'NONE',  ( -38.44446206922768994, -9.999999999999989342, -36.44446206922846443 ) ) ;
#558 = EDGE_LOOP ( 'NONE', ( #4196, #3268, #5106, #1026 ) ) ;
#559 = DIRECTION ( 'NONE',  ( 0.000000000000000000, 1.000000000000000000, 0.000000000000000000 ) ) ;
#560 = EDGE_CURVE ( 'NONE', #1274, #848, #2363, .T. ) ;
#561 = AXIS2_PLACEMENT_3D ( 'NONE', #235, #3713, #2167 ) ;
#562 = ORIENTED_EDGE ( 'NONE', *, *, #2015, .T. ) ;
#563 = LINE ( 'NONE', #186, #535 ) ;
#564 = DIRECTION ( 'NONE',  ( 1.000000000000000000, 0.000000000000000000, 0.000000000000000000 ) ) ;
#565 = DIRECTION ( 'NONE',  ( 1.000000000000000000, 0.000000000000000000, 1.040834085586083310E-14 ) ) ;
#566 = EDGE_CURVE ( 'NONE', #95, #1087, #779, .T. ) ;
#567 = ORIENTED_EDGE ( 'NONE', *, *, #993, .T. ) ;
#568 = ORIENTED_EDGE ( 'NONE', *, *, #2940, .T. ) ;
#569 = CARTESIAN_POINT ( 'NONE',  ( -38.94446206922813758, 11.93989434972489150, 16.14788069074046817 ) ) ;
#570 = ADVANCED_FACE ( 'NONE', ( #4336 ), #387, .T. ) ;
#571 = DIRECTION ( 'NONE',  ( -0.000000000000000000, -1.000000000000000000, -0.000000000000000000 ) ) ;
#572 = ORIENTED_EDGE ( 'NONE', *, *, #4929, .F. ) ;
#573 = CC_DESIGN_DATE_AND_TIME_ASSIGNMENT ( #3059, #210, ( #2040 ) ) ;
#574 = CARTESIAN_POINT ( 'NONE',  ( 38.94446206922783205, -12.49999999999999112, 23.65942147863237821 ) ) ;
#575 = ORIENTED_EDGE ( 'NONE', *, *, #5103, .T. ) ;
#576 = DIRECTION ( 'NONE',  ( 1.000000000000000000, 0.000000000000000000, 1.040834085586083310E-14 ) ) ;
#577 = DIRECTION ( 'NONE',  ( 1.000000000000000000, 0.000000000000000000, -1.539863046750886426E-16 ) ) ;
#578 = LINE ( 'NONE', #3792, #2117 ) ;
#579 = VERTEX_POINT ( 'NONE', #805 ) ;
#580 = EDGE_CURVE ( 'NONE', #1399, #256, #273, .T. ) ;
#581 = LINE ( 'NONE', #1416, #2146 ) ;
#582 = VERTEX_POINT ( 'NONE', #3947 ) ;
#583 = CARTESIAN_POINT ( 'NONE',  ( 0.000000000000000000, -6.000000000000000000, 0.000000000000000000 ) ) ;
#584 = LINE ( 'NONE', #4968, #3390 ) ;
#585 = ORIENTED_EDGE ( 'NONE', *, *, #5135, .T. ) ;
#586 = LINE ( 'NONE', #2538, #1875 ) ;
#587 = EDGE_LOOP ( 'NONE', ( #2809, #4206, #1319, #1421 ) ) ;
#588 = DIRECTION ( 'NONE',  ( -0.7071067811865463515, -4.906538933386801186E-16, -0.7071067811865486830 ) ) ;
#589 = DIRECTION ( 'NONE',  ( 0.000000000000000000, 1.000000000000000000, 0.000000000000000000 ) ) ;
#590 = B_SPLINE_CURVE_WITH_KNOTS ( 'NONE', 3,
 ( #34, #1639, #1391, #2945 ),
 .UNSPECIFIED., .F., .F.,
 ( 4, 4 ),
 ( 2.828455095715283171E-07, 0.005657187921889734843 ),
 .UNSPECIFIED. ) ;
#591 = CARTESIAN_POINT ( 'NONE',  ( 37.94446206922793863, 9.999999999999987566, 37.94446206922819442 ) ) ;
#592 = VERTEX_POINT ( 'NONE', #4770 ) ;
#593 = EDGE_LOOP ( 'NONE', ( #2700, #1522, #2705, #1444 ) ) ;
#594 = DIRECTION ( 'NONE',  ( 0.8550409052762900641, -0.000000000000000000, 0.5185605560629369393 ) ) ;
#595 = EDGE_CURVE ( 'NONE', #3579, #2737, #2324, .T. ) ;
#596 = LINE ( 'NONE', #4645, #1532 ) ;
#597 = ORIENTED_EDGE ( 'NONE', *, *, #4962, .T. ) ;
#598 = CARTESIAN_POINT ( 'NONE',  ( 21.40233851715665736, 9.999999999999989342, 38.94446206922808074 ) ) ;
#599 = EDGE_CURVE ( 'NONE', #1323, #3015, #3594, .T. ) ;
#600 = ORIENTED_EDGE ( 'NONE', *, *, #2411, .T. ) ;
#601 = LINE ( 'NONE', #4908, #2116 ) ;
#602 = CARTESIAN_POINT ( 'NONE',  ( -0.7583156491985484360, -8.729995975160814936, -38.94446206922808074 ) ) ;
#603 = CARTESIAN_POINT ( 'NONE',  ( -38.94446206922800258, -9.999999999999989342, -19.93467767831877424 ) ) ;
#604 = VERTEX_POINT ( 'NONE', #5115 ) ;
#605 = EDGE_CURVE ( 'NONE', #147, #4616, #1776, .T. ) ;
#606 = EDGE_CURVE ( 'NONE', #2549, #127, #2527, .T. ) ;
#607 = CARTESIAN_POINT ( 'NONE',  ( 0.000000000000000000, 7.035533905932745746, 0.000000000000000000 ) ) ;
#608 = CARTESIAN_POINT ( 'NONE',  ( 34.87674354919337105, 12.49999999999999112, 24.66046173746591919 ) ) ;
#609 = ORIENTED_EDGE ( 'NONE', *, *, #4055, .T. ) ;
#610 = DIRECTION ( 'NONE',  ( 0.000000000000000000, 1.000000000000000000, 0.000000000000000000 ) ) ;
#611 = AXIS2_PLACEMENT_3D ( 'NONE', #4902, #962, #4075 ) ;
#612 = VECTOR ( 'NONE', #711, 1000.000000000000000 ) ;
#613 = ORIENTED_EDGE ( 'NONE', *, *, #3344, .T. ) ;
#614 = CARTESIAN_POINT ( 'NONE',  ( -31.84236937673363954, 8.999999999999991118, 22.88750452798220181 ) ) ;
#615 = DIRECTION ( 'NONE',  ( 0.000000000000000000, 0.000000000000000000, -1.000000000000000000 ) ) ;
#616 = DIRECTION ( 'NONE',  ( 0.000000000000000000, 1.000000000000000000, 0.000000000000000000 ) ) ;
#617 = VECTOR ( 'NONE', #1817, 1000.000000000000000 ) ;
#618 = VERTEX_POINT ( 'NONE', #10 ) ;
#619 = VERTEX_POINT ( 'NONE', #4724 ) ;
#620 = PLANE ( 'NONE',  #3983 ) ;
#621 = VECTOR ( 'NONE', #2275, 1000.000000000000114 ) ;
#622 = DIRECTION ( 'NONE',  ( -0.000000000000000000, -1.000000000000000000, -0.000000000000000000 ) ) ;
#623 = ORIENTED_EDGE ( 'NONE', *, *, #5018, .T. ) ;
#624 = CARTESIAN_POINT ( 'NONE',  ( 0.000000000000000000, 9.999999999999989342, 0.000000000000000000 ) ) ;
#625 = AXIS2_PLACEMENT_3D ( 'NONE', #461, #142, #2102 ) ;
#626 = EDGE_CURVE ( 'NONE', #1591, #2085, #4030, .T. ) ;
#627 = AXIS2_PLACEMENT_3D ( 'NONE', #1422, #4764, #1583 ) ;
#628 = ORIENTED_EDGE ( 'NONE', *, *, #3768, .T. ) ;
#629 = CARTESIAN_POINT ( 'NONE',  ( 39.94446206922806653, -12.49999999999999112, -19.29537254914599131 ) ) ;
#630 = DIRECTION ( 'NONE',  ( -1.737135398614550415E-16, 0.000000000000000000, -1.000000000000000000 ) ) ;
#631 = CARTESIAN_POINT ( 'NONE',  ( -3.969681155261124417, -9.999999999999989342, 50.50885151434862763 ) ) ;
#632 = DIRECTION ( 'NONE',  ( 1.000000000000000000, -0.000000000000000000, 1.032045771185431231E-14 ) ) ;
#633 = EDGE_LOOP ( 'NONE', ( #1594, #2422, #5141, #1531 ) ) ;
#634 = LINE ( 'NONE', #3025, #817 ) ;
#635 = LINE ( 'NONE', #1736, #4795 ) ;
#636 = ORIENTED_EDGE ( 'NONE', *, *, #2039, .F. ) ;
#637 = VECTOR ( 'NONE', #1792, 1000.000000000000000 ) ;
#638 = DIRECTION ( 'NONE',  ( 1.737135398614550415E-16, 0.000000000000000000, 1.000000000000000000 ) ) ;
#639 = VECTOR ( 'NONE', #4850, 1000.000000000000000 ) ;
#640 = CIRCLE ( 'NONE', #4729, 39.75000000000000000 ) ;
#641 = VERTEX_POINT ( 'NONE', #3548 ) ;
#642 = FACE_OUTER_BOUND ( 'NONE', #3029, .T. ) ;
#643 = DIRECTION ( 'NONE',  ( 1.000000000000000000, 0.000000000000000000, 1.040834085586083310E-14 ) ) ;
#644 = AXIS2_PLACEMENT_3D ( 'NONE', #2253, #3852, #262 ) ;
#645 = DIRECTION ( 'NONE',  ( 0.000000000000000000, 1.000000000000000000, 0.000000000000000000 ) ) ;
#646 = VECTOR ( 'NONE', #2529, 1000.000000000000000 ) ;
#647 = ORIENTED_EDGE ( 'NONE', *, *, #3502, .F. ) ;
#648 = ORIENTED_EDGE ( 'NONE', *, *, #370, .T. ) ;
#649 = FACE_OUTER_BOUND ( 'NONE', #1962, .T. ) ;
#650 = DIRECTION ( 'NONE',  ( 8.659560562354950115E-17, -0.7071067811865462405, 0.7071067811865489050 ) ) ;
#651 = ORIENTED_EDGE ( 'NONE', *, *, #3667, .F. ) ;
#652 = DIRECTION ( 'NONE',  ( -0.000000000000000000, -1.000000000000000000, -0.000000000000000000 ) ) ;
#653 = AXIS2_PLACEMENT_3D ( 'NONE', #861, #1675, #1329 ) ;
#654 = VERTEX_POINT ( 'NONE', #1148 ) ;
#655 = ORIENTED_EDGE ( 'NONE', *, *, #949, .F. ) ;
#656 = CARTESIAN_POINT ( 'NONE',  ( 0.000000000000000000, -13.00000000000001776, 4.000000000000000000 ) ) ;
#657 = CARTESIAN_POINT ( 'NONE',  ( 7.961870015169545844, 0.000000000000000000, -38.94446206922807363 ) ) ;
#658 = CARTESIAN_POINT ( 'NONE',  ( 0.000000000000000000, 0.000000000000000000, 0.000000000000000000 ) ) ;
#659 = LINE ( 'NONE', #291, #621 ) ;
#660 = ORIENTED_EDGE ( 'NONE', *, *, #412, .T. ) ;
#661 = CYLINDRICAL_SURFACE ( 'NONE', #644, 16.50000000000000000 ) ;
#662 = ADVANCED_FACE ( 'NONE', ( #3173 ), #3595, .T. ) ;
#663 = DIRECTION ( 'NONE',  ( -0.9034118677180114076, 0.000000000000000000, 0.4287738299689642374 ) ) ;
#664 = PERSON_AND_ORGANIZATION ( #1357, #39 ) ;
#665 = ORIENTED_EDGE ( 'NONE', *, *, #4153, .F. ) ;
#666 = DIRECTION ( 'NONE',  ( 0.8550409052762900641, 0.000000000000000000, 0.5185605560629369393 ) ) ;
#667 = ADVANCED_FACE ( 'NONE', ( #5143 ), #1567, .F. ) ;
#668 = EDGE_CURVE ( 'NONE', #5072, #3614, #4747, .T. ) ;
#669 = ORIENTED_EDGE ( 'NONE', *, *, #1355, .F. ) ;
#670 = CARTESIAN_POINT ( 'NONE',  ( 23.65942147863196610, -12.49999999999999112, -38.94446206922808074 ) ) ;
#671 = CARTESIAN_POINT ( 'NONE',  ( 19.29537254914641409, -13.00000000000001776, 39.94446206922808074 ) ) ;
#672 = LINE ( 'NONE', #4167, #1209 ) ;
#673 = ORIENTED_EDGE ( 'NONE', *, *, #4940, .F. ) ;
#674 = ADVANCED_FACE ( 'NONE', ( #5094, #1516 ), #4697, .F. ) ;
#675 = EDGE_CURVE ( 'NONE', #2908, #1399, #1122, .T. ) ;
#676 = VERTEX_POINT ( 'NONE', #5171 ) ;
#677 = CARTESIAN_POINT ( 'NONE',  ( -38.94446206922803100, 11.34733695283986243, -14.73967316001604289 ) ) ;
#678 = B_SPLINE_CURVE_WITH_KNOTS ( 'NONE', 3,
 ( #4219, #3803, #3751, #2572, #4608, #3380, #2623, #3834 ),
 .UNSPECIFIED., .F., .F.,
 ( 4, 2, 2, 4 ),
 ( 0.06347473781120055447, 0.06798182529940034746, 0.07248891278760014045, 0.08150308776399974031 ),
 .UNSPECIFIED. ) ;
#679 = EDGE_CURVE ( 'NONE', #1354, #2461, #2471, .T. ) ;
#680 = DIRECTION ( 'NONE',  ( 0.000000000000000000, -1.000000000000000000, 0.000000000000000000 ) ) ;
#681 = VERTEX_POINT ( 'NONE', #1715 ) ;
#682 = CARTESIAN_POINT ( 'NONE',  ( 12.03064427461437980, -6.966729888475702737, -38.94446206922807363 ) ) ;
#683 = EDGE_LOOP ( 'NONE', ( #2036, #40, #12, #4564, #4601, #2203 ) ) ;
#684 = DIRECTION ( 'NONE',  ( 1.000000000000000000, 0.000000000000000000, 3.469446951953611033E-15 ) ) ;
#685 = CARTESIAN_POINT ( 'NONE',  ( 3.786980859727686166, 8.906623640011476439, -38.94446206922808074 ) ) ;
#686 = CARTESIAN_POINT ( 'NONE',  ( 0.000000000000000000, -6.000000000000000000, 0.000000000000000000 ) ) ;
#687 = DIRECTION ( 'NONE',  ( 0.000000000000000000, 1.000000000000000000, 0.000000000000000000 ) ) ;
#688 = CARTESIAN_POINT ( 'NONE',  ( -31.11219329181272286, -9.999999999999989342, -30.75863990121935032 ) ) ;
#689 = CYLINDRICAL_SURFACE ( 'NONE', #959, 39.75000000000000000 ) ;
#690 = PERSON_AND_ORGANIZATION ( #1357, #39 ) ;
#691 = ORIENTED_EDGE ( 'NONE', *, *, #289, .F. ) ;
#692 = DIRECTION ( 'NONE',  ( 0.7071067811865463515, 0.000000000000000000, 0.7071067811865486830 ) ) ;
#693 = EDGE_CURVE ( 'NONE', #1405, #3996, #459, .T. ) ;
#694 = ORIENTED_EDGE ( 'NONE', *, *, #3757, .T. ) ;
#695 = CARTESIAN_POINT ( 'NONE',  ( 9.634096920849502865, 8.999999999999991118, -13.39530427126155843 ) ) ;
#696 = CARTESIAN_POINT ( 'NONE',  ( -37.94446206922767573, -12.49999999999999112, -37.94446206922846443 ) ) ;
#697 = DIRECTION ( 'NONE',  ( 0.000000000000000000, 0.000000000000000000, -1.000000000000000000 ) ) ;
#698 = VECTOR ( 'NONE', #3576, 1000.000000000000000 ) ;
#699 = EDGE_LOOP ( 'NONE', ( #5023, #3329, #1230, #4427 ) ) ;
#700 = ORIENTED_EDGE ( 'NONE', *, *, #3172, .T. ) ;
#701 = CARTESIAN_POINT ( 'NONE',  ( -40.12265297808715303, 9.999999999999989342, -39.76909958749373430 ) ) ;
#702 = DIRECTION ( 'NONE',  ( 0.8531954862147294039, 0.000000000000000000, 0.5215912789750336565 ) ) ;
#703 = VERTEX_POINT ( 'NONE', #3622 ) ;
#704 = DIRECTION ( 'NONE',  ( -0.000000000000000000, -1.000000000000000000, -0.000000000000000000 ) ) ;
#705 = ADVANCED_FACE ( 'NONE', ( #2028 ), #2698, .F. ) ;
#706 = EDGE_CURVE ( 'NONE', #2222, #3413, #2852, .T. ) ;
#707 = EDGE_CURVE ( 'NONE', #127, #157, #486, .T. ) ;
#708 = CIRCLE ( 'NONE', #1783, 2.000000000000001776 ) ;
#709 = ORIENTED_EDGE ( 'NONE', *, *, #1734, .F. ) ;
#710 = FACE_OUTER_BOUND ( 'NONE', #2541, .T. ) ;
#711 = DIRECTION ( 'NONE',  ( -0.000000000000000000, -1.000000000000000000, -0.000000000000000000 ) ) ;
#712 = DIRECTION ( 'NONE',  ( 0.000000000000000000, -0.000000000000000000, 1.000000000000000000 ) ) ;
#713 = FACE_OUTER_BOUND ( 'NONE', #749, .T. ) ;
#714 = VECTOR ( 'NONE', #1678, 1000.000000000000000 ) ;
#715 = VECTOR ( 'NONE', #1510, 1000.000000000000000 ) ;
#716 = VECTOR ( 'NONE', #2319, 1000.000000000000000 ) ;
#717 = CIRCLE ( 'NONE', #797, 43.75000000000000000 ) ;
#718 = CARTESIAN_POINT ( 'NONE',  ( -28.28371534040707047, -6.000000000000000000, -27.93016194981370859 ) ) ;
#719 = CARTESIAN_POINT ( 'NONE',  ( -36.44446206922806653, -13.00000000000001776, 36.44446206922807363 ) ) ;
#720 = APPROVAL_STATUS ( 'not_yet_approved' ) ;
#721 = ORIENTED_EDGE ( 'NONE', *, *, #122, .T. ) ;
#722 = CARTESIAN_POINT ( 'NONE',  ( -23.52918741939464198, -12.49999999999999112, 53.88179759188680151 ) ) ;
#723 = VECTOR ( 'NONE', #5008, 1000.000000000000000 ) ;
#724 = ORIENTED_EDGE ( 'NONE', *, *, #4864, .F. ) ;
#725 = FACE_OUTER_BOUND ( 'NONE', #4684, .T. ) ;
#726 = CARTESIAN_POINT ( 'NONE',  ( 32.20628987742289695, 8.999999999999991118, -28.05851931290440504 ) ) ;
#727 = LINE ( 'NONE', #2513, #2952 ) ;
#728 = EDGE_CURVE ( 'NONE', #3166, #4449, #441, .T. ) ;
#729 = AXIS2_PLACEMENT_3D ( 'NONE', #479, #180, #100 ) ;
#730 = VECTOR ( 'NONE', #594, 1000.000000000000227 ) ;
#731 = EDGE_LOOP ( 'NONE', ( #777, #4082, #3441, #3642 ) ) ;
#732 = CARTESIAN_POINT ( 'NONE',  ( -39.94446206922767573, -12.49999999999999112, -37.94446206922848575 ) ) ;
#733 = DIRECTION ( 'NONE',  ( 1.000000000000000000, 0.000000000000000000, 1.040834085586083310E-14 ) ) ;
#734 = ORIENTED_EDGE ( 'NONE', *, *, #4846, .T. ) ;
#735 = DIRECTION ( 'NONE',  ( 0.000000000000000000, 0.000000000000000000, -1.000000000000000000 ) ) ;
#736 = EDGE_CURVE ( 'NONE', #3311, #5061, #83, .T. ) ;
#737 = VECTOR ( 'NONE', #1864, 1000.000000000000000 ) ;
#738 = EDGE_CURVE ( 'NONE', #3064, #2005, #3103, .T. ) ;
#739 = EDGE_CURVE ( 'NONE', #1387, #4137, #831, .T. ) ;
#740 = ORIENTED_EDGE ( 'NONE', *, *, #3761, .F. ) ;
#741 = FACE_OUTER_BOUND ( 'NONE', #3537, .T. ) ;
#742 = LINE ( 'NONE', #2329, #2111 ) ;
#743 = ORIENTED_EDGE ( 'NONE', *, *, #1845, .F. ) ;
#744 = AXIS2_PLACEMENT_3D ( 'NONE', #1231, #91, #1697 ) ;
#745 = CARTESIAN_POINT ( 'NONE',  ( -27.93016194981379385, 6.000000000000000000, -28.28371534040698521 ) ) ;
#746 = DIRECTION ( 'NONE',  ( -0.000000000000000000, 1.000000000000000000, -0.000000000000000000 ) ) ;
#747 = DIRECTION ( 'NONE',  ( 0.000000000000000000, 0.000000000000000000, -1.000000000000000000 ) ) ;
#748 = DIRECTION ( 'NONE',  ( 0.000000000000000000, 1.000000000000000000, 0.000000000000000000 ) ) ;
#749 = EDGE_LOOP ( 'NONE', ( #354, #250, #937, #2246 ) ) ;
#750 = CARTESIAN_POINT ( 'NONE',  ( -17.99735995162498980, 9.142480079136401372, -38.94446206922806653 ) ) ;
#751 = ORIENTED_EDGE ( 'NONE', *, *, #4587, .F. ) ;
#752 = DIRECTION ( 'NONE',  ( 0.000000000000000000, 1.000000000000000000, 0.000000000000000000 ) ) ;
#753 = CARTESIAN_POINT ( 'NONE',  ( -17.54578262260417176, 12.49999999999999112, -38.94446206922807363 ) ) ;
#754 = CARTESIAN_POINT ( 'NONE',  ( 0.000000000000000000, -12.49999999999999112, 0.000000000000000000 ) ) ;
#755 = ORIENTED_EDGE ( 'NONE', *, *, #4749, .F. ) ;
#756 = CARTESIAN_POINT ( 'NONE',  ( 21.95680324558044205, -13.00000000000001776, -39.94446206922808074 ) ) ;
#757 = DIRECTION ( 'NONE',  ( -0.5215912789750337675, 0.000000000000000000, 0.8531954862147295149 ) ) ;
#758 = ORIENTED_EDGE ( 'NONE', *, *, #2033, .T. ) ;
#759 = CARTESIAN_POINT ( 'NONE',  ( 0.000000000000000000, -12.49999999999999112, 0.000000000000000000 ) ) ;
#760 = VERTEX_POINT ( 'NONE', #1248 ) ;
#761 = ADVANCED_FACE ( 'NONE', ( #1667 ), #3547, .F. ) ;
#762 = ORIENTED_EDGE ( 'NONE', *, *, #3238, .F. ) ;
#763 = PLANE ( 'NONE',  #4293 ) ;
#764 = CARTESIAN_POINT ( 'NONE',  ( 34.11790219225099463, 9.999999999999989342, 34.47145558284414335 ) ) ;
#765 = ORIENTED_EDGE ( 'NONE', *, *, #4240, .T. ) ;
#766 = CARTESIAN_POINT ( 'NONE',  ( 0.000000000000000000, -6.000000000000000000, 0.000000000000000000 ) ) ;
#767 = DIRECTION ( 'NONE',  ( 1.000000000000000000, 0.000000000000000000, 1.040834085586083310E-14 ) ) ;
#768 = CARTESIAN_POINT ( 'NONE',  ( 36.44446206922794573, -13.00000000000001776, 36.44446206922818732 ) ) ;
#769 = CARTESIAN_POINT ( 'NONE',  ( 0.000000000000000000, 0.000000000000000000, 0.000000000000000000 ) ) ;
#770 = ORIENTED_EDGE ( 'NONE', *, *, #4751, .F. ) ;
#771 = EDGE_CURVE ( 'NONE', #208, #3323, #37, .T. ) ;
#772 = EDGE_CURVE ( 'NONE', #2376, #4924, #1268, .T. ) ;
#773 = EDGE_LOOP ( 'NONE', ( #2957, #4180, #2362, #4279 ) ) ;
#774 = CARTESIAN_POINT ( 'NONE',  ( -58.39299266721523907, -9.999999999999989342, 9.454001323561159964 ) ) ;
#775 = CARTESIAN_POINT ( 'NONE',  ( 11.77897717040378822, 8.999999999999991118, 11.55446653113446054 ) ) ;
#776 = CARTESIAN_POINT ( 'NONE',  ( -27.93016194981400346, -6.000000000000000000, 28.28371534040678625 ) ) ;
#777 = ORIENTED_EDGE ( 'NONE', *, *, #2739, .T. ) ;
#778 = CARTESIAN_POINT ( 'NONE',  ( -36.44446206922806653, 12.49999999999999112, 38.44446206922807363 ) ) ;
#779 = LINE ( 'NONE', #410, #4111 ) ;
#780 = DIRECTION ( 'NONE',  ( 0.000000000000000000, 1.000000000000000000, 0.000000000000000000 ) ) ;
#781 = CIRCLE ( 'NONE', #3873, 1.000000000000000888 ) ;
#782 = ORIENTED_EDGE ( 'NONE', *, *, #2655, .T. ) ;
#783 = EDGE_LOOP ( 'NONE', ( #5059, #3587, #1250, #2403, #3592, #512, #253, #4611, #3475, #2213, #724, #2280 ) ) ;
#784 = CARTESIAN_POINT ( 'NONE',  ( 10.87486722073962575, 8.999999999999991118, -13.45315066931471293 ) ) ;
#785 = VECTOR ( 'NONE', #1435, 1000.000000000000000 ) ;
#786 = LINE ( 'NONE', #3099, #4198 ) ;
#787 = VERTEX_POINT ( 'NONE', #881 ) ;
#788 = DIRECTION ( 'NONE',  ( 0.000000000000000000, -0.000000000000000000, 1.000000000000000000 ) ) ;
#789 = EDGE_CURVE ( 'NONE', #3552, #1095, #4041, .T. ) ;
#790 = AXIS2_PLACEMENT_3D ( 'NONE', #4101, #4879, #517 ) ;
#791 = DIRECTION ( 'NONE',  ( 0.000000000000000000, 0.000000000000000000, -1.000000000000000000 ) ) ;
#792 = VECTOR ( 'NONE', #4367, 1000.000000000000000 ) ;
#793 = AXIS2_PLACEMENT_3D ( 'NONE', #2701, #2753, #1929 ) ;
#794 = CARTESIAN_POINT ( 'NONE',  ( -35.56610635822858058, -12.49999999999999112, -32.22210961735250834 ) ) ;
#795 = ORIENTED_EDGE ( 'NONE', *, *, #443, .T. ) ;
#796 = VECTOR ( 'NONE', #510, 1000.000000000000000 ) ;
#797 = AXIS2_PLACEMENT_3D ( 'NONE', #241, #4213, #1337 ) ;
#798 = EDGE_CURVE ( 'NONE', #4911, #3092, #238, .T. ) ;
#799 = ORIENTED_EDGE ( 'NONE', *, *, #1143, .T. ) ;
#800 = DIRECTION ( 'NONE',  ( 0.000000000000000000, -0.000000000000000000, 1.000000000000000000 ) ) ;
#801 = CARTESIAN_POINT ( 'NONE',  ( 37.94446206922793863, -12.49999999999999112, 37.94446206922819442 ) ) ;
#802 = CARTESIAN_POINT ( 'NONE',  ( -38.94446206922815179, -13.00000000000001776, 21.40233851715652236 ) ) ;
#803 = ORIENTED_EDGE ( 'NONE', *, *, #1170, .F. ) ;
#804 = CARTESIAN_POINT ( 'NONE',  ( 39.94446206922794573, 12.49999999999999112, 37.94446206922820153 ) ) ;
#805 = CARTESIAN_POINT ( 'NONE',  ( 39.94446206922806653, 9.999999999999989342, -37.94446206922806653 ) ) ;
#806 = CARTESIAN_POINT ( 'NONE',  ( -19.29537254914644961, -9.999999999999989342, -39.94446206922808074 ) ) ;
#808 = EDGE_CURVE ( 'NONE', #1040, #2686, #139, .T. ) ;
#807 = AXIS2_PLACEMENT_3D ( 'NONE', #4174, #3414, #4954 ) ;
#809 = VECTOR ( 'NONE', #1573, 1000.000000000000000 ) ;
#810 = ORIENTED_EDGE ( 'NONE', *, *, #4581, .F. ) ;
#811 = VECTOR ( 'NONE', #3494, 1000.000000000000000 ) ;
#812 = ORIENTED_EDGE ( 'NONE', *, *, #2713, .T. ) ;
#813 = DIRECTION ( 'NONE',  ( 0.000000000000000000, -0.000000000000000000, 1.000000000000000000 ) ) ;
#814 = CARTESIAN_POINT ( 'NONE',  ( 19.29537254914642119, 9.999999999999989342, 39.94446206922808074 ) ) ;
#815 = ORIENTED_EDGE ( 'NONE', *, *, #2237, .T. ) ;
#816 = CARTESIAN_POINT ( 'NONE',  ( -31.79478072641450836, 8.999999999999991118, -22.95356768787743462 ) ) ;
#817 = VECTOR ( 'NONE', #2564, 1000.000000000000114 ) ;
#818 = CIRCLE ( 'NONE', #3230, 39.75000000000000000 ) ;
#819 = DIRECTION ( 'NONE',  ( 0.000000000000000000, 1.000000000000000000, 0.000000000000000000 ) ) ;
#820 = DIRECTION ( 'NONE',  ( -0.000000000000000000, 1.000000000000000000, -0.000000000000000000 ) ) ;
#821 = ORIENTED_EDGE ( 'NONE', *, *, #3185, .T. ) ;
#822 = EDGE_CURVE ( 'NONE', #877, #456, #4249, .T. ) ;
#823 = EDGE_LOOP ( 'NONE', ( #1298, #2210, #1749, #401, #3503, #4440 ) ) ;
#824 = CARTESIAN_POINT ( 'NONE',  ( -37.94446206922806653, -12.49999999999999112, 37.94446206922807363 ) ) ;
#825 = DIRECTION ( 'NONE',  ( -0.7071067811865536790, -0.000000000000000000, 0.7071067811865414665 ) ) ;
#826 = CARTESIAN_POINT ( 'NONE',  ( -38.94446206922822284, -9.999999999999989342, 43.74999999999986500 ) ) ;
#827 = EDGE_CURVE ( 'NONE', #67, #1904, #563, .T. ) ;
#828 = ADVANCED_FACE ( 'NONE', ( #4976, #3007 ), #4584, .F. ) ;
#829 = VERTEX_POINT ( 'NONE', #1847 ) ;
#830 = FACE_OUTER_BOUND ( 'NONE', #4095, .T. ) ;
#831 = LINE ( 'NONE', #4866, #110 ) ;
#832 = CARTESIAN_POINT ( 'NONE',  ( 33.52997258899764432, 8.999999999999991118, 20.33507534345071122 ) ) ;
#833 = ADVANCED_FACE ( 'NONE', ( #4920 ), #2204, .F. ) ;
#834 = EDGE_CURVE ( 'NONE', #2447, #2902, #922, .T. ) ;
#835 = VERTEX_POINT ( 'NONE', #2652 ) ;
#836 = EDGE_CURVE ( 'NONE', #4382, #520, #3428, .T. ) ;
#837 = VERTEX_POINT ( 'NONE', #5024 ) ;
#838 = DIRECTION ( 'NONE',  ( 0.000000000000000000, 0.000000000000000000, -1.000000000000000000 ) ) ;
#839 = LINE ( 'NONE', #5176, #2444 ) ;
#840 = ORIENTED_EDGE ( 'NONE', *, *, #1500, .F. ) ;
#841 = DIRECTION ( 'NONE',  ( 0.000000000000000000, 0.000000000000000000, 1.000000000000000000 ) ) ;
#842 = LINE ( 'NONE', #2017, #4736 ) ;
#843 = CARTESIAN_POINT ( 'NONE',  ( -38.94446206922811626, -6.826486521030463273, 12.08814175137803204 ) ) ;
#844 = VERTEX_POINT ( 'NONE', #2958 ) ;
#845 = ORIENTED_EDGE ( 'NONE', *, *, #1500, .T. ) ;
#846 = DIRECTION ( 'NONE',  ( 0.000000000000000000, 0.000000000000000000, -1.000000000000000000 ) ) ;
#847 = DIRECTION ( 'NONE',  ( 1.000000000000000000, 0.000000000000000000, -1.539863046750886426E-16 ) ) ;
#848 = VERTEX_POINT ( 'NONE', #2156 ) ;
#849 = DIRECTION ( 'NONE',  ( 0.000000000000000000, 0.000000000000000000, -1.000000000000000000 ) ) ;
#850 = ADVANCED_FACE ( 'NONE', ( #3776 ), #1448, .F. ) ;
#851 = VERTEX_POINT ( 'NONE', #3035 ) ;
#852 = CARTESIAN_POINT ( 'NONE',  ( 36.44446206922806653, -9.999999999999989342, -38.44446206922807363 ) ) ;
#853 = CARTESIAN_POINT ( 'NONE',  ( -38.94446206922809495, -9.164763247885288067, 6.021657201007714733 ) ) ;
#854 = DIRECTION ( 'NONE',  ( -0.000000000000000000, -1.000000000000000000, 0.000000000000000000 ) ) ;
#855 = DIRECTION ( 'NONE',  ( -0.000000000000000000, -1.000000000000000000, -0.000000000000000000 ) ) ;
#856 = VERTEX_POINT ( 'NONE', #614 ) ;
#857 = VERTEX_POINT ( 'NONE', #670 ) ;
#858 = CARTESIAN_POINT ( 'NONE',  ( 30.15610134663980446, 12.49999999999999112, -30.25120105503930645 ) ) ;
#859 = CARTESIAN_POINT ( 'NONE',  ( -10.39646799429292123, -10.06864341760542025, 38.94446206922808074 ) ) ;
#860 = ORIENTED_EDGE ( 'NONE', *, *, #1063, .T. ) ;
#861 = CARTESIAN_POINT ( 'NONE',  ( 0.000000000000000000, 9.999999999999989342, 0.000000000000000000 ) ) ;
#862 = CIRCLE ( 'NONE', #1028, 37.25000000000000000 ) ;
#863 = EDGE_CURVE ( 'NONE', #1362, #867, #678, .T. ) ;
#864 = CIRCLE ( 'NONE', #1952, 2.000000000000001776 ) ;
#865 = CARTESIAN_POINT ( 'NONE',  ( 30.16936808251895741, 8.666665571327992978, 29.81581469192558842 ) ) ;
#866 = CARTESIAN_POINT ( 'NONE',  ( 29.22654217665574450, -7.333332127768781739, -28.87298878606236130 ) ) ;
#867 = VERTEX_POINT ( 'NONE', #4638 ) ;
#868 = AXIS2_PLACEMENT_3D ( 'NONE', #4712, #692, #1901 ) ;
#869 = VECTOR ( 'NONE', #3612, 1000.000000000000000 ) ;
#870 = DIRECTION ( 'NONE',  ( -0.7071067811865414665, 0.000000000000000000, -0.7071067811865536790 ) ) ;
#871 = CARTESIAN_POINT ( 'NONE',  ( -10.39137274245153542, 10.06725564128991124, -38.94446206922807363 ) ) ;
#872 = CARTESIAN_POINT ( 'NONE',  ( 10.21798158271917245, 12.49999999999999112, -14.20714089376225964 ) ) ;
#873 = VERTEX_POINT ( 'NONE', #983 ) ;
#874 = CARTESIAN_POINT ( 'NONE',  ( 38.94446206922817311, 10.06940006871304050, -10.39944783949932905 ) ) ;
#875 = CIRCLE ( 'NONE', #3203, 43.75000000000000000 ) ;
#876 = AXIS2_PLACEMENT_3D ( 'NONE', #4944, #3406, #1764 ) ;
#877 = VERTEX_POINT ( 'NONE', #1821 ) ;
#878 = CARTESIAN_POINT ( 'NONE',  ( -28.28371534040707047, 6.000000000000000000, -27.93016194981370859 ) ) ;
#879 = AXIS2_PLACEMENT_3D ( 'NONE', #4246, #638, #4939 ) ;
#880 = ADVANCED_FACE ( 'NONE', ( #642 ), #160, .F. ) ;
#881 = CARTESIAN_POINT ( 'NONE',  ( -36.44446206922806653, -9.999999999999989342, 38.44446206922807363 ) ) ;
#882 = DIRECTION ( 'NONE',  ( -1.000000000000000000, 0.000000000000000000, -1.040834085586083310E-14 ) ) ;
#883 = DIRECTION ( 'NONE',  ( -1.000000000000000000, 0.000000000000000000, -3.469446951953611033E-15 ) ) ;
#884 = VERTEX_POINT ( 'NONE', #1066 ) ;
#885 = ORIENTED_EDGE ( 'NONE', *, *, #679, .F. ) ;
#886 = CARTESIAN_POINT ( 'NONE',  ( -16.05922956895802400, 8.234152938990776605, 38.94446206922808074 ) ) ;
#887 = ADVANCED_FACE ( 'NONE', ( #5000 ), #2235, .F. ) ;
#888 = DIRECTION ( 'NONE',  ( 0.000000000000000000, 0.000000000000000000, -1.000000000000000000 ) ) ;
#889 = ORIENTED_EDGE ( 'NONE', *, *, #900, .T. ) ;
#890 = DIRECTION ( 'NONE',  ( 0.000000000000000000, 1.000000000000000000, 0.000000000000000000 ) ) ;
#891 = VECTOR ( 'NONE', #3899, 1000.000000000000000 ) ;
#892 = AXIS2_PLACEMENT_3D ( 'NONE', #756, #1954, #4793 ) ;
#893 = ADVANCED_FACE ( 'NONE', ( #2542 ), #3351, .F. ) ;
#894 = AXIS2_PLACEMENT_3D ( 'NONE', #379, #2365, #2827 ) ;
#895 = AXIS2_PLACEMENT_3D ( 'NONE', #2090, #3207, #1202 ) ;
#896 = DIRECTION ( 'NONE',  ( -0.000000000000000000, -1.000000000000000000, -0.000000000000000000 ) ) ;
#897 = CARTESIAN_POINT ( 'NONE',  ( 21.40233851715665736, -13.00000000000001776, 38.94446206922807363 ) ) ;
#898 = ORIENTED_EDGE ( 'NONE', *, *, #4773, .T. ) ;
#899 = VECTOR ( 'NONE', #3796, 1000.000000000000227 ) ;
#900 = EDGE_CURVE ( 'NONE', #2823, #2979, #4717, .T. ) ;
#901 = LINE ( 'NONE', #1605, #2611 ) ;
#902 = DIRECTION ( 'NONE',  ( 0.000000000000000000, 0.000000000000000000, -1.000000000000000000 ) ) ;
#903 = CARTESIAN_POINT ( 'NONE',  ( 39.76909958749388352, 9.999999999999989342, 40.12265297808701092 ) ) ;
#904 = AXIS2_PLACEMENT_3D ( 'NONE', #4397, #819, #2408 ) ;
#905 = ORIENTED_EDGE ( 'NONE', *, *, #412, .F. ) ;
#906 = DIRECTION ( 'NONE',  ( 0.000000000000000000, 0.000000000000000000, 1.000000000000000000 ) ) ;
#907 = ORIENTED_EDGE ( 'NONE', *, *, #4518, .T. ) ;
#908 = CARTESIAN_POINT ( 'NONE',  ( -38.94446206922803810, -10.07006103592532398, -10.40180399462006022 ) ) ;
#909 = DIRECTION ( 'NONE',  ( -0.7071067811865487940, -0.000000000000000000, -0.7071067811865463515 ) ) ;
#910 = FACE_OUTER_BOUND ( 'NONE', #3454, .T. ) ;
#911 = ORIENTED_EDGE ( 'NONE', *, *, #4531, .F. ) ;
#912 = EDGE_LOOP ( 'NONE', ( #181, #2127, #2909, #4665 ) ) ;
#913 = CARTESIAN_POINT ( 'NONE',  ( -38.94446206922810205, 9.088499334566872534, 6.014236314924778171 ) ) ;
#914 = LINE ( 'NONE', #4098, #3360 ) ;
#915 = ORIENTED_EDGE ( 'NONE', *, *, #4563, .F. ) ;
#916 = CARTESIAN_POINT ( 'NONE',  ( -38.44446206922768994, 12.49999999999999112, -36.44446206922846443 ) ) ;
#917 = ADVANCED_FACE ( 'NONE', ( #1140 ), #2776, .F. ) ;
#918 = CARTESIAN_POINT ( 'NONE',  ( 36.44446206922794573, -12.49999999999999112, 36.44446206922818732 ) ) ;
#919 = CARTESIAN_POINT ( 'NONE',  ( -38.94446206922810916, 6.409746836726039732, 10.00754982767929135 ) ) ;
#920 = CARTESIAN_POINT ( 'NONE',  ( -38.94446206922815179, -13.00000000000001776, 21.40233851715652236 ) ) ;
#921 = VERTEX_POINT ( 'NONE', #1165 ) ;
#922 = B_SPLINE_CURVE_WITH_KNOTS ( 'NONE', 3,
 ( #2928, #1368, #3330, #1400 ),
 .UNSPECIFIED., .F., .F.,
 ( 4, 4 ),
 ( 2.828455095780643410E-07, 0.005657187921889735710 ),
 .UNSPECIFIED. ) ;
#923 = CYLINDRICAL_SURFACE ( 'NONE', #5035, 16.50000000000000000 ) ;
#924 = DIRECTION ( 'NONE',  ( 0.000000000000000000, 0.7071067811865460184, 0.7071067811865490160 ) ) ;
#925 = VERTEX_POINT ( 'NONE', #5088 ) ;
#926 = EDGE_CURVE ( 'NONE', #4616, #3034, #3627, .T. ) ;
#927 = LINE ( 'NONE', #4863, #1133 ) ;
#928 = EDGE_CURVE ( 'NONE', #1558, #3613, #4298, .T. ) ;
#929 = ORIENTED_EDGE ( 'NONE', *, *, #2456, .T. ) ;
#930 = CARTESIAN_POINT ( 'NONE',  ( -7.399870279355399299E-16, 9.999999999999989342, 38.94446206922808074 ) ) ;
#931 = LINE ( 'NONE', #1688, #1637 ) ;
#932 = CARTESIAN_POINT ( 'NONE',  ( 23.65942147863196610, -13.00000000000001776, -38.94446206922808074 ) ) ;
#933 = ORIENTED_EDGE ( 'NONE', *, *, #1751, .F. ) ;
#934 = ORIENTED_EDGE ( 'NONE', *, *, #1599, .T. ) ;
#935 = CARTESIAN_POINT ( 'NONE',  ( 27.93016194981379385, 1.226634733346735302E-16, 28.28371534040698521 ) ) ;
#936 = CARTESIAN_POINT ( 'NONE',  ( -16.14909813132323890, -11.92628517415131029, 38.94446206922808784 ) ) ;
#937 = ORIENTED_EDGE ( 'NONE', *, *, #1990, .T. ) ;
#938 = CARTESIAN_POINT ( 'NONE',  ( 37.94446206922806653, -12.49999999999999112, -39.94446206922807363 ) ) ;
#939 = LINE ( 'NONE', #2217, #3282 ) ;
#940 = LINE ( 'NONE', #631, #1155 ) ;
#941 = EDGE_CURVE ( 'NONE', #3871, #2229, #1905, .T. ) ;
#942 = DIRECTION ( 'NONE',  ( -0.9034118677180114076, 0.000000000000000000, 0.4287738299689642374 ) ) ;
#943 = ORIENTED_EDGE ( 'NONE', *, *, #3010, .T. ) ;
#944 = AXIS2_PLACEMENT_3D ( 'NONE', #2344, #2294, #4281 ) ;
#945 = DIRECTION ( 'NONE',  ( -0.9034118677180114076, 0.000000000000000000, 0.4287738299689642374 ) ) ;
#946 = EDGE_LOOP ( 'NONE', ( #3568, #1071 ) ) ;
#947 = DIRECTION ( 'NONE',  ( 0.000000000000000000, 1.000000000000000000, 0.000000000000000000 ) ) ;
#948 = AXIS2_PLACEMENT_3D ( 'NONE', #918, #3318, #1017 ) ;
#949 = EDGE_CURVE ( 'NONE', #505, #619, #3466, .T. ) ;
#950 = CC_DESIGN_PERSON_AND_ORGANIZATION_ASSIGNMENT ( #3402, #1084, ( #2956 ) ) ;
#951 = ORIENTED_EDGE ( 'NONE', *, *, #772, .F. ) ;
#952 = DIRECTION ( 'NONE',  ( -0.7071067811865486830, 0.000000000000000000, 0.7071067811865463515 ) ) ;
#953 = DIRECTION ( 'NONE',  ( -0.7071067811865474617, 0.000000000000000000, 0.7071067811865474617 ) ) ;
#954 = FACE_OUTER_BOUND ( 'NONE', #3302, .T. ) ;
#955 = VECTOR ( 'NONE', #4600, 1000.000000000000000 ) ;
#956 = CIRCLE ( 'NONE', #1795, 0.9999999999999991118 ) ;
#957 = ORIENTED_EDGE ( 'NONE', *, *, #4649, .F. ) ;
#958 = CIRCLE ( 'NONE', #2626, 2.000000000000001776 ) ;
#959 = AXIS2_PLACEMENT_3D ( 'NONE', #769, #2670, #345 ) ;
#960 = ORIENTED_EDGE ( 'NONE', *, *, #1692, .T. ) ;
#961 = DIRECTION ( 'NONE',  ( -0.000000000000000000, 1.000000000000000000, -0.000000000000000000 ) ) ;
#962 = DIRECTION ( 'NONE',  ( -0.000000000000000000, -1.000000000000000000, -0.000000000000000000 ) ) ;
#963 = VERTEX_POINT ( 'NONE', #3141 ) ;
#964 = LINE ( 'NONE', #2553, #2545 ) ;
#965 = ADVANCED_FACE ( 'NONE', ( #3493 ), #5134, .T. ) ;
#966 = CONICAL_SURFACE ( 'NONE', #1894, 42.71446609406726935, 0.7853981633974501664 ) ;
#967 = ORIENTED_EDGE ( 'NONE', *, *, #1206, .T. ) ;
#968 = CARTESIAN_POINT ( 'NONE',  ( 36.44446206922794573, 9.999999999999987566, 36.44446206922818732 ) ) ;
#969 = CYLINDRICAL_SURFACE ( 'NONE', #2563, 1.000000000000000888 ) ;
#970 = DIRECTION ( 'NONE',  ( 0.000000000000000000, 1.000000000000000000, 0.000000000000000000 ) ) ;
#971 = EDGE_LOOP ( 'NONE', ( #3658, #1208, #5152, #2388, #4326, #3362 ) ) ;
#972 = VECTOR ( 'NONE', #4405, 1000.000000000000000 ) ;
#973 = VECTOR ( 'NONE', #116, 1000.000000000000000 ) ;
#974 = PLANE ( 'NONE',  #1907 ) ;
#975 = CARTESIAN_POINT ( 'NONE',  ( 33.87661539665622712, 11.33320390135035183, 24.05390945708551698 ) ) ;
#976 = FACE_OUTER_BOUND ( 'NONE', #2325, .T. ) ;
#977 = EDGE_LOOP ( 'NONE', ( #138, #1317, #1452, #4589, #1242, #439, #1136, #3011 ) ) ;
#978 = DIRECTION ( 'NONE',  ( -0.5185605560629369393, 0.000000000000000000, 0.8550409052762900641 ) ) ;
#979 = VECTOR ( 'NONE', #2397, 1000.000000000000000 ) ;
#980 = ADVANCED_FACE ( 'NONE', ( #4688, #1976 ), #3517, .F. ) ;
#981 = VECTOR ( 'NONE', #3848, 1000.000000000000000 ) ;
#982 = ORIENTED_EDGE ( 'NONE', *, *, #1404, .T. ) ;
#983 = CARTESIAN_POINT ( 'NONE',  ( 27.93016194981380096, -6.000000000000004441, 28.28371534040698521 ) ) ;
#984 = CARTESIAN_POINT ( 'NONE',  ( 40.12265297808715303, 9.999999999999989342, 39.76909958749373430 ) ) ;
#985 = DIRECTION ( 'NONE',  ( -4.796163466380676886E-14, 0.000000000000000000, -1.000000000000000000 ) ) ;
#986 = EDGE_CURVE ( 'NONE', #3388, #2845, #2389, .T. ) ;
#987 = ORIENTED_EDGE ( 'NONE', *, *, #3162, .F. ) ;
#988 = ORIENTED_EDGE ( 'NONE', *, *, #772, .T. ) ;
#989 = LINE ( 'NONE', #513, #2806 ) ;
#990 = CARTESIAN_POINT ( 'NONE',  ( 38.94446206922803810, -8.731043043306929263, 3.048717690950198289 ) ) ;
#991 = VERTEX_POINT ( 'NONE', #5164 ) ;
#992 = DIRECTION ( 'NONE',  ( 0.000000000000000000, -0.000000000000000000, 1.000000000000000000 ) ) ;
#993 = EDGE_CURVE ( 'NONE', #3496, #3311, #1880, .T. ) ;
#994 = ADVANCED_FACE ( 'NONE', ( #5109, #3919 ), #5055, .F. ) ;
#995 = ORIENTED_EDGE ( 'NONE', *, *, #4153, .T. ) ;
#996 = CARTESIAN_POINT ( 'NONE',  ( 34.47145558284426414, -9.999999999999989342, 34.11790219225088094 ) ) ;
#997 = LINE ( 'NONE', #4573, #1570 ) ;
#998 = DIRECTION ( 'NONE',  ( -0.000000000000000000, 1.000000000000000000, -0.000000000000000000 ) ) ;
#999 = VERTEX_POINT ( 'NONE', #304 ) ;
#1000 = CARTESIAN_POINT ( 'NONE',  ( 19.29537254914642119, -9.999999999999989342, 39.94446206922808074 ) ) ;
#1001 = DIRECTION ( 'NONE',  ( 0.000000000000000000, 1.000000000000000000, 0.000000000000000000 ) ) ;
#1002 = APPROVAL_ROLE ( '' ) ;
#1003 = EDGE_LOOP ( 'NONE', ( #4452, #2386, #2771, #5163 ) ) ;
#1004 = CARTESIAN_POINT ( 'NONE',  ( 36.44446206922806653, 9.999999999999987566, -36.44446206922807363 ) ) ;
#1005 = VERTEX_POINT ( 'NONE', #1559 ) ;
#1006 = DIRECTION ( 'NONE',  ( 0.4287738299689549115, 0.000000000000000000, 0.9034118677180158485 ) ) ;
#1007 = FACE_OUTER_BOUND ( 'NONE', #1301, .T. ) ;
#1008 = DIRECTION ( 'NONE',  ( 0.7071067811865451302, 0.000000000000000000, 0.7071067811865500152 ) ) ;
#1009 = EDGE_CURVE ( 'NONE', #256, #4588, #956, .T. ) ;
#1010 = VERTEX_POINT ( 'NONE', #1089 ) ;
#1011 = VERTEX_POINT ( 'NONE', #3167 ) ;
#1012 = CARTESIAN_POINT ( 'NONE',  ( 20.63474228480745865, -12.49999999999999112, 54.83388422564997455 ) ) ;
#1013 = CARTESIAN_POINT ( 'NONE',  ( 38.94446206922825837, -12.49999999999999112, -17.54578262260373833 ) ) ;
#1014 = VERTEX_POINT ( 'NONE', #1114 ) ;
#1015 = DIRECTION ( 'NONE',  ( -0.8550409052762899531, 0.000000000000000000, -0.5185605560629370503 ) ) ;
#1016 = ORIENTED_EDGE ( 'NONE', *, *, #1943, .F. ) ;
#1017 = DIRECTION ( 'NONE',  ( -1.000000000000000000, 0.000000000000000000, -3.469446951953611033E-15 ) ) ;
#1018 = CARTESIAN_POINT ( 'NONE',  ( -39.94446206922815179, -13.00000000000001776, 19.29537254914627553 ) ) ;
#1019 = CARTESIAN_POINT ( 'NONE',  ( -23.65942147863196610, -13.00000000000001776, 38.94446206922808074 ) ) ;
#1020 = CARTESIAN_POINT ( 'NONE',  ( -14.54650875072889882, 12.49999999999999112, -7.787752125290557714 ) ) ;
#1021 = VERTEX_POINT ( 'NONE', #2677 ) ;
#1022 = B_SPLINE_CURVE_WITH_KNOTS ( 'NONE', 3,
 ( #3419, #3791, #4959, #4623 ),
 .UNSPECIFIED., .F., .F.,
 ( 4, 4 ),
 ( 2.828455095721416219E-07, 0.005657187921889737445 ),
 .UNSPECIFIED. ) ;
#1023 = CARTESIAN_POINT ( 'NONE',  ( 7.961870015169545844, 6.000000000000000000, -38.94446206922807363 ) ) ;
#1024 = ORIENTED_EDGE ( 'NONE', *, *, #4973, .F. ) ;
#1025 = DIRECTION ( 'NONE',  ( 0.9632519435253613649, -0.000000000000000000, -0.2685995035263726849 ) ) ;
#1026 = ORIENTED_EDGE ( 'NONE', *, *, #1987, .F. ) ;
#1027 = CARTESIAN_POINT ( 'NONE',  ( 7.961870015169555614, 0.000000000000000000, 38.94446206922807363 ) ) ;
#1028 = AXIS2_PLACEMENT_3D ( 'NONE', #4120, #4851, #888 ) ;
#1029 = VECTOR ( 'NONE', #1313, 1000.000000000000227 ) ;
#1030 = ORIENTED_EDGE ( 'NONE', *, *, #2614, .T. ) ;
#1031 = DIRECTION ( 'NONE',  ( -1.000000000000000000, 0.000000000000000000, 0.000000000000000000 ) ) ;
#1032 = DIRECTION ( 'NONE',  ( 0.000000000000000000, 1.000000000000000000, 0.000000000000000000 ) ) ;
#1033 = DIRECTION ( 'NONE',  ( -0.000000000000000000, 1.000000000000000000, 0.000000000000000000 ) ) ;
#1034 = VECTOR ( 'NONE', #3830, 1000.000000000000000 ) ;
#1035 = ORIENTED_EDGE ( 'NONE', *, *, #3511, .T. ) ;
#1036 = ORIENTED_EDGE ( 'NONE', *, *, #4110, .T. ) ;
#1037 = LINE ( 'NONE', #2265, #1811 ) ;
#1038 = AXIS2_PLACEMENT_3D ( 'NONE', #1791, #4138, #1006 ) ;
#1039 = DIRECTION ( 'NONE',  ( 0.000000000000000000, 0.000000000000000000, -1.000000000000000000 ) ) ;
#1040 = VERTEX_POINT ( 'NONE', #1533 ) ;
#1041 = CARTESIAN_POINT ( 'NONE',  ( 37.94446206922806653, -12.49999999999999112, -39.94446206922807363 ) ) ;
#1042 = VECTOR ( 'NONE', #2179, 1000.000000000000227 ) ;
#1043 = VECTOR ( 'NONE', #1083, 1000.000000000000000 ) ;
#1044 = ORIENTED_EDGE ( 'NONE', *, *, #292, .T. ) ;
#1045 = EDGE_CURVE ( 'NONE', #1220, #2680, #4273, .T. ) ;
#1046 = VERTEX_POINT ( 'NONE', #3887 ) ;
#1047 = DIRECTION ( 'NONE',  ( -1.000000000000000000, 0.000000000000000000, 1.539863046750886426E-16 ) ) ;
#1048 = CARTESIAN_POINT ( 'NONE',  ( 34.44446206922794573, 9.999999999999987566, 36.44446206922818021 ) ) ;
#1049 = CARTESIAN_POINT ( 'NONE',  ( -1.034469489119402182E-17, -8.729995975160813160, -38.94446206922807363 ) ) ;
#1050 = CARTESIAN_POINT ( 'NONE',  ( 28.28371534040707758, -6.000000000000000000, -27.93016194981370504 ) ) ;
#1051 = ORIENTED_EDGE ( 'NONE', *, *, #1627, .F. ) ;
#1052 = ADVANCED_FACE ( 'NONE', ( #725 ), #3188, .F. ) ;
#1053 = EDGE_CURVE ( 'NONE', #2908, #925, #1204, .T. ) ;
#1054 = LINE ( 'NONE', #3400, #4812 ) ;
#1055 = DIRECTION ( 'NONE',  ( -0.000000000000000000, -1.000000000000000000, -0.000000000000000000 ) ) ;
#1056 = APPROVAL_DATE_TIME ( #4634, #19 ) ;
#1057 = ORIENTED_EDGE ( 'NONE', *, *, #47, .T. ) ;
#1058 = CIRCLE ( 'NONE', #3806, 39.75000000000000000 ) ;
#1059 = LINE ( 'NONE', #3426, #1034 ) ;
#1060 = EDGE_CURVE ( 'NONE', #999, #377, #1707, .T. ) ;
#1061 = ADVANCED_FACE ( 'NONE', ( #3643, #2433 ), #3589, .T. ) ;
#1062 = AXIS2_PLACEMENT_3D ( 'NONE', #1933, #3093, #4280 ) ;
#1063 = EDGE_CURVE ( 'NONE', #2979, #837, #2803, .T. ) ;
#1064 = VECTOR ( 'NONE', #5056, 1000.000000000000114 ) ;
#1065 = ORIENTED_EDGE ( 'NONE', *, *, #4284, .F. ) ;
#1066 = CARTESIAN_POINT ( 'NONE',  ( -34.47145558284451994, -9.999999999999989342, 34.11790219225063225 ) ) ;
#1067 = CARTESIAN_POINT ( 'NONE',  ( -29.81581469192568079, -8.666665571327989426, -30.16936808251886859 ) ) ;
#1068 = AXIS2_PLACEMENT_3D ( 'NONE', #3593, #384, #2439 ) ;
#1069 = DIRECTION ( 'NONE',  ( -1.000000000000000000, 0.000000000000000000, -3.469446951953611033E-15 ) ) ;
#1070 = ORIENTED_EDGE ( 'NONE', *, *, #949, .T. ) ;
#1071 = ORIENTED_EDGE ( 'NONE', *, *, #1324, .T. ) ;
#1072 = CARTESIAN_POINT ( 'NONE',  ( 11.86901502210224635, -10.47601553501313987, 38.94446206922807363 ) ) ;
#1073 = CARTESIAN_POINT ( 'NONE',  ( 38.94446206922796705, -10.07006103592533286, 10.40180399462033733 ) ) ;
#1074 = EDGE_LOOP ( 'NONE', ( #1474, #673, #4016, #3358 ) ) ;
#1075 = LINE ( 'NONE', #3044, #212 ) ;
#1076 = ORIENTED_EDGE ( 'NONE', *, *, #1469, .T. ) ;
#1077 = CARTESIAN_POINT ( 'NONE',  ( 37.94446206922793863, -9.999999999999989342, 37.94446206922819442 ) ) ;
#1078 = CARTESIAN_POINT ( 'NONE',  ( 39.94446206922806653, -12.49999999999999112, -39.94446206922807363 ) ) ;
#1079 = PLANE ( 'NONE',  #2891 ) ;
#1080 = LINE ( 'NONE', #2354, #2202 ) ;
#1081 = ADVANCED_FACE ( 'NONE', ( #4499 ), #4084, .T. ) ;
#1082 = CARTESIAN_POINT ( 'NONE',  ( -29.22654217665574095, -7.333332127768770192, -28.87298878606237196 ) ) ;
#1083 = DIRECTION ( 'NONE',  ( 3.469446951953617640E-16, 1.000000000000000000, -3.469446951953617640E-16 ) ) ;
#1084 = PERSON_AND_ORGANIZATION_ROLE ( 'design_supplier' ) ;
#1085 = ORIENTED_EDGE ( 'NONE', *, *, #1987, .T. ) ;
#1086 = CARTESIAN_POINT ( 'NONE',  ( 0.000000000000000000, 0.000000000000000000, 0.000000000000000000 ) ) ;
#1087 = VERTEX_POINT ( 'NONE', #4 ) ;
#1088 = EDGE_CURVE ( 'NONE', #2289, #582, #4870, .T. ) ;
#1089 = CARTESIAN_POINT ( 'NONE',  ( 39.94446206922806653, 12.49999999999999112, -37.94446206922807363 ) ) ;
#1090 = CYLINDRICAL_SURFACE ( 'NONE', #1224, 2.000000000000001776 ) ;
#1091 = EDGE_CURVE ( 'NONE', #4299, #2860, #2847, .T. ) ;
#1092 = CARTESIAN_POINT ( 'NONE',  ( 0.000000000000000000, -13.00000000000001776, 0.000000000000000000 ) ) ;
#1093 = EDGE_CURVE ( 'NONE', #208, #4003, #1289, .T. ) ;
#1094 = VERTEX_POINT ( 'NONE', #1661 ) ;
#1095 = VERTEX_POINT ( 'NONE', #3215 ) ;
#1096 = CARTESIAN_POINT ( 'NONE',  ( 14.93876612691328276, 8.999999999999991118, 9.059981600720190542 ) ) ;
#1097 = DIRECTION ( 'NONE',  ( 0.000000000000000000, 1.000000000000000000, 0.000000000000000000 ) ) ;
#1098 = ORIENTED_EDGE ( 'NONE', *, *, #2078, .F. ) ;
#1099 = FACE_BOUND ( 'NONE', #2494, .T. ) ;
#1100 = ORIENTED_EDGE ( 'NONE', *, *, #2398, .F. ) ;
#1101 = CARTESIAN_POINT ( 'NONE',  ( 32.20628987742289695, 8.999999999999991118, -28.05851931290440504 ) ) ;
#1102 = CARTESIAN_POINT ( 'NONE',  ( 3.987142242049877439, 12.49999999999999112, 16.01101797955587713 ) ) ;
#1103 = FACE_OUTER_BOUND ( 'NONE', #1453, .T. ) ;
#1104 = CARTESIAN_POINT ( 'NONE',  ( 36.44446206922806653, 12.49999999999999112, -36.44446206922807363 ) ) ;
#1105 = ORIENTED_EDGE ( 'NONE', *, *, #5077, .T. ) ;
#1106 = EDGE_CURVE ( 'NONE', #1410, #1720, #4583, .T. ) ;
#1107 = FACE_OUTER_BOUND ( 'NONE', #2352, .T. ) ;
#1108 = LINE ( 'NONE', #1580, #2627 ) ;
#1109 = ORIENTED_EDGE ( 'NONE', *, *, #3379, .F. ) ;
#1110 = DIRECTION ( 'NONE',  ( -0.000000000000000000, -1.000000000000000000, 0.000000000000000000 ) ) ;
#1111 = EDGE_CURVE ( 'NONE', #4588, #1151, #2048, .T. ) ;
#1112 = ORIENTED_EDGE ( 'NONE', *, *, #2675, .T. ) ;
#1113 = VECTOR ( 'NONE', #622, 1000.000000000000000 ) ;
#1114 = CARTESIAN_POINT ( 'NONE',  ( -17.54578262260416821, -12.49999999999999112, -38.94446206922807363 ) ) ;
#1115 = DIRECTION ( 'NONE',  ( -0.000000000000000000, -1.000000000000000000, -0.000000000000000000 ) ) ;
#1116 = DIRECTION ( 'NONE',  ( 0.000000000000000000, 0.000000000000000000, 1.000000000000000000 ) ) ;
#1117 = EDGE_CURVE ( 'NONE', #2085, #1591, #4046, .T. ) ;
#1118 = AXIS2_PLACEMENT_3D ( 'NONE', #3499, #1191, #1934 ) ;
#1119 = ORIENTED_EDGE ( 'NONE', *, *, #3181, .T. ) ;
#1120 = EDGE_LOOP ( 'NONE', ( #2052, #408, #4282 ) ) ;
#1121 = LINE ( 'NONE', #2707, #471 ) ;
#1122 = LINE ( 'NONE', #1984, #698 ) ;
#1123 = ORIENTED_EDGE ( 'NONE', *, *, #863, .F. ) ;
#1124 = PLANE ( 'NONE',  #2308 ) ;
#1125 = VECTOR ( 'NONE', #4128, 1000.000000000000114 ) ;
#1126 = ORIENTED_EDGE ( 'NONE', *, *, #111, .F. ) ;
#1127 = LINE ( 'NONE', #656, #2449 ) ;
#1128 = LINE ( 'NONE', #1964, #5122 ) ;
#1129 = LINE ( 'NONE', #2303, #981 ) ;
#1130 = LINE ( 'NONE', #1862, #2786 ) ;
#1131 = AXIS2_PLACEMENT_3D ( 'NONE', #754, #3540, #2755 ) ;
#1132 = VECTOR ( 'NONE', #924, 1000.000000000000114 ) ;
#1133 = VECTOR ( 'NONE', #1264, 1000.000000000000000 ) ;
#1134 = DIRECTION ( 'NONE',  ( -0.000000000000000000, -1.000000000000000000, -0.000000000000000000 ) ) ;
#1135 = CYLINDRICAL_SURFACE ( 'NONE', #2953, 2.000000000000001776 ) ;
#1136 = ORIENTED_EDGE ( 'NONE', *, *, #928, .T. ) ;
#1137 = CARTESIAN_POINT ( 'NONE',  ( 39.94446206922795994, -9.999999999999989342, 37.94446206922820153 ) ) ;
#1138 = AXIS2_PLACEMENT_3D ( 'NONE', #2400, #780, #3623 ) ;
#1139 = ORIENTED_EDGE ( 'NONE', *, *, #4305, .T. ) ;
#1140 = FACE_OUTER_BOUND ( 'NONE', #1164, .T. ) ;
#1141 = LINE ( 'NONE', #726, #1478 ) ;
#1142 = PLANE ( 'NONE',  #3121 ) ;
#1143 = EDGE_CURVE ( 'NONE', #4981, #4348, #2593, .T. ) ;
#1144 = VECTOR ( 'NONE', #2463, 1000.000000000000000 ) ;
#1145 = ORIENTED_EDGE ( 'NONE', *, *, #3054, .F. ) ;
#1146 = FACE_OUTER_BOUND ( 'NONE', #2163, .T. ) ;
#1147 = ADVANCED_FACE ( 'NONE', ( #3671 ), #2375, .T. ) ;
#1148 = CARTESIAN_POINT ( 'NONE',  ( -31.11219329181272286, -9.999999999999989342, -30.75863990121935032 ) ) ;
#1149 = ORIENTED_EDGE ( 'NONE', *, *, #5009, .T. ) ;
#1150 = DIRECTION ( 'NONE',  ( -0.000000000000000000, -1.000000000000000000, -0.000000000000000000 ) ) ;
#1151 = VERTEX_POINT ( 'NONE', #501 ) ;
#1152 = EDGE_LOOP ( 'NONE', ( #4725, #2299, #770, #360 ) ) ;
#1153 = CARTESIAN_POINT ( 'NONE',  ( -37.94446206922806653, -12.49999999999999112, 37.94446206922807363 ) ) ;
#1154 = DIRECTION ( 'NONE',  ( 0.000000000000000000, 1.000000000000000000, 0.000000000000000000 ) ) ;
#1155 = VECTOR ( 'NONE', #2585, 1000.000000000000114 ) ;
#1156 = FACE_OUTER_BOUND ( 'NONE', #2369, .T. ) ;
#1157 = ADVANCED_FACE ( 'NONE', ( #3693 ), #99, .F. ) ;
#1158 = FACE_OUTER_BOUND ( 'NONE', #5064, .T. ) ;
#1159 = ADVANCED_FACE ( 'NONE', ( #3771 ), #4550, .F. ) ;
#1160 = EDGE_CURVE ( 'NONE', #3871, #579, #5045, .T. ) ;
#1161 = FACE_OUTER_BOUND ( 'NONE', #3335, .T. ) ;
#1162 = CARTESIAN_POINT ( 'NONE',  ( 38.94446206922791021, -8.355473816029785894, 16.03156396492946101 ) ) ;
#1163 = ORIENTED_EDGE ( 'NONE', *, *, #941, .T. ) ;
#1164 = EDGE_LOOP ( 'NONE', ( #3963, #1459, #395, #4047 ) ) ;
#1165 = CARTESIAN_POINT ( 'NONE',  ( -38.94446206922804521, 6.000000000000000000, -7.961870015169680848 ) ) ;
#1166 = CARTESIAN_POINT ( 'NONE',  ( 3.987142242049877439, 8.999999999999991118, 16.01101797955587713 ) ) ;
#1167 = CARTESIAN_POINT ( 'NONE',  ( 38.94446206922789600, -12.49999999999999112, 17.54578262260456611 ) ) ;
#1168 = ORIENTED_EDGE ( 'NONE', *, *, #3927, .T. ) ;
#1169 = DIRECTION ( 'NONE',  ( -0.000000000000000000, -1.000000000000000000, -0.000000000000000000 ) ) ;
#1170 = EDGE_CURVE ( 'NONE', #2853, #474, #525, .T. ) ;
#1171 = CARTESIAN_POINT ( 'NONE',  ( 0.000000000000000000, -9.999999999999989342, 43.75000000000000000 ) ) ;
#1172 = DIRECTION ( 'NONE',  ( 0.000000000000000000, 0.000000000000000000, 1.000000000000000000 ) ) ;
#1173 = B_SPLINE_CURVE_WITH_KNOTS ( 'NONE', 3,
 ( #519, #3716, #2114, #126 ),
 .UNSPECIFIED., .F., .F.,
 ( 4, 4 ),
 ( 2.862128560493950477E-07, 0.005098752574641341254 ),
 .UNSPECIFIED. ) ;
#1174 = EDGE_LOOP ( 'NONE', ( #3625, #3516, #2788, #4145, #4038, #1549 ) ) ;
#1175 = ORIENTED_EDGE ( 'NONE', *, *, #3379, .T. ) ;
#1176 = FACE_OUTER_BOUND ( 'NONE', #81, .T. ) ;
#1177 = CARTESIAN_POINT ( 'NONE',  ( -12.44929178589171137, 12.49999999999999112, -11.29898914666278920 ) ) ;
#1178 = VERTEX_POINT ( 'NONE', #3720 ) ;
#1179 = DIRECTION ( 'NONE',  ( 0.000000000000000000, 1.000000000000000000, 0.000000000000000000 ) ) ;
#1180 = LINE ( 'NONE', #3729, #796 ) ;
#1181 = DIRECTION ( 'NONE',  ( 0.000000000000000000, -1.000000000000000000, -0.000000000000000000 ) ) ;
#1182 = DIRECTION ( 'NONE',  ( 0.000000000000000000, 1.000000000000000000, 0.000000000000000000 ) ) ;
#1183 = ORIENTED_EDGE ( 'NONE', *, *, #993, .F. ) ;
#1184 = EDGE_CURVE ( 'NONE', #3961, #2636, #3038, .T. ) ;
#1185 = CARTESIAN_POINT ( 'NONE',  ( -12.44929178589171137, 8.999999999999991118, -11.29898914666278920 ) ) ;
#1186 = CARTESIAN_POINT ( 'NONE',  ( 27.93016194981380096, -6.000000000000000000, -28.28371534040698165 ) ) ;
#1187 = CARTESIAN_POINT ( 'NONE',  ( -38.94446206922822284, -12.49999999999999112, 42.71446609406713435 ) ) ;
#1188 = FACE_OUTER_BOUND ( 'NONE', #558, .T. ) ;
#1189 = ORIENTED_EDGE ( 'NONE', *, *, #1590, .T. ) ;
#1190 = CARTESIAN_POINT ( 'NONE',  ( 39.94446206922806653, -12.49999999999999112, -37.94446206922807363 ) ) ;
#1191 = DIRECTION ( 'NONE',  ( -1.000000000000000000, 0.000000000000000000, 0.000000000000000000 ) ) ;
#1192 = CARTESIAN_POINT ( 'NONE',  ( 39.94446206922785336, -13.00000000000001776, 21.95680324558086127 ) ) ;
#1193 = AXIS2_PLACEMENT_3D ( 'NONE', #3387, #571, #3758 ) ;
#1194 = EDGE_LOOP ( 'NONE', ( #23, #424, #2336, #3816, #3599, #1036, #3681, #1514, #2107, #2974, #934, #1937, #4948, #2665, #751, #462 ) ) ;
#1195 = ORIENTED_EDGE ( 'NONE', *, *, #499, .F. ) ;
#1196 = CARTESIAN_POINT ( 'NONE',  ( -39.94446206922808074, -9.999999999999989342, -21.95680324558045626 ) ) ;
#1197 = DIRECTION ( 'NONE',  ( 0.000000000000000000, 1.000000000000000000, 0.000000000000000000 ) ) ;
#1198 = ORIENTED_EDGE ( 'NONE', *, *, #3030, .F. ) ;
#1199 = CARTESIAN_POINT ( 'NONE',  ( 0.000000000000000000, 9.999999999999989342, 43.75000000000000000 ) ) ;
#1200 = EDGE_CURVE ( 'NONE', #4333, #232, #4604, .T. ) ;
#1201 = AXIS2_PLACEMENT_3D ( 'NONE', #1086, #3515, #2281 ) ;
#1202 = DIRECTION ( 'NONE',  ( 0.000000000000000000, 0.000000000000000000, 1.000000000000000000 ) ) ;
#1203 = AXIS2_PLACEMENT_3D ( 'NONE', #366, #1524, #3909 ) ;
#1204 = CIRCLE ( 'NONE', #4956, 0.9999999999999991118 ) ;
#1205 = DIRECTION ( 'NONE',  ( -1.539863046750886426E-16, 0.000000000000000000, -1.000000000000000000 ) ) ;
#1206 = EDGE_CURVE ( 'NONE', #4184, #2728, #36, .T. ) ;
#1207 = EDGE_CURVE ( 'NONE', #4247, #4132, #635, .T. ) ;
#1208 = ORIENTED_EDGE ( 'NONE', *, *, #2333, .F. ) ;
#1209 = VECTOR ( 'NONE', #4560, 1000.000000000000000 ) ;
#1210 = VECTOR ( 'NONE', #2694, 1000.000000000000000 ) ;
#1211 = CARTESIAN_POINT ( 'NONE',  ( 0.000000000000000000, -6.000000000000000000, 0.000000000000000000 ) ) ;
#1212 = CARTESIAN_POINT ( 'NONE',  ( 10.21798158271917245, 8.999999999999991118, -14.20714089376225964 ) ) ;
#1213 = DIRECTION ( 'NONE',  ( 0.000000000000000000, -1.000000000000000000, 0.000000000000000000 ) ) ;
#1214 = APPROVAL_PERSON_ORGANIZATION ( #4995, #19, #1002 ) ;
#1215 = EDGE_CURVE ( 'NONE', #1251, #2209, #3656, .T. ) ;
#1216 = DIRECTION ( 'NONE',  ( -0.2685995035263731290, 0.000000000000000000, -0.9632519435253613649 ) ) ;
#1217 = ADVANCED_FACE ( 'NONE', ( #3423 ), #1784, .F. ) ;
#1218 = EDGE_CURVE ( 'NONE', #4625, #4937, #717, .T. ) ;
#1219 = VECTOR ( 'NONE', #909, 1000.000000000000000 ) ;
#1220 = VERTEX_POINT ( 'NONE', #5020 ) ;
#1221 = CYLINDRICAL_SURFACE ( 'NONE', #2225, 2.000000000000001776 ) ;
#1222 = DIRECTION ( 'NONE',  ( -0.000000000000000000, -1.000000000000000000, -0.000000000000000000 ) ) ;
#1223 = CARTESIAN_POINT ( 'NONE',  ( -37.94446206922765441, -12.49999999999999112, -39.94446206922846443 ) ) ;
#1224 = AXIS2_PLACEMENT_3D ( 'NONE', #4609, #1449, #1906 ) ;
#1225 = VECTOR ( 'NONE', #2032, 1000.000000000000000 ) ;
#1226 = ORIENTED_EDGE ( 'NONE', *, *, #343, .F. ) ;
#1227 = EDGE_LOOP ( 'NONE', ( #361, #3240, #3409, #497 ) ) ;
#1228 = CARTESIAN_POINT ( 'NONE',  ( -31.11219329181294313, 9.999999999999989342, 30.75863990121912295 ) ) ;
#1229 = DIRECTION ( 'NONE',  ( 0.000000000000000000, 1.000000000000000000, 0.000000000000000000 ) ) ;
#1230 = ORIENTED_EDGE ( 'NONE', *, *, #4973, .T. ) ;
#1231 = CARTESIAN_POINT ( 'NONE',  ( -39.94446206922800258, -13.00000000000001776, -21.95680324558058061 ) ) ;
#1232 = VECTOR ( 'NONE', #5129, 1000.000000000000000 ) ;
#1233 = B_SPLINE_CURVE_WITH_KNOTS ( 'NONE', 3,
 ( #4820, #135, #3269, #4428, #3245, #1739, #874, #2466, #4479, #102, #1710, #4890, #1318, #2903, #3328, #4918, #2805, #4997 ),
 .UNSPECIFIED., .F., .F.,
 ( 4, 2, 2, 2, 2, 2, 2, 2, 4 ),
 ( 0.06049578048029907035, 0.06274594065881800020, 0.06499610083733693700, 0.06949642119437482446, 0.07849706190845058551, 0.08074722208696952230, 0.08299738226548845910, 0.08749770262252634656, 0.09649834333660209373 ),
 .UNSPECIFIED. ) ;
#1234 = AXIS2_PLACEMENT_3D ( 'NONE', #686, #2274, #3876 ) ;
#1235 = CARTESIAN_POINT ( 'NONE',  ( -1.273381463113471576E-14, -9.999999999999989342, -38.94446206922808074 ) ) ;
#1236 = LINE ( 'NONE', #1701, #3967 ) ;
#1237 = EDGE_LOOP ( 'NONE', ( #2657, #1198, #2060, #62, #3941, #572, #1145, #4722 ) ) ;
#1238 = VERTEX_POINT ( 'NONE', #4967 ) ;
#1239 = VERTEX_POINT ( 'NONE', #1759 ) ;
#1240 = CARTESIAN_POINT ( 'NONE',  ( -1.453886127284589018E-14, 9.999999999999989342, -39.94446206922808074 ) ) ;
#1241 = LINE ( 'NONE', #2002, #4555 ) ;
#1242 = ORIENTED_EDGE ( 'NONE', *, *, #1807, .T. ) ;
#1243 = DIRECTION ( 'NONE',  ( 0.000000000000000000, -1.000000000000000000, -0.000000000000000000 ) ) ;
#1244 = ORIENTED_EDGE ( 'NONE', *, *, #1651, .F. ) ;
#1245 = CARTESIAN_POINT ( 'NONE',  ( -29.81581469192590106, 8.666665571327991202, 30.16936808251864832 ) ) ;
#1246 = EDGE_CURVE ( 'NONE', #4826, #3773, #1442, .T. ) ;
#1247 = EDGE_CURVE ( 'NONE', #5039, #3613, #3027, .T. ) ;
#1248 = CARTESIAN_POINT ( 'NONE',  ( 28.28371534040707758, 6.000000000000000000, -27.93016194981370504 ) ) ;
#1249 = DIRECTION ( 'NONE',  ( 0.000000000000000000, 1.000000000000000000, 0.000000000000000000 ) ) ;
#1250 = ORIENTED_EDGE ( 'NONE', *, *, #4502, .F. ) ;
#1251 = VERTEX_POINT ( 'NONE', #4521 ) ;
#1252 = DIRECTION ( 'NONE',  ( 0.000000000000000000, 1.000000000000000000, 0.000000000000000000 ) ) ;
#1253 = CARTESIAN_POINT ( 'NONE',  ( 6.001133331754335387, 9.086248118903325732, 38.94446206922808074 ) ) ;
#1254 = ORIENTED_EDGE ( 'NONE', *, *, #121, .F. ) ;
#1255 = CARTESIAN_POINT ( 'NONE',  ( 38.94446206922829390, -13.00000000000001776, -21.40233851715624880 ) ) ;
#1256 = CARTESIAN_POINT ( 'NONE',  ( -38.94446206922812337, 7.986030918081034713, 15.03708780354957142 ) ) ;
#1257 = PLANE ( 'NONE',  #193 ) ;
#1258 = ORIENTED_EDGE ( 'NONE', *, *, #4696, .F. ) ;
#1259 = EDGE_CURVE ( 'NONE', #4882, #4239, #2589, .T. ) ;
#1260 = ORIENTED_EDGE ( 'NONE', *, *, #3608, .T. ) ;
#1261 = CARTESIAN_POINT ( 'NONE',  ( 39.94446206922806653, 9.999999999999989342, 43.75000000000000000 ) ) ;
#1262 = FACE_OUTER_BOUND ( 'NONE', #2088, .T. ) ;
#1263 = ORIENTED_EDGE ( 'NONE', *, *, #2634, .F. ) ;
#1264 = DIRECTION ( 'NONE',  ( -0.7071067811865487940, -0.000000000000000000, -0.7071067811865463515 ) ) ;
#1265 = EDGE_CURVE ( 'NONE', #2311, #2376, #4960, .T. ) ;
#1266 = ORIENTED_EDGE ( 'NONE', *, *, #3838, .T. ) ;
#1267 = CARTESIAN_POINT ( 'NONE',  ( 37.94446206922806653, -9.999999999999989342, -39.94446206922808784 ) ) ;
#1268 = LINE ( 'NONE', #4018, #2869 ) ;
#1269 = DIRECTION ( 'NONE',  ( 0.000000000000000000, -1.000000000000000000, -0.000000000000000000 ) ) ;
#1270 = DIRECTION ( 'NONE',  ( -1.000000000000000000, 0.000000000000000000, 1.539863046750886426E-16 ) ) ;
#1271 = EDGE_CURVE ( 'NONE', #1597, #95, #2540, .T. ) ;
#1272 = EDGE_CURVE ( 'NONE', #2464, #3333, #4631, .T. ) ;
#1273 = ORIENTED_EDGE ( 'NONE', *, *, #3839, .F. ) ;
#1274 = VERTEX_POINT ( 'NONE', #4994 ) ;
#1275 = DIRECTION ( 'NONE',  ( -0.000000000000000000, -1.000000000000000000, -0.000000000000000000 ) ) ;
#1276 = CARTESIAN_POINT ( 'NONE',  ( 21.40233851715665736, -9.999999999999989342, 38.94446206922808074 ) ) ;
#1277 = ORIENTED_EDGE ( 'NONE', *, *, #707, .T. ) ;
#1278 = LINE ( 'NONE', #4803, #58 ) ;
#1279 = AXIS2_PLACEMENT_3D ( 'NONE', #3678, #64, #1293 ) ;
#1280 = EDGE_CURVE ( 'NONE', #1947, #2396, #1417, .T. ) ;
#1281 = EDGE_CURVE ( 'NONE', #3543, #232, #1896, .T. ) ;
#1282 = AXIS2_PLACEMENT_3D ( 'NONE', #3581, #1939, #4343 ) ;
#1283 = CARTESIAN_POINT ( 'NONE',  ( -14.90652406270713293, 12.49999999999999112, -9.112932588795615629 ) ) ;
#1284 = CARTESIAN_POINT ( 'NONE',  ( 38.94446206922786757, -9.999999999999989342, 19.93467767831904780 ) ) ;
#1285 = EDGE_LOOP ( 'NONE', ( #5173, #3875 ) ) ;
#1286 = AXIS2_PLACEMENT_3D ( 'NONE', #4580, #2673, #301 ) ;
#1287 = CIRCLE ( 'NONE', #4207, 1.000000000000000888 ) ;
#1288 = CARTESIAN_POINT ( 'NONE',  ( -58.39299266721523907, 9.999999999999989342, 9.454001323561159964 ) ) ;
#1289 = LINE ( 'NONE', #4033, #1132 ) ;
#1290 = CARTESIAN_POINT ( 'NONE',  ( 31.11219329181272641, 9.999999999999989342, -30.75863990121935387 ) ) ;
#1291 = CARTESIAN_POINT ( 'NONE',  ( -14.90652406270713293, 8.999999999999991118, -9.112932588795615629 ) ) ;
#1292 = VERTEX_POINT ( 'NONE', #5079 ) ;
#1293 = DIRECTION ( 'NONE',  ( 0.000000000000000000, 0.000000000000000000, -1.000000000000000000 ) ) ;
#1294 = PLANE ( 'NONE',  #3982 ) ;
#1295 = ADVANCED_FACE ( 'NONE', ( #3082 ), #689, .T. ) ;
#1296 = DIRECTION ( 'NONE',  ( 3.337495034168044811E-15, 0.000000000000000000, -1.000000000000000000 ) ) ;
#1297 = ORIENTED_EDGE ( 'NONE', *, *, #1334, .F. ) ;
#1298 = ORIENTED_EDGE ( 'NONE', *, *, #1943, .T. ) ;
#1299 = CARTESIAN_POINT ( 'NONE',  ( -14.90652406270713293, 8.999999999999991118, -9.112932588795615629 ) ) ;
#1300 = CARTESIAN_POINT ( 'NONE',  ( -6.012408650677752320, -9.088270972075351395, 38.94446206922808074 ) ) ;
#1301 = EDGE_LOOP ( 'NONE', ( #4076, #812, #4272, #143 ) ) ;
#1302 = FACE_OUTER_BOUND ( 'NONE', #383, .T. ) ;
#1303 = VECTOR ( 'NONE', #4512, 1000.000000000000000 ) ;
#1304 = AXIS2_PLACEMENT_3D ( 'NONE', #437, #4004, #4462 ) ;
#1305 = AXIS2_PLACEMENT_3D ( 'NONE', #872, #2949, #4551 ) ;
#1306 = DIRECTION ( 'NONE',  ( 1.000000000000000000, 0.000000000000000000, -1.539863046750886426E-16 ) ) ;
#1307 = ADVANCED_FACE ( 'NONE', ( #4294 ), #1527, .F. ) ;
#1308 = VECTOR ( 'NONE', #1686, 1000.000000000000000 ) ;
#1309 = CARTESIAN_POINT ( 'NONE',  ( 0.000000000000000000, 12.49999999999999112, 0.000000000000000000 ) ) ;
#1310 = ADVANCED_FACE ( 'NONE', ( #3936 ), #1945, .T. ) ;
#1311 = DIRECTION ( 'NONE',  ( 0.000000000000000000, 1.000000000000000000, 0.000000000000000000 ) ) ;
#1312 = EDGE_LOOP ( 'NONE', ( #3214, #2547, #3137, #4201 ) ) ;
#1313 = DIRECTION ( 'NONE',  ( 0.8550409052762900641, -0.000000000000000000, 0.5185605560629369393 ) ) ;
#1314 = DIRECTION ( 'NONE',  ( -1.000000000000000000, 0.000000000000000000, 1.737135398614550415E-16 ) ) ;
#1315 = DIRECTION ( 'NONE',  ( -0.000000000000000000, -1.000000000000000000, -0.000000000000000000 ) ) ;
#1316 = AXIS2_PLACEMENT_3D ( 'NONE', #2164, #1772, #1015 ) ;
#1317 = ORIENTED_EDGE ( 'NONE', *, *, #4089, .T. ) ;
#1318 = CARTESIAN_POINT ( 'NONE',  ( 38.94446206922803100, 8.905070694282816390, 3.771086978018106883 ) ) ;
#1319 = ORIENTED_EDGE ( 'NONE', *, *, #4192, .T. ) ;
#1320 = DIRECTION ( 'NONE',  ( -0.000000000000000000, -1.000000000000000000, -0.000000000000000000 ) ) ;
#1321 = DIRECTION ( 'NONE',  ( -0.4287738299689611288, 0.000000000000000000, -0.9034118677180128509 ) ) ;
#1322 = DIRECTION ( 'NONE',  ( -0.000000000000000000, -1.000000000000000000, -0.000000000000000000 ) ) ;
#1323 = VERTEX_POINT ( 'NONE', #2254 ) ;
#1324 = EDGE_CURVE ( 'NONE', #1719, #1094, #1462, .T. ) ;
#1325 = ORIENTED_EDGE ( 'NONE', *, *, #1887, .T. ) ;
#1326 = DIRECTION ( 'NONE',  ( -0.5064405351448945103, 0.000000000000000000, 0.8622748890940480360 ) ) ;
#1327 = CARTESIAN_POINT ( 'NONE',  ( 17.54578262260416466, -12.49999999999999467, 38.94446206922807363 ) ) ;
#1328 = EDGE_LOOP ( 'NONE', ( #4694, #3489, #951, #1932 ) ) ;
#1329 = DIRECTION ( 'NONE',  ( 0.000000000000000000, 0.000000000000000000, 1.000000000000000000 ) ) ;
#1330 = DIRECTION ( 'NONE',  ( -0.5064405351448856285, 0.000000000000000000, 0.8622748890940533650 ) ) ;
#1331 = DIRECTION ( 'NONE',  ( 0.000000000000000000, 0.000000000000000000, -1.000000000000000000 ) ) ;
#1332 = PLANE ( 'NONE',  #1789 ) ;
#1333 = VERTEX_POINT ( 'NONE', #3960 ) ;
#1334 = EDGE_CURVE ( 'NONE', #503, #208, #542, .T. ) ;
#1335 = B_SPLINE_CURVE_WITH_KNOTS ( 'NONE', 3,
 ( #4079, #919, #3585, #1256, #495, #3237, #4102, #2821 ),
 .UNSPECIFIED., .F., .F.,
 ( 4, 2, 2, 4 ),
 ( 0.02852102708812617043, 0.03477605972726582895, 0.03790357604683566167, 0.04103109236640549440 ),
 .UNSPECIFIED. ) ;
#1336 = CARTESIAN_POINT ( 'NONE',  ( 7.961870015169555614, 6.000000000000000000, 38.94446206922807363 ) ) ;
#1337 = DIRECTION ( 'NONE',  ( 0.000000000000000000, 0.000000000000000000, -1.000000000000000000 ) ) ;
#1338 = DIRECTION ( 'NONE',  ( -0.7071067811865536790, -0.000000000000000000, 0.7071067811865414665 ) ) ;
#1339 = LINE ( 'NONE', #4524, #4451 ) ;
#1340 = EDGE_CURVE ( 'NONE', #1463, #877, #1108, .T. ) ;
#1341 = ORIENTED_EDGE ( 'NONE', *, *, #2981, .F. ) ;
#1342 = CARTESIAN_POINT ( 'NONE',  ( 34.47145558284426414, 9.999999999999989342, 34.11790219225087384 ) ) ;
#1343 = DIRECTION ( 'NONE',  ( 0.7071067811865536790, 0.000000000000000000, -0.7071067811865414665 ) ) ;
#1344 = CARTESIAN_POINT ( 'NONE',  ( -21.95680324558042784, -12.49999999999999112, 39.94446206922808784 ) ) ;
#1345 = ORIENTED_EDGE ( 'NONE', *, *, #1690, .F. ) ;
#1346 = EDGE_LOOP ( 'NONE', ( #4024, #3175, #2871, #3265, #694, #309 ) ) ;
#1347 = FACE_OUTER_BOUND ( 'NONE', #593, .T. ) ;
#1348 = DIRECTION ( 'NONE',  ( 0.000000000000000000, 0.000000000000000000, -1.000000000000000000 ) ) ;
#1349 = ORIENTED_EDGE ( 'NONE', *, *, #4758, .F. ) ;
#1350 = DIRECTION ( 'NONE',  ( 0.000000000000000000, 1.000000000000000000, 0.000000000000000000 ) ) ;
#1351 = DIRECTION ( 'NONE',  ( 0.000000000000000000, 1.000000000000000000, 0.000000000000000000 ) ) ;
#1352 = DIRECTION ( 'NONE',  ( 1.539863046750886426E-16, -0.000000000000000000, 1.000000000000000000 ) ) ;
#1353 = LINE ( 'NONE', #2609, #31 ) ;
#1354 = VERTEX_POINT ( 'NONE', #5049 ) ;
#1355 = EDGE_CURVE ( 'NONE', #2836, #2149, #2358, .T. ) ;
#1356 = VECTOR ( 'NONE', #4843, 1000.000000000000000 ) ;
#1357 = PERSON ( 'UNSPECIFIED', 'UNSPECIFIED', 'UNSPECIFIED', ('UNSPECIFIED'), ('UNSPECIFIED'), ('UNSPECIFIED') ) ;
#1358 = EDGE_CURVE ( 'NONE', #1663, #68, #1971, .T. ) ;
#1359 = DIRECTION ( 'NONE',  ( 0.000000000000000000, -1.000000000000000000, -0.000000000000000000 ) ) ;
#1360 = CARTESIAN_POINT ( 'NONE',  ( 36.44446206922806653, -13.00000000000001776, -36.44446206922807363 ) ) ;
#1361 = CARTESIAN_POINT ( 'NONE',  ( -7.965169371644953422, 12.49999999999999112, 14.45012376697892442 ) ) ;
#1362 = VERTEX_POINT ( 'NONE', #3563 ) ;
#1363 = PLANE ( 'NONE',  #879 ) ;
#1364 = AXIS2_PLACEMENT_3D ( 'NONE', #1153, #1494, #5121 ) ;
#1365 = ORIENTED_EDGE ( 'NONE', *, *, #507, .T. ) ;
#1366 = ADVANCED_FACE ( 'NONE', ( #5160 ), #1135, .F. ) ;
#1367 = EDGE_CURVE ( 'NONE', #3015, #3579, #1885, .T. ) ;
#1368 = CARTESIAN_POINT ( 'NONE',  ( -29.22654217665593990, 7.333332127768783515, 28.87298878606215879 ) ) ;
#1369 = DIRECTION ( 'NONE',  ( 0.000000000000000000, 0.000000000000000000, -1.000000000000000000 ) ) ;
#1370 = EDGE_CURVE ( 'NONE', #921, #3437, #2298, .T. ) ;
#1371 = LINE ( 'NONE', #2597, #2457 ) ;
#1372 = CONICAL_SURFACE ( 'NONE', #2291, 39.75000000000000000, 0.7853981633974491672 ) ;
#1373 = AXIS2_PLACEMENT_3D ( 'NONE', #4374, #4330, #4742 ) ;
#1374 = ORIENTED_EDGE ( 'NONE', *, *, #231, .T. ) ;
#1375 = AXIS2_PLACEMENT_3D ( 'NONE', #1092, #1951, #381 ) ;
#1376 = ORIENTED_EDGE ( 'NONE', *, *, #3104, .T. ) ;
#1377 = CARTESIAN_POINT ( 'NONE',  ( -38.94446206922807363, 8.839313192552445742, -3.016841341363371232 ) ) ;
#1378 = CARTESIAN_POINT ( 'NONE',  ( 36.44446206922794573, -9.999999999999989342, 36.44446206922818732 ) ) ;
#1379 = ORIENTED_EDGE ( 'NONE', *, *, #5051, .T. ) ;
#1380 = FACE_OUTER_BOUND ( 'NONE', #2594, .T. ) ;
#1381 = CC_DESIGN_SECURITY_CLASSIFICATION ( #3635, ( #2956 ) ) ;
#1382 = CIRCLE ( 'NONE', #469, 0.9999999999999991118 ) ;
#1383 = ORIENTED_EDGE ( 'NONE', *, *, #2923, .F. ) ;
#1384 = PLANE ( 'NONE',  #4785 ) ;
#1385 = CARTESIAN_POINT ( 'NONE',  ( 30.75863990121944624, 9.999999999999989342, 31.11219329181262694 ) ) ;
#1386 = DIRECTION ( 'NONE',  ( 0.000000000000000000, 1.000000000000000000, 0.000000000000000000 ) ) ;
#1387 = VERTEX_POINT ( 'NONE', #5105 ) ;
#1388 = CONICAL_SURFACE ( 'NONE', #5151, 39.75000000000000000, 0.7853981633974491672 ) ;
#1389 = AXIS2_PLACEMENT_3D ( 'NONE', #544, #3281, #2135 ) ;
#1390 = ADVANCED_FACE ( 'NONE', ( #1555, #1865 ), #3452, .F. ) ;
#1391 = CARTESIAN_POINT ( 'NONE',  ( -29.81581469192568079, 8.666665571327992978, -30.16936808251886504 ) ) ;
#1392 = CARTESIAN_POINT ( 'NONE',  ( 31.87602793918352262, 8.999999999999991118, 22.84060406081986727 ) ) ;
#1393 = COORDINATED_UNIVERSAL_TIME_OFFSET ( 5, 0, .AHEAD. ) ;
#1394 = ORIENTED_EDGE ( 'NONE', *, *, #522, .T. ) ;
#1395 = CARTESIAN_POINT ( 'NONE',  ( 38.94446206922783205, -13.00000000000001776, 23.65942147863237821 ) ) ;
#1396 = VECTOR ( 'NONE', #3509, 1000.000000000000000 ) ;
#1397 = APPLICATION_CONTEXT ( 'configuration controlled 3d designs of mechanical parts and assemblies' ) ;
#1398 = CIRCLE ( 'NONE', #5073, 43.75000000000000000 ) ;
#1399 = VERTEX_POINT ( 'NONE', #4659 ) ;
#1400 = CARTESIAN_POINT ( 'NONE',  ( -31.11219329181294313, 9.999999999999989342, 30.75863990121912295 ) ) ;
#1401 = LINE ( 'NONE', #3381, #2215 ) ;
#1402 = LINE ( 'NONE', #3861, #1629 ) ;
#1403 = EDGE_LOOP ( 'NONE', ( #3650, #4865, #3523, #357, #2785, #1768, #943, #2932 ) ) ;
#1404 = EDGE_CURVE ( 'NONE', #1517, #3064, #1718, .T. ) ;
#1405 = VERTEX_POINT ( 'NONE', #422 ) ;
#1406 = CARTESIAN_POINT ( 'NONE',  ( -38.94446206922805942, 9.419676869575214440, -7.498269859988957897 ) ) ;
#1407 = CARTESIAN_POINT ( 'NONE',  ( 38.94446206922808784, -8.751930796953091729, -1.510247782103783187 ) ) ;
#1408 = ORIENTED_EDGE ( 'NONE', *, *, #2070, .T. ) ;
#1409 = CARTESIAN_POINT ( 'NONE',  ( -36.44446206922806653, -13.00000000000001776, 36.44446206922807363 ) ) ;
#1410 = VERTEX_POINT ( 'NONE', #2409 ) ;
#1411 = FACE_OUTER_BOUND ( 'NONE', #190, .T. ) ;
#1412 = CARTESIAN_POINT ( 'NONE',  ( -14.72744050462035403, -11.39970554767965538, -38.94446206922807363 ) ) ;
#1413 = FACE_OUTER_BOUND ( 'NONE', #5161, .T. ) ;
#1414 = ORIENTED_EDGE ( 'NONE', *, *, #2519, .T. ) ;
#1415 = B_SPLINE_CURVE_WITH_KNOTS ( 'NONE', 3,
 ( #2726, #5052, #1507, #1925, #5107, #750, #326, #1529 ),
 .UNSPECIFIED., .F., .F.,
 ( 4, 2, 2, 4 ),
 ( 0.02852102708812616697, 0.03477605972726581507, 0.03790357604683564779, 0.04103109236640548052 ),
 .UNSPECIFIED. ) ;
#1416 = CARTESIAN_POINT ( 'NONE',  ( -34.44446206922768994, -13.00000000000001776, -36.44446206922842890 ) ) ;
#1417 = LINE ( 'NONE', #3002, #2124 ) ;
#1418 = CALENDAR_DATE ( 2025, 24, 11 ) ;
#1419 = ORIENTED_EDGE ( 'NONE', *, *, #4614, .F. ) ;
#1420 = CARTESIAN_POINT ( 'NONE',  ( -30.75863990121966296, 9.999999999999989342, 31.11219329181241022 ) ) ;
#1421 = ORIENTED_EDGE ( 'NONE', *, *, #2835, .F. ) ;
#1422 = CARTESIAN_POINT ( 'NONE',  ( -36.44446206922768994, -13.00000000000001776, -36.44446206922844311 ) ) ;
#1423 = LINE ( 'NONE', #671, #4806 ) ;
#1424 = DIRECTION ( 'NONE',  ( 0.000000000000000000, 1.000000000000000000, 0.000000000000000000 ) ) ;
#1425 = EDGE_CURVE ( 'NONE', #618, #3410, #3208, .T. ) ;
#1426 = ORIENTED_EDGE ( 'NONE', *, *, #580, .T. ) ;
#1427 = VERTEX_POINT ( 'NONE', #1625 ) ;
#1428 = CARTESIAN_POINT ( 'NONE',  ( 23.65942147863196610, -13.00000000000001776, -38.94446206922808074 ) ) ;
#1429 = EDGE_CURVE ( 'NONE', #284, #1790, #4767, .T. ) ;
#1430 = CARTESIAN_POINT ( 'NONE',  ( -29.22654217665574450, 7.333332127768770192, -28.87298878606237196 ) ) ;
#1431 = EDGE_LOOP ( 'NONE', ( #2946, #2603, #2273, #1656 ) ) ;
#1432 = CARTESIAN_POINT ( 'NONE',  ( 36.44446206922806653, 12.49999999999999112, -34.44446206922806653 ) ) ;
#1433 = ORIENTED_EDGE ( 'NONE', *, *, #4488, .F. ) ;
#1434 = DIRECTION ( 'NONE',  ( -1.539863046750886426E-16, 0.000000000000000000, -1.000000000000000000 ) ) ;
#1435 = DIRECTION ( 'NONE',  ( 0.000000000000000000, 1.000000000000000000, 0.000000000000000000 ) ) ;
#1436 = CARTESIAN_POINT ( 'NONE',  ( 0.000000000000000000, 8.999999999999991118, 0.000000000000000000 ) ) ;
#1437 = EDGE_CURVE ( 'NONE', #414, #5054, #2385, .T. ) ;
#1438 = EDGE_CURVE ( 'NONE', #3064, #4701, #2844, .T. ) ;
#1439 = CARTESIAN_POINT ( 'NONE',  ( -34.47145558284451283, -9.999999999999989342, 34.11790219225062515 ) ) ;
#1440 = ORIENTED_EDGE ( 'NONE', *, *, #2033, .F. ) ;
#1441 = CARTESIAN_POINT ( 'NONE',  ( -21.95680324558044205, -13.00000000000001776, 39.94446206922808074 ) ) ;
#1442 = LINE ( 'NONE', #4915, #376 ) ;
#1443 = APPROVAL_DATE_TIME ( #2279, #2360 ) ;
#1444 = ORIENTED_EDGE ( 'NONE', *, *, #1788, .T. ) ;
#1445 = LINE ( 'NONE', #3404, #4619 ) ;
#1446 = AXIS2_PLACEMENT_3D ( 'NONE', #5006, #4672, #1039 ) ;
#1447 = EDGE_LOOP ( 'NONE', ( #4825, #4148, #568, #4552, #3478, #4269 ) ) ;
#1448 = PLANE ( 'NONE',  #1038 ) ;
#1449 = DIRECTION ( 'NONE',  ( 0.000000000000000000, 1.000000000000000000, 0.000000000000000000 ) ) ;
#1450 = LINE ( 'NONE', #4189, #4713 ) ;
#1451 = AXIS2_PLACEMENT_3D ( 'NONE', #2230, #978, #666 ) ;
#1452 = ORIENTED_EDGE ( 'NONE', *, *, #3209, .T. ) ;
#1453 = EDGE_LOOP ( 'NONE', ( #4871, #1105, #2188, #3348 ) ) ;
#1454 = CARTESIAN_POINT ( 'NONE',  ( 3.036374731545746997, -8.840876020776386568, 38.94446206922807363 ) ) ;
#1455 = EDGE_CURVE ( 'NONE', #1956, #4164, #1456, .T. ) ;
#1456 = CIRCLE ( 'NONE', #3626, 2.000000000000001776 ) ;
#1457 = VECTOR ( 'NONE', #1314, 1000.000000000000000 ) ;
#1458 = CARTESIAN_POINT ( 'NONE',  ( 38.94446206922789600, -12.49999999999999112, 17.54578262260456611 ) ) ;
#1459 = ORIENTED_EDGE ( 'NONE', *, *, #3238, .T. ) ;
#1460 = CARTESIAN_POINT ( 'NONE',  ( 0.000000000000000000, 6.000000000000000000, 0.000000000000000000 ) ) ;
#1461 = B_SPLINE_CURVE_WITH_KNOTS ( 'NONE', 3,
 ( #4230, #4617, #682, #2687, #313, #335, #1936, #2712 ),
 .UNSPECIFIED., .F., .F.,
 ( 4, 2, 2, 4 ),
 ( 0.02852102708812617043, 0.03477605972726581507, 0.03790357604683564086, 0.04103109236640546664 ),
 .UNSPECIFIED. ) ;
#1462 = CIRCLE ( 'NONE', #3463, 2.000000000000001776 ) ;
#1463 = VERTEX_POINT ( 'NONE', #897 ) ;
#1464 = CARTESIAN_POINT ( 'NONE',  ( 23.65942147863196610, 12.49999999999999112, -38.94446206922808074 ) ) ;
#1465 = CARTESIAN_POINT ( 'NONE',  ( -7.961870015169545844, -6.000000000000000000, 38.94446206922807363 ) ) ;
#1466 = ORIENTED_EDGE ( 'NONE', *, *, #5128, .T. ) ;
#1467 = DIRECTION ( 'NONE',  ( 1.000000000000000000, 0.000000000000000000, 1.040834085586083310E-14 ) ) ;
#1468 = CYLINDRICAL_SURFACE ( 'NONE', #4790, 2.000000000000001776 ) ;
#1469 = EDGE_CURVE ( 'NONE', #2402, #3620, #1236, .T. ) ;
#1470 = EDGE_CURVE ( 'NONE', #3717, #5081, #4855, .T. ) ;
#1471 = CARTESIAN_POINT ( 'NONE',  ( 7.961870015169545844, -6.000000000000000000, -38.94446206922807363 ) ) ;
#1472 = CARTESIAN_POINT ( 'NONE',  ( 36.44446206922806653, -13.00000000000001776, -34.44446206922806653 ) ) ;
#1473 = APPROVAL_STATUS ( 'not_yet_approved' ) ;
#1474 = ORIENTED_EDGE ( 'NONE', *, *, #926, .F. ) ;
#1475 = CIRCLE ( 'NONE', #2468, 2.000000000000001776 ) ;
#1476 = DIRECTION ( 'NONE',  ( -0.4287738299689611288, 0.000000000000000000, -0.9034118677180128509 ) ) ;
#1477 = VECTOR ( 'NONE', #1252, 1000.000000000000000 ) ;
#1478 = VECTOR ( 'NONE', #1481, 1000.000000000000114 ) ;
#1479 = ORIENTED_EDGE ( 'NONE', *, *, #385, .F. ) ;
#1480 = CARTESIAN_POINT ( 'NONE',  ( 0.000000000000000000, 12.49999999999999112, 0.000000000000000000 ) ) ;
#1481 = DIRECTION ( 'NONE',  ( 0.7539902244475468196, -0.000000000000000000, -0.6568856380204532996 ) ) ;
#1482 = CIRCLE ( 'NONE', #136, 2.000000000000001776 ) ;
#1483 = CARTESIAN_POINT ( 'NONE',  ( 38.94446206922829390, -13.00000000000001776, -21.40233851715624880 ) ) ;
#1484 = B_SPLINE_CURVE_WITH_KNOTS ( 'NONE', 3,
 ( #3144, #1931, #306, #2003 ),
 .UNSPECIFIED., .F., .F.,
 ( 4, 4 ),
 ( 1.664805208478267384E-06, 0.01260111367849634130 ),
 .UNSPECIFIED. ) ;
#1485 = CIRCLE ( 'NONE', #2231, 37.25000000000000000 ) ;
#1486 = ORIENTED_EDGE ( 'NONE', *, *, #4411, .F. ) ;
#1487 = ORIENTED_EDGE ( 'NONE', *, *, #2614, .F. ) ;
#1488 = DIRECTION ( 'NONE',  ( -1.539863046750886426E-16, 0.000000000000000000, -1.000000000000000000 ) ) ;
#1489 = CARTESIAN_POINT ( 'NONE',  ( 38.94446206922813758, -9.164763247885282738, -6.021657201007432292 ) ) ;
#1490 = EDGE_LOOP ( 'NONE', ( #2093, #1946, #2688, #4923, #4011, #3514, #2581, #1394, #392, #905, #3023, #575, #995, #1341, #3467, #2435 ) ) ;
#1491 = DIRECTION ( 'NONE',  ( -0.7071067811865451302, 0.000000000000000000, -0.7071067811865500152 ) ) ;
#1492 = EDGE_CURVE ( 'NONE', #1720, #2447, #446, .T. ) ;
#1493 = ORIENTED_EDGE ( 'NONE', *, *, #2612, .T. ) ;
#1494 = DIRECTION ( 'NONE',  ( 0.000000000000000000, 1.000000000000000000, 0.000000000000000000 ) ) ;
#1495 = ORIENTED_EDGE ( 'NONE', *, *, #1088, .T. ) ;
#1496 = LINE ( 'NONE', #4498, #1029 ) ;
#1497 = ORIENTED_EDGE ( 'NONE', *, *, #3902, .T. ) ;
#1498 = CYLINDRICAL_SURFACE ( 'NONE', #5158, 2.000000000000001776 ) ;
#1499 = DIRECTION ( 'NONE',  ( 0.000000000000000000, 0.000000000000000000, 1.000000000000000000 ) ) ;
#1500 = EDGE_CURVE ( 'NONE', #1410, #2919, #293, .T. ) ;
#1501 = CARTESIAN_POINT ( 'NONE',  ( 0.000000000000000000, -9.999999999999989342, 43.75000000000000000 ) ) ;
#1502 = CARTESIAN_POINT ( 'NONE',  ( 36.44446206922806653, 9.999999999999987566, -36.44446206922807363 ) ) ;
#1503 = ADVANCED_FACE ( 'NONE', ( #1998 ), #1257, .F. ) ;
#1504 = PERSON_AND_ORGANIZATION_ROLE ( 'classification_officer' ) ;
#1505 = EDGE_CURVE ( 'NONE', #2919, #4862, #2475, .T. ) ;
#1506 = VERTEX_POINT ( 'NONE', #2487 ) ;
#1507 = CARTESIAN_POINT ( 'NONE',  ( -12.03064427461439934, 6.966729888475700072, -38.94446206922807363 ) ) ;
#1508 = B_SPLINE_CURVE_WITH_KNOTS ( 'NONE', 3,
 ( #364, #2405, #4801, #5154, #4005, #394, #3953, #4417 ),
 .UNSPECIFIED., .F., .F.,
 ( 4, 2, 2, 4 ),
 ( 0.02852102708812615656, 0.03477605972726581507, 0.03790357604683564779, 0.04103109236640548052 ),
 .UNSPECIFIED. ) ;
#1509 = ORIENTED_EDGE ( 'NONE', *, *, #1438, .F. ) ;
#1510 = DIRECTION ( 'NONE',  ( -0.5064405351448885151, 0.000000000000000000, 0.8622748890940515887 ) ) ;
#1511 = DIRECTION ( 'NONE',  ( -0.000000000000000000, -1.000000000000000000, -0.000000000000000000 ) ) ;
#1512 = CARTESIAN_POINT ( 'NONE',  ( 39.94446206922806653, -9.999999999999989342, 43.75000000000000000 ) ) ;
#1513 = ORIENTED_EDGE ( 'NONE', *, *, #3258, .T. ) ;
#1514 = ORIENTED_EDGE ( 'NONE', *, *, #4015, .T. ) ;
#1515 = CARTESIAN_POINT ( 'NONE',  ( 38.44446206922794573, 12.49999999999999112, 36.44446206922819442 ) ) ;
#1516 = FACE_OUTER_BOUND ( 'NONE', #3863, .T. ) ;
#1517 = VERTEX_POINT ( 'NONE', #2430 ) ;
#1518 = FACE_BOUND ( 'NONE', #2651, .T. ) ;
#1519 = EDGE_LOOP ( 'NONE', ( #1953, #1258, #1044, #3385 ) ) ;
#1520 = CYLINDRICAL_SURFACE ( 'NONE', #3808, 2.000000000000001776 ) ;
#1521 = DIRECTION ( 'NONE',  ( 0.000000000000000000, 1.000000000000000000, 0.000000000000000000 ) ) ;
#1522 = ORIENTED_EDGE ( 'NONE', *, *, #2533, .F. ) ;
#1523 = CARTESIAN_POINT ( 'NONE',  ( -37.94446206922767573, 12.49999999999999112, -39.94446206922805942 ) ) ;
#1524 = DIRECTION ( 'NONE',  ( 1.000000000000000000, -0.000000000000000000, 1.032045771185431231E-14 ) ) ;
#1525 = CARTESIAN_POINT ( 'NONE',  ( 28.28371534040707758, 6.000000000000000000, -27.93016194981370504 ) ) ;
#1526 = ADVANCED_FACE ( 'NONE', ( #4081 ), #2796, .F. ) ;
#1527 = PLANE ( 'NONE',  #3293 ) ;
#1528 = VERTEX_POINT ( 'NONE', #2092 ) ;
#1529 = CARTESIAN_POINT ( 'NONE',  ( -19.93467767831863569, 9.999999999999989342, -38.94446206922808074 ) ) ;
#1530 = EDGE_CURVE ( 'NONE', #1362, #1387, #534, .T. ) ;
#1531 = ORIENTED_EDGE ( 'NONE', *, *, #2830, .F. ) ;
#1532 = VECTOR ( 'NONE', #1800, 1000.000000000000000 ) ;
#1533 = CARTESIAN_POINT ( 'NONE',  ( 34.47145558284426414, 9.999999999999989342, 34.11790219225088094 ) ) ;
#1534 = CARTESIAN_POINT ( 'NONE',  ( -7.399870279355399299E-16, -9.999999999999989342, 38.94446206922808074 ) ) ;
#1535 = DIRECTION ( 'NONE',  ( -0.8622748890940480360, 0.000000000000000000, -0.5064405351448945103 ) ) ;
#1536 = EDGE_CURVE ( 'NONE', #4752, #1021, #3689, .T. ) ;
#1537 = ORIENTED_EDGE ( 'NONE', *, *, #4907, .F. ) ;
#1538 = DIRECTION ( 'NONE',  ( 0.000000000000000000, 0.000000000000000000, 1.000000000000000000 ) ) ;
#1539 = EDGE_CURVE ( 'NONE', #857, #1362, #3239, .T. ) ;
#1540 = CARTESIAN_POINT ( 'NONE',  ( 0.000000000000000000, 12.49999999999999112, 0.000000000000000000 ) ) ;
#1541 = ORIENTED_EDGE ( 'NONE', *, *, #3161, .F. ) ;
#1542 = CARTESIAN_POINT ( 'NONE',  ( 27.93016194981380096, 6.000000000000000000, -28.28371534040698165 ) ) ;
#1543 = VECTOR ( 'NONE', #4215, 1000.000000000000114 ) ;
#1544 = ORIENTED_EDGE ( 'NONE', *, *, #385, .T. ) ;
#1545 = AXIS2_PLACEMENT_3D ( 'NONE', #2667, #2332, #2692 ) ;
#1546 = ORIENTED_EDGE ( 'NONE', *, *, #5179, .T. ) ;
#1547 = CARTESIAN_POINT ( 'NONE',  ( -32.29980716965896193, 11.32814066756602145, 26.12950947286162062 ) ) ;
#1548 = CARTESIAN_POINT ( 'NONE',  ( 0.000000000000000000, -13.00000000000001776, 0.000000000000000000 ) ) ;
#1549 = ORIENTED_EDGE ( 'NONE', *, *, #595, .F. ) ;
#1550 = FACE_OUTER_BOUND ( 'NONE', #783, .T. ) ;
#1551 = CARTESIAN_POINT ( 'NONE',  ( 37.94446206922793863, -12.49999999999999112, 37.94446206922819442 ) ) ;
#1552 = AXIS2_PLACEMENT_3D ( 'NONE', #3966, #6, #1978 ) ;
#1553 = CIRCLE ( 'NONE', #4466, 39.75000000000000000 ) ;
#1554 = LINE ( 'NONE', #4737, #3484 ) ;
#1555 = FACE_BOUND ( 'NONE', #946, .T. ) ;
#1556 = ORIENTED_EDGE ( 'NONE', *, *, #4628, .F. ) ;
#1557 = EDGE_CURVE ( 'NONE', #1427, #703, #4443, .T. ) ;
#1558 = VERTEX_POINT ( 'NONE', #3665 ) ;
#1559 = CARTESIAN_POINT ( 'NONE',  ( 23.65942147863196610, -9.999999999999989342, -38.94446206922808074 ) ) ;
#1560 = LINE ( 'NONE', #3142, #307 ) ;
#1561 = CARTESIAN_POINT ( 'NONE',  ( -28.87298878606267394, -7.333332127768781739, 29.22654217665543541 ) ) ;
#1562 = CONICAL_SURFACE ( 'NONE', #3481, 42.71446609406726935, 0.7853981633974501664 ) ;
#1563 = CIRCLE ( 'NONE', #3814, 2.000000000000001776 ) ;
#1564 = VECTOR ( 'NONE', #2370, 1000.000000000000000 ) ;
#1565 = ORIENTED_EDGE ( 'NONE', *, *, #986, .T. ) ;
#1566 = CARTESIAN_POINT ( 'NONE',  ( -30.75863990121966296, 9.999999999999989342, 31.11219329181241022 ) ) ;
#1567 = CYLINDRICAL_SURFACE ( 'NONE', #20, 0.9999999999999991118 ) ;
#1568 = ORIENTED_EDGE ( 'NONE', *, *, #2442, .T. ) ;
#1569 = DIRECTION ( 'NONE',  ( 0.000000000000000000, 0.000000000000000000, -1.000000000000000000 ) ) ;
#1570 = VECTOR ( 'NONE', #3341, 1000.000000000000000 ) ;
#1571 = EDGE_LOOP ( 'NONE', ( #4670, #1830, #2445, #2045, #3928, #4511, #2819, #5150, #3256, #53, #3812, #316 ) ) ;
#1572 = VERTEX_POINT ( 'NONE', #1020 ) ;
#1573 = DIRECTION ( 'NONE',  ( 3.491481338843133750E-15, 0.000000000000000000, -1.000000000000000000 ) ) ;
#1574 = CARTESIAN_POINT ( 'NONE',  ( -36.44446206922806653, -9.999999999999989342, 34.44446206922806653 ) ) ;
#1575 = ORIENTED_EDGE ( 'NONE', *, *, #1857, .F. ) ;
#1576 = AXIS2_PLACEMENT_3D ( 'NONE', #3021, #2639, #1731 ) ;
#1577 = CARTESIAN_POINT ( 'NONE',  ( -36.44446206922768994, -12.49999999999999112, -36.44446206922844311 ) ) ;
#1578 = CYLINDRICAL_SURFACE ( 'NONE', #625, 1.000000000000000888 ) ;
#1579 = CARTESIAN_POINT ( 'NONE',  ( 19.29537254914641409, -12.49999999999999112, 39.94446206922808074 ) ) ;
#1580 = CARTESIAN_POINT ( 'NONE',  ( 21.40233851715665736, -13.00000000000001776, 38.94446206922807363 ) ) ;
#1581 = ORIENTED_EDGE ( 'NONE', *, *, #3724, .T. ) ;
#1582 = EDGE_LOOP ( 'NONE', ( #795, #493 ) ) ;
#1583 = DIRECTION ( 'NONE',  ( 1.000000000000000000, 0.000000000000000000, 1.040834085586083310E-14 ) ) ;
#1584 = CARTESIAN_POINT ( 'NONE',  ( -16.03156396492904889, -8.355473816029785894, 38.94446206922808074 ) ) ;
#1585 = CARTESIAN_POINT ( 'NONE',  ( 34.44446206922794573, -9.999999999999989342, 36.44446206922818021 ) ) ;
#1586 = ORIENTED_EDGE ( 'NONE', *, *, #3276, .T. ) ;
#1587 = DIRECTION ( 'NONE',  ( 0.000000000000000000, 0.000000000000000000, -1.000000000000000000 ) ) ;
#1588 = DIRECTION ( 'NONE',  ( 0.000000000000000000, 0.000000000000000000, -1.000000000000000000 ) ) ;
#1589 = CARTESIAN_POINT ( 'NONE',  ( 27.93016194981380096, -6.000000000000004441, 28.28371534040698521 ) ) ;
#1590 = EDGE_CURVE ( 'NONE', #2396, #3793, #4515, .T. ) ;
#1591 = VERTEX_POINT ( 'NONE', #2917 ) ;
#1592 = EDGE_CURVE ( 'NONE', #3279, #325, #1755, .T. ) ;
#1593 = EDGE_CURVE ( 'NONE', #1094, #4358, #1353, .T. ) ;
#1594 = ORIENTED_EDGE ( 'NONE', *, *, #3558, .F. ) ;
#1595 = LINE ( 'NONE', #3177, #4140 ) ;
#1596 = LINE ( 'NONE', #3178, #1699 ) ;
#1597 = VERTEX_POINT ( 'NONE', #3322 ) ;
#1598 = CARTESIAN_POINT ( 'NONE',  ( -37.94446206922765441, -12.49999999999999112, -39.94446206922846443 ) ) ;
#1599 = EDGE_CURVE ( 'NONE', #579, #1010, #4205, .T. ) ;
#1600 = DIRECTION ( 'NONE',  ( 0.000000000000000000, 1.000000000000000000, 0.000000000000000000 ) ) ;
#1601 = EDGE_CURVE ( 'NONE', #3543, #331, #4963, .T. ) ;
#1602 = DIRECTION ( 'NONE',  ( 0.5064405351448885151, 0.000000000000000000, -0.8622748890940515887 ) ) ;
#1603 = VERTEX_POINT ( 'NONE', #2895 ) ;
#1604 = B_SPLINE_CURVE_WITH_KNOTS ( 'NONE', 3,
 ( #2322, #3841, #3013, #1454, #4227, #4194, #332, #3498, #1072, #3120, #4723, #2600 ),
 .UNSPECIFIED., .F., .F.,
 ( 4, 2, 2, 2, 2, 4 ),
 ( 0.08150308776399974031, 0.08375331662766677399, 0.08600354549133379378, 0.09050400321866784725, 0.09500446094600190072, 0.09950491867333595419 ),
 .UNSPECIFIED. ) ;
#1605 = CARTESIAN_POINT ( 'NONE',  ( -14.90652406270713293, 12.49999999999999112, -9.112932588795615629 ) ) ;
#1606 = CARTESIAN_POINT ( 'NONE',  ( -12.44929178589171137, 8.999999999999991118, -12.29898914666278742 ) ) ;
#1607 = CARTESIAN_POINT ( 'NONE',  ( -19.93467767831862147, -9.999999999999989342, 38.94446206922808074 ) ) ;
#1608 = PLANE ( 'NONE',  #295 ) ;
#1609 = ORIENTED_EDGE ( 'NONE', *, *, #1425, .F. ) ;
#1610 = DIRECTION ( 'NONE',  ( -1.000000000000000000, 0.000000000000000000, 1.737135398614550415E-16 ) ) ;
#1611 = DIRECTION ( 'NONE',  ( 1.000000000000000000, 0.000000000000000000, 1.040834085586083310E-14 ) ) ;
#1612 = FACE_OUTER_BOUND ( 'NONE', #391, .T. ) ;
#1613 = AXIS2_PLACEMENT_3D ( 'NONE', #2007, #757, #702 ) ;
#1614 = ORIENTED_EDGE ( 'NONE', *, *, #4813, .T. ) ;
#1615 = ADVANCED_FACE ( 'NONE', ( #2561 ), #3365, .F. ) ;
#1616 = EDGE_LOOP ( 'NONE', ( #5021, #3858, #4774, #1782 ) ) ;
#1617 = DIRECTION ( 'NONE',  ( 0.000000000000000000, 1.000000000000000000, 0.000000000000000000 ) ) ;
#1618 = CARTESIAN_POINT ( 'NONE',  ( 0.000000000000000000, -12.49999999999999112, 0.000000000000000000 ) ) ;
#1619 = EDGE_LOOP ( 'NONE', ( #4903, #2521, #4603, #1376 ) ) ;
#1620 = CARTESIAN_POINT ( 'NONE',  ( -31.79478072641450836, 8.999999999999991118, -22.95356768787743462 ) ) ;
#1621 = CIRCLE ( 'NONE', #24, 1.000000000000000000 ) ;
#1622 = CARTESIAN_POINT ( 'NONE',  ( 28.28371534040707047, 6.000000000000000000, 27.93016194981370859 ) ) ;
#1623 = AXIS2_PLACEMENT_3D ( 'NONE', #153, #632, #4157 ) ;
#1624 = VECTOR ( 'NONE', #752, 1000.000000000000000 ) ;
#1625 = CARTESIAN_POINT ( 'NONE',  ( 37.94446206922793152, -12.49999999999999112, 39.94446206922820153 ) ) ;
#1626 = ORIENTED_EDGE ( 'NONE', *, *, #4972, .F. ) ;
#1627 = EDGE_CURVE ( 'NONE', #2760, #105, #578, .T. ) ;
#1628 = EDGE_CURVE ( 'NONE', #3410, #2149, #109, .T. ) ;
#1629 = VECTOR ( 'NONE', #271, 1000.000000000000000 ) ;
#1630 = ADVANCED_FACE ( 'NONE', ( #174 ), #1332, .F. ) ;
#1631 = AXIS2_PLACEMENT_3D ( 'NONE', #2151, #1001, #2172 ) ;
#1632 = ORIENTED_EDGE ( 'NONE', *, *, #2761, .T. ) ;
#1633 = CARTESIAN_POINT ( 'NONE',  ( -39.94446206922800258, -13.00000000000001776, -21.95680324558058061 ) ) ;
#1634 = DIRECTION ( 'NONE',  ( 0.7071067811865486830, -0.000000000000000000, -0.7071067811865463515 ) ) ;
#1635 = ORIENTED_EDGE ( 'NONE', *, *, #2509, .F. ) ;
#1636 = DIRECTION ( 'NONE',  ( -0.000000000000000000, -1.000000000000000000, -0.000000000000000000 ) ) ;
#1637 = VECTOR ( 'NONE', #4867, 1000.000000000000000 ) ;
#1638 = ORIENTED_EDGE ( 'NONE', *, *, #25, .T. ) ;
#1639 = CARTESIAN_POINT ( 'NONE',  ( -28.87298878606247143, 7.333332127768771080, -29.22654217665564502 ) ) ;
#1640 = CARTESIAN_POINT ( 'NONE',  ( -38.94446206922805231, -9.089763438371788240, -6.021082771795747135 ) ) ;
#1641 = CARTESIAN_POINT ( 'NONE',  ( 38.44446206922794573, -13.00000000000001776, 36.44446206922819442 ) ) ;
#1642 = CONICAL_SURFACE ( 'NONE', #220, 39.75000000000000000, 0.7853981633974491672 ) ;
#1643 = ORIENTED_EDGE ( 'NONE', *, *, #3508, .T. ) ;
#1644 = CIRCLE ( 'NONE', #555, 39.21446609406724804 ) ;
#1645 = ORIENTED_EDGE ( 'NONE', *, *, #4216, .T. ) ;
#1646 = DIRECTION ( 'NONE',  ( 0.000000000000000000, 1.000000000000000000, 0.000000000000000000 ) ) ;
#1647 = CARTESIAN_POINT ( 'NONE',  ( 37.94446206922806653, -12.49999999999999112, -37.94446206922807363 ) ) ;
#1648 = ORIENTED_EDGE ( 'NONE', *, *, #1093, .F. ) ;
#1649 = LINE ( 'NONE', #72, #3740 ) ;
#1650 = CONICAL_SURFACE ( 'NONE', #4561, 43.75000000000000000, 0.7853981633974491672 ) ;
#1651 = EDGE_CURVE ( 'NONE', #4877, #243, #3342, .T. ) ;
#1652 = VECTOR ( 'NONE', #2483, 1000.000000000000227 ) ;
#1653 = DIRECTION ( 'NONE',  ( 1.000000000000000000, 0.000000000000000000, -1.539863046750886426E-16 ) ) ;
#1654 = MANIFOLD_SOLID_BREP ( 'Cut-Extrude4', #3155 ) ;
#1655 = DIRECTION ( 'NONE',  ( 0.000000000000000000, 0.000000000000000000, -1.000000000000000000 ) ) ;
#1656 = ORIENTED_EDGE ( 'NONE', *, *, #5140, .F. ) ;
#1657 = ADVANCED_FACE ( 'NONE', ( #1836 ), #1372, .T. ) ;
#1658 = ADVANCED_FACE ( 'NONE', ( #3743 ), #4955, .T. ) ;
#1659 = EDGE_CURVE ( 'NONE', #3416, #1989, #4546, .T. ) ;
#1660 = EDGE_LOOP ( 'NONE', ( #3170, #3415, #1827, #3427 ) ) ;
#1661 = CARTESIAN_POINT ( 'NONE',  ( 36.44446206922806653, 9.999999999999987566, -34.44446206922806653 ) ) ;
#1662 = DIRECTION ( 'NONE',  ( 1.032045771185431231E-14, 0.000000000000000000, -1.000000000000000000 ) ) ;
#1663 = VERTEX_POINT ( 'NONE', #2586 ) ;
#1664 = CARTESIAN_POINT ( 'NONE',  ( 0.000000000000000000, -6.000000000000000000, 0.000000000000000000 ) ) ;
#1665 = ORIENTED_EDGE ( 'NONE', *, *, #1370, .F. ) ;
#1666 = LINE ( 'NONE', #3621, #2731 ) ;
#1667 = FACE_OUTER_BOUND ( 'NONE', #4458, .T. ) ;
#1668 = DIRECTION ( 'NONE',  ( 0.000000000000000000, 1.000000000000000000, 0.000000000000000000 ) ) ;
#1669 = CARTESIAN_POINT ( 'NONE',  ( -39.76909958749388352, 9.999999999999989342, -40.12265297808701092 ) ) ;
#1670 = VERTEX_POINT ( 'NONE', #4496 ) ;
#1671 = ORIENTED_EDGE ( 'NONE', *, *, #2394, .F. ) ;
#1672 = CARTESIAN_POINT ( 'NONE',  ( -39.94446206922800258, -13.00000000000001776, -21.95680324558058061 ) ) ;
#1673 = LINE ( 'NONE', #4926, #3271 ) ;
#1674 = ORIENTED_EDGE ( 'NONE', *, *, #272, .T. ) ;
#1675 = DIRECTION ( 'NONE',  ( 0.000000000000000000, 1.000000000000000000, 0.000000000000000000 ) ) ;
#1676 = B_SPLINE_CURVE_WITH_KNOTS ( 'NONE', 3,
 ( #4387, #4069, #2029, #2055, #5145, #411, #3229, #4433 ),
 .UNSPECIFIED., .F., .F.,
 ( 4, 2, 2, 4 ),
 ( 0.02852102708812615656, 0.03477605972726580813, 0.03790357604683564086, 0.04103109236640546664 ),
 .UNSPECIFIED. ) ;
#1677 = DIRECTION ( 'NONE',  ( -0.7071067811865536790, -0.000000000000000000, 0.7071067811865414665 ) ) ;
#1678 = DIRECTION ( 'NONE',  ( -1.000000000000000000, 0.000000000000000000, 1.539863046750886426E-16 ) ) ;
#1679 = VERTEX_POINT ( 'NONE', #603 ) ;
#1680 = ADVANCED_FACE ( 'NONE', ( #1413 ), #2192, .F. ) ;
#1681 = ORIENTED_EDGE ( 'NONE', *, *, #1272, .F. ) ;
#1682 = DIRECTION ( 'NONE',  ( -0.000000000000000000, 0.000000000000000000, -1.000000000000000000 ) ) ;
#1683 = CARTESIAN_POINT ( 'NONE',  ( -37.94446206922806653, -12.49999999999999112, 39.94446206922807363 ) ) ;
#1684 = CARTESIAN_POINT ( 'NONE',  ( 13.03985983783666036, 12.49999999999999112, -10.10999779473638149 ) ) ;
#1685 = VERTEX_POINT ( 'NONE', #1808 ) ;
#1686 = DIRECTION ( 'NONE',  ( 0.000000000000000000, 1.000000000000000000, 0.000000000000000000 ) ) ;
#1687 = DIRECTION ( 'NONE',  ( 0.000000000000000000, 0.000000000000000000, -1.000000000000000000 ) ) ;
#1688 = CARTESIAN_POINT ( 'NONE',  ( -23.65942147863196610, -13.00000000000001776, 38.94446206922808074 ) ) ;
#1689 = FACE_OUTER_BOUND ( 'NONE', #5033, .T. ) ;
#1690 = EDGE_CURVE ( 'NONE', #2222, #856, #1173, .T. ) ;
#1691 = VERTEX_POINT ( 'NONE', #3396 ) ;
#1692 = EDGE_CURVE ( 'NONE', #3895, #884, #1732, .T. ) ;
#1693 = EDGE_LOOP ( 'NONE', ( #4964, #4768, #1030, #429 ) ) ;
#1694 = CARTESIAN_POINT ( 'NONE',  ( 39.94446206922806653, -12.49999999999999112, 37.94446206922819442 ) ) ;
#1695 = CYLINDRICAL_SURFACE ( 'NONE', #3779, 39.75000000000000000 ) ;
#1696 = ORIENTED_EDGE ( 'NONE', *, *, #2699, .T. ) ;
#1697 = DIRECTION ( 'NONE',  ( 0.5064405351448885151, 0.000000000000000000, -0.8622748890940515887 ) ) ;
#1698 = VECTOR ( 'NONE', #2062, 1000.000000000000000 ) ;
#1699 = VECTOR ( 'NONE', #1197, 1000.000000000000000 ) ;
#1700 = CARTESIAN_POINT ( 'NONE',  ( 39.76909958749416063, -9.999999999999989342, -40.12265297808674802 ) ) ;
#1701 = CARTESIAN_POINT ( 'NONE',  ( -39.94446206922800258, -13.00000000000001776, -21.95680324558058061 ) ) ;
#1702 = ORIENTED_EDGE ( 'NONE', *, *, #2347, .F. ) ;
#1703 = CIRCLE ( 'NONE', #368, 42.71446609406726935 ) ;
#1704 = AXIS2_PLACEMENT_3D ( 'NONE', #4400, #51, #1655 ) ;
#1705 = VECTOR ( 'NONE', #2490, 1000.000000000000000 ) ;
#1706 = CARTESIAN_POINT ( 'NONE',  ( 17.99735995162498980, 9.142480079136401372, 38.94446206922806653 ) ) ;
#1707 = LINE ( 'NONE', #1261, #3457 ) ;
#1708 = LINE ( 'NONE', #526, #1810 ) ;
#1709 = ORIENTED_EDGE ( 'NONE', *, *, #4110, .F. ) ;
#1710 = CARTESIAN_POINT ( 'NONE',  ( 38.94446206922805942, 8.751421277030582146, 1.498009922542527406 ) ) ;
#1711 = CIRCLE ( 'NONE', #4629, 2.000000000000001776 ) ;
#1712 = ADVANCED_FACE ( 'NONE', ( #3933 ), #3052, .F. ) ;
#1713 = AXIS2_PLACEMENT_3D ( 'NONE', #583, #4130, #4577 ) ;
#1714 = EDGE_LOOP ( 'NONE', ( #1544, #3325, #2965, #3343 ) ) ;
#1715 = CARTESIAN_POINT ( 'NONE',  ( 14.57405087252043430, 8.999999999999991118, 7.736086941418536256 ) ) ;
#1716 = LINE ( 'NONE', #4530, #5146 ) ;
#1717 = PLANE ( 'NONE',  #1794 ) ;
#1718 = B_SPLINE_CURVE_WITH_KNOTS ( 'NONE', 3,
 ( #4267, #2335, #3136, #4738, #1162, #4347, #2458, #1284 ),
 .UNSPECIFIED., .F., .F.,
 ( 4, 2, 2, 4 ),
 ( 0.02852102708812617043, 0.03477605972726582895, 0.03790357604683566167, 0.04103109236640549440 ),
 .UNSPECIFIED. ) ;
#1719 = VERTEX_POINT ( 'NONE', #2640 ) ;
#1720 = VERTEX_POINT ( 'NONE', #3507 ) ;
#1721 = CARTESIAN_POINT ( 'NONE',  ( 17.54578262260414334, 12.49999999999999112, 38.94446206922807363 ) ) ;
#1722 = ADVANCED_FACE ( 'NONE', ( #1158 ), #4709, .T. ) ;
#1723 = CARTESIAN_POINT ( 'NONE',  ( 36.44446206922806653, -13.00000000000001776, -36.44446206922807363 ) ) ;
#1724 = ORIENTED_EDGE ( 'NONE', *, *, #2546, .F. ) ;
#1725 = CARTESIAN_POINT ( 'NONE',  ( -19.29537254914644961, 9.999999999999989342, -39.94446206922808074 ) ) ;
#1726 = AXIS2_PLACEMENT_3D ( 'NONE', #2573, #3331, #4188 ) ;
#1727 = AXIS2_PLACEMENT_3D ( 'NONE', #3476, #1859, #5070 ) ;
#1728 = AXIS2_PLACEMENT_3D ( 'NONE', #2678, #4667, #615 ) ;
#1729 = CARTESIAN_POINT ( 'NONE',  ( 28.28371534040707047, -6.000000000000000000, 27.93016194981370859 ) ) ;
#1730 = VECTOR ( 'NONE', #1134, 1000.000000000000000 ) ;
#1731 = DIRECTION ( 'NONE',  ( 0.000000000000000000, 0.000000000000000000, -1.000000000000000000 ) ) ;
#1732 = LINE ( 'NONE', #1439, #4540 ) ;
#1733 = ORIENTED_EDGE ( 'NONE', *, *, #3869, .F. ) ;
#1734 = EDGE_CURVE ( 'NONE', #3951, #1333, #3794, .T. ) ;
#1735 = DIRECTION ( 'NONE',  ( -0.000000000000000000, -0.000000000000000000, -1.000000000000000000 ) ) ;
#1736 = CARTESIAN_POINT ( 'NONE',  ( -12.97088306486674547, 8.999999999999991118, -11.44579366044805901 ) ) ;
#1737 = DIRECTION ( 'NONE',  ( -0.000000000000000000, -1.000000000000000000, -0.000000000000000000 ) ) ;
#1738 = ORIENTED_EDGE ( 'NONE', *, *, #2681, .F. ) ;
#1739 = CARTESIAN_POINT ( 'NONE',  ( 38.94446206922820153, 10.47005155120076481, -11.84976713331279541 ) ) ;
#1740 = ORIENTED_EDGE ( 'NONE', *, *, #1111, .F. ) ;
#1741 = DIRECTION ( 'NONE',  ( 0.000000000000000000, 1.000000000000000000, 0.000000000000000000 ) ) ;
#1742 = CARTESIAN_POINT ( 'NONE',  ( 0.000000000000000000, 0.000000000000000000, 0.000000000000000000 ) ) ;
#1743 = PLANE ( 'NONE',  #113 ) ;
#1744 = EDGE_LOOP ( 'NONE', ( #4620, #597, #3471, #5136, #3068, #3855 ) ) ;
#1745 = VERTEX_POINT ( 'NONE', #3448 ) ;
#1746 = CARTESIAN_POINT ( 'NONE',  ( -38.94446206922813758, 12.49999999999999112, 17.54578262260403676 ) ) ;
#1747 = EDGE_CURVE ( 'NONE', #1603, #2499, #3022, .T. ) ;
#1748 = CARTESIAN_POINT ( 'NONE',  ( -3.037730987984183173, -8.729995975160814936, 38.94446206922808784 ) ) ;
#1749 = ORIENTED_EDGE ( 'NONE', *, *, #3502, .T. ) ;
#1750 = PLANE ( 'NONE',  #1316 ) ;
#1751 = EDGE_CURVE ( 'NONE', #2902, #2760, #2720, .T. ) ;
#1752 = ADVANCED_FACE ( 'NONE', ( #713 ), #5102, .F. ) ;
#1753 = CARTESIAN_POINT ( 'NONE',  ( -21.95680324558044205, -13.00000000000001776, 39.94446206922808074 ) ) ;
#1754 = CARTESIAN_POINT ( 'NONE',  ( -36.44446206922806653, -9.999999999999989342, 36.44446206922807363 ) ) ;
#1755 = LINE ( 'NONE', #4910, #2943 ) ;
#1756 = EDGE_LOOP ( 'NONE', ( #2295, #600 ) ) ;
#1757 = EDGE_CURVE ( 'NONE', #2636, #2159, #1080, .T. ) ;
#1758 = ADVANCED_FACE ( 'NONE', ( #2306 ), #4734, .F. ) ;
#1759 = CARTESIAN_POINT ( 'NONE',  ( 39.94446206922806653, -12.49999999999999112, 21.95680324558050600 ) ) ;
#1760 = CARTESIAN_POINT ( 'NONE',  ( 38.94446206922762599, 9.999999999999989342, 43.75000000000039790 ) ) ;
#1761 = ORIENTED_EDGE ( 'NONE', *, *, #4998, .T. ) ;
#1762 = DIRECTION ( 'NONE',  ( -1.000000000000000000, 0.000000000000000000, -3.469446951953611033E-15 ) ) ;
#1763 = EDGE_LOOP ( 'NONE', ( #1065, #511, #2165, #4175 ) ) ;
#1764 = DIRECTION ( 'NONE',  ( 1.000000000000000000, 0.000000000000000000, 1.040834085586083310E-14 ) ) ;
#1765 = CARTESIAN_POINT ( 'NONE',  ( -7.961870015169555614, -6.000000000000000000, -38.94446206922807363 ) ) ;
#1766 = DIRECTION ( 'NONE',  ( 1.000000000000000000, 0.000000000000000000, -1.737135398614550415E-16 ) ) ;
#1767 = ORIENTED_EDGE ( 'NONE', *, *, #941, .F. ) ;
#1768 = ORIENTED_EDGE ( 'NONE', *, *, #1819, .T. ) ;
#1769 = CARTESIAN_POINT ( 'NONE',  ( -38.94446206922807363, 8.729609449425497658, -0.7359637332339606930 ) ) ;
#1770 = CARTESIAN_POINT ( 'NONE',  ( -38.94446206922804521, 6.000000000000000000, -7.961870015169680848 ) ) ;
#1771 = VERTEX_POINT ( 'NONE', #2747 ) ;
#1772 = DIRECTION ( 'NONE',  ( 0.5185605560629370503, 0.000000000000000000, -0.8550409052762899531 ) ) ;
#1773 = EDGE_CURVE ( 'NONE', #619, #2853, #659, .T. ) ;
#1774 = ORIENTED_EDGE ( 'NONE', *, *, #2800, .T. ) ;
#1775 = CARTESIAN_POINT ( 'NONE',  ( -37.94446206922767573, 9.999999999999987566, -37.94446206922846443 ) ) ;
#1776 = CIRCLE ( 'NONE', #1869, 16.50000000000000000 ) ;
#1777 = DIRECTION ( 'NONE',  ( -0.000000000000000000, 1.000000000000000000, -0.000000000000000000 ) ) ;
#1778 = DIRECTION ( 'NONE',  ( -0.000000000000000000, -1.000000000000000000, -0.000000000000000000 ) ) ;
#1779 = ORIENTED_EDGE ( 'NONE', *, *, #675, .F. ) ;
#1780 = AXIS2_PLACEMENT_3D ( 'NONE', #4704, #1521, #3978 ) ;
#1781 = LINE ( 'NONE', #1441, #899 ) ;
#1782 = ORIENTED_EDGE ( 'NONE', *, *, #707, .F. ) ;
#1783 = AXIS2_PLACEMENT_3D ( 'NONE', #1077, #4342, #684 ) ;
#1784 = PLANE ( 'NONE',  #3892 ) ;
#1785 = CARTESIAN_POINT ( 'NONE',  ( -36.44446206922768994, 9.999999999999987566, -36.44446206922844311 ) ) ;
#1786 = ORIENTED_EDGE ( 'NONE', *, *, #3382, .T. ) ;
#1787 = PLANE ( 'NONE',  #1451 ) ;
#1788 = EDGE_CURVE ( 'NONE', #4358, #1801, #5130, .T. ) ;
#1789 = AXIS2_PLACEMENT_3D ( 'NONE', #2220, #4179, #942 ) ;
#1790 = VERTEX_POINT ( 'NONE', #1050 ) ;
#1791 = CARTESIAN_POINT ( 'NONE',  ( 38.94446206922829390, -13.00000000000001776, -21.40233851715624880 ) ) ;
#1792 = DIRECTION ( 'NONE',  ( -1.000000000000000000, 0.000000000000000000, 1.539863046750886426E-16 ) ) ;
#1793 = CARTESIAN_POINT ( 'NONE',  ( 37.94446206922806653, -12.49999999999999112, -37.94446206922807363 ) ) ;
#1794 = AXIS2_PLACEMENT_3D ( 'NONE', #4457, #2881, #2473 ) ;
#1795 = AXIS2_PLACEMENT_3D ( 'NONE', #328, #3065, #3113 ) ;
#1796 = ORIENTED_EDGE ( 'NONE', *, *, #4912, .T. ) ;
#1797 = VECTOR ( 'NONE', #1636, 1000.000000000000000 ) ;
#1798 = ORIENTED_EDGE ( 'NONE', *, *, #836, .T. ) ;
#1799 = CARTESIAN_POINT ( 'NONE',  ( -23.65942147863196610, -13.00000000000001776, 38.94446206922808074 ) ) ;
#1800 = DIRECTION ( 'NONE',  ( 0.000000000000000000, 1.000000000000000000, 0.000000000000000000 ) ) ;
#1801 = VERTEX_POINT ( 'NONE', #3877 ) ;
#1802 = DIRECTION ( 'NONE',  ( -0.000000000000000000, -1.000000000000000000, -0.000000000000000000 ) ) ;
#1803 = CIRCLE ( 'NONE', #4883, 43.75000000000000000 ) ;
#1804 = ORIENTED_EDGE ( 'NONE', *, *, #403, .T. ) ;
#1805 = DIRECTION ( 'NONE',  ( 0.8622748890940532540, 0.000000000000000000, 0.5064405351448855175 ) ) ;
#1806 = CYLINDRICAL_SURFACE ( 'NONE', #561, 2.000000000000001776 ) ;
#1807 = EDGE_CURVE ( 'NONE', #2348, #3500, #1287, .T. ) ;
#1808 = CARTESIAN_POINT ( 'NONE',  ( -21.95680324558043495, 9.999999999999989342, 39.94446206922808784 ) ) ;
#1809 = ORIENTED_EDGE ( 'NONE', *, *, #3259, .F. ) ;
#1810 = VECTOR ( 'NONE', #4916, 1000.000000000000000 ) ;
#1811 = VECTOR ( 'NONE', #3923, 1000.000000000000000 ) ;
#1812 = CARTESIAN_POINT ( 'NONE',  ( 12.08814175137814395, 6.826486521030463273, -38.94446206922808074 ) ) ;
#1813 = EDGE_CURVE ( 'NONE', #1014, #4752, #4320, .T. ) ;
#1814 = CARTESIAN_POINT ( 'NONE',  ( 38.94446206922815890, -6.000000000000000000, -7.961870015169147941 ) ) ;
#1815 = PERSON_AND_ORGANIZATION_ROLE ( 'creator' ) ;
#1816 = ORIENTED_EDGE ( 'NONE', *, *, #445, .T. ) ;
#1817 = DIRECTION ( 'NONE',  ( -0.000000000000000000, 0.000000000000000000, -1.000000000000000000 ) ) ;
#1818 = EDGE_CURVE ( 'NONE', #4520, #3525, #4238, .T. ) ;
#1819 = EDGE_CURVE ( 'NONE', #1333, #325, #1130, .T. ) ;
#1820 = ORIENTED_EDGE ( 'NONE', *, *, #1053, .F. ) ;
#1821 = CARTESIAN_POINT ( 'NONE',  ( 19.29537254914641409, -13.00000000000001776, 39.94446206922808074 ) ) ;
#1822 = DIRECTION ( 'NONE',  ( -0.000000000000000000, -1.000000000000000000, -0.000000000000000000 ) ) ;
#1823 = DIRECTION ( 'NONE',  ( 0.7071067811865487940, -0.000000000000000000, 0.7071067811865463515 ) ) ;
#1824 = ORIENTED_EDGE ( 'NONE', *, *, #5083, .F. ) ;
#1825 = EDGE_CURVE ( 'NONE', #5061, #3802, #3288, .T. ) ;
#1826 = ADVANCED_FACE ( 'NONE', ( #5126 ), #1468, .T. ) ;
#1827 = ORIENTED_EDGE ( 'NONE', *, *, #5086, .T. ) ;
#1828 = CARTESIAN_POINT ( 'NONE',  ( -1.516664194670314103, 8.752161220496697425, 38.94446206922807363 ) ) ;
#1829 = CARTESIAN_POINT ( 'NONE',  ( -23.65942147863196610, -13.00000000000001776, 38.94446206922808074 ) ) ;
#1830 = ORIENTED_EDGE ( 'NONE', *, *, #2016, .T. ) ;
#1831 = DIRECTION ( 'NONE',  ( 1.000000000000000000, 0.000000000000000000, -1.737135398614550415E-16 ) ) ;
#1832 = EDGE_LOOP ( 'NONE', ( #4595, #651, #3564, #3152 ) ) ;
#1833 = DIRECTION ( 'NONE',  ( 0.000000000000000000, 1.000000000000000000, 0.000000000000000000 ) ) ;
#1834 = CARTESIAN_POINT ( 'NONE',  ( 17.54578262260415400, 12.49999999999999112, -38.94446206922807363 ) ) ;
#1835 = CARTESIAN_POINT ( 'NONE',  ( -10.42573190781426185, -10.07627313803576108, -38.94446206922807363 ) ) ;
#1836 = FACE_OUTER_BOUND ( 'NONE', #4096, .T. ) ;
#1837 = ORIENTED_EDGE ( 'NONE', *, *, #507, .F. ) ;
#1838 = DIRECTION ( 'NONE',  ( 1.000000000000000000, 0.000000000000000000, 1.040834085586083310E-14 ) ) ;
#1839 = EDGE_LOOP ( 'NONE', ( #1928, #4579 ) ) ;
#1840 = DIRECTION ( 'NONE',  ( -0.000000000000000000, -1.000000000000000000, -0.000000000000000000 ) ) ;
#1841 = DIRECTION ( 'NONE',  ( 0.000000000000000000, 0.000000000000000000, 1.000000000000000000 ) ) ;
#1842 = ORIENTED_EDGE ( 'NONE', *, *, #3319, .F. ) ;
#1843 = LINE ( 'NONE', #182, #617 ) ;
#1844 = B_SPLINE_CURVE_WITH_KNOTS ( 'NONE', 3,
 ( #151, #3364, #2939, #1385 ),
 .UNSPECIFIED., .F., .F.,
 ( 4, 4 ),
 ( 2.828455095727549267E-07, 0.005657187921889739179 ),
 .UNSPECIFIED. ) ;
#1845 = EDGE_CURVE ( 'NONE', #4337, #216, #1879, .T. ) ;
#1846 = ORIENTED_EDGE ( 'NONE', *, *, #4251, .F. ) ;
#1847 = CARTESIAN_POINT ( 'NONE',  ( 14.93876612691328276, 12.49999999999999112, 9.059981600720190542 ) ) ;
#1848 = CARTESIAN_POINT ( 'NONE',  ( 38.94446206922815890, 6.000000000000000000, -7.961870015169147941 ) ) ;
#1849 = CARTESIAN_POINT ( 'NONE',  ( 31.11219329181271931, -9.999999999999989342, 30.75863990121935387 ) ) ;
#1850 = ORIENTED_EDGE ( 'NONE', *, *, #599, .T. ) ;
#1851 = ORIENTED_EDGE ( 'NONE', *, *, #5011, .F. ) ;
#1852 = LINE ( 'NONE', #3864, #5149 ) ;
#1853 = CARTESIAN_POINT ( 'NONE',  ( -38.94446206922802389, 8.234152938990787263, -16.05922956895816966 ) ) ;
#1854 = ORIENTED_EDGE ( 'NONE', *, *, #5083, .T. ) ;
#1855 = DIRECTION ( 'NONE',  ( -0.7071067811865487940, -0.000000000000000000, -0.7071067811865463515 ) ) ;
#1856 = ADVANCED_FACE ( 'NONE', ( #1966 ), #4043, .F. ) ;
#1857 = EDGE_CURVE ( 'NONE', #3781, #1904, #4070, .T. ) ;
#1858 = ORIENTED_EDGE ( 'NONE', *, *, #4026, .T. ) ;
#1859 = DIRECTION ( 'NONE',  ( -0.000000000000000000, -1.000000000000000000, -0.000000000000000000 ) ) ;
#1860 = DIRECTION ( 'NONE',  ( 0.000000000000000000, -1.000000000000000000, 0.000000000000000000 ) ) ;
#1861 = CARTESIAN_POINT ( 'NONE',  ( 0.000000000000000000, 6.000000000000000000, 0.000000000000000000 ) ) ;
#1862 = CARTESIAN_POINT ( 'NONE',  ( -39.94446206922808074, 12.49999999999999112, -39.94446206922805942 ) ) ;
#1863 = ORIENTED_EDGE ( 'NONE', *, *, #206, .T. ) ;
#1864 = DIRECTION ( 'NONE',  ( -0.000000000000000000, -0.000000000000000000, -1.000000000000000000 ) ) ;
#1865 = FACE_OUTER_BOUND ( 'NONE', #4259, .T. ) ;
#1866 = APPROVAL_ROLE ( '' ) ;
#1867 = EDGE_LOOP ( 'NONE', ( #4698, #782 ) ) ;
#1868 = DIRECTION ( 'NONE',  ( 0.000000000000000000, 1.000000000000000000, 0.000000000000000000 ) ) ;
#1869 = AXIS2_PLACEMENT_3D ( 'NONE', #1540, #3998, #3123 ) ;
#1870 = ORIENTED_EDGE ( 'NONE', *, *, #4379, .F. ) ;
#1871 = CARTESIAN_POINT ( 'NONE',  ( -23.65942147863196610, -13.00000000000001776, 38.94446206922808074 ) ) ;
#1872 = DIRECTION ( 'NONE',  ( -0.8622748890940532540, 0.000000000000000000, -0.5064405351448855175 ) ) ;
#1873 = CARTESIAN_POINT ( 'NONE',  ( 39.94446206922806653, -9.999999999999989342, -37.94446206922806653 ) ) ;
#1874 = ADVANCED_FACE ( 'NONE', ( #910 ), #1578, .F. ) ;
#1875 = VECTOR ( 'NONE', #3774, 1000.000000000000114 ) ;
#1876 = ORIENTED_EDGE ( 'NONE', *, *, #3545, .T. ) ;
#1877 = ORIENTED_EDGE ( 'NONE', *, *, #2066, .F. ) ;
#1878 = FACE_OUTER_BOUND ( 'NONE', #823, .T. ) ;
#1879 = CIRCLE ( 'NONE', #2534, 2.000000000000001776 ) ;
#1880 = CIRCLE ( 'NONE', #2118, 2.000000000000001776 ) ;
#1881 = LINE ( 'NONE', #2602, #2282 ) ;
#1882 = ORIENTED_EDGE ( 'NONE', *, *, #3663, .F. ) ;
#1883 = LINE ( 'NONE', #3867, #3046 ) ;
#1884 = AXIS2_PLACEMENT_3D ( 'NONE', #5090, #330, #4719 ) ;
#1885 = CIRCLE ( 'NONE', #3971, 39.75000000000000000 ) ;
#1886 = EDGE_CURVE ( 'NONE', #232, #1046, #1180, .T. ) ;
#1887 = EDGE_CURVE ( 'NONE', #4877, #2919, #4756, .T. ) ;
#1888 = ORIENTED_EDGE ( 'NONE', *, *, #822, .T. ) ;
#1889 = CARTESIAN_POINT ( 'NONE',  ( 36.44446206922806653, -13.00000000000001776, -36.44446206922807363 ) ) ;
#1890 = CARTESIAN_POINT ( 'NONE',  ( 0.000000000000000000, 8.999999999999991118, 0.000000000000000000 ) ) ;
#1891 = VERTEX_POINT ( 'NONE', #2056 ) ;
#1892 = LINE ( 'NONE', #4318, #2150 ) ;
#1893 = CARTESIAN_POINT ( 'NONE',  ( -39.94446206922808074, 12.49999999999999112, 39.94446206922808784 ) ) ;
#1894 = AXIS2_PLACEMENT_3D ( 'NONE', #759, #4312, #5034 ) ;
#1895 = CARTESIAN_POINT ( 'NONE',  ( 0.000000000000000000, -9.999999999999989342, 43.75000000000000000 ) ) ;
#1896 = LINE ( 'NONE', #3487, #5047 ) ;
#1897 = COORDINATED_UNIVERSAL_TIME_OFFSET ( 5, 0, .AHEAD. ) ;
#1898 = EDGE_LOOP ( 'NONE', ( #3945, #1994, #195, #821, #2743, #988 ) ) ;
#1900 = EDGE_CURVE ( 'NONE', #963, #3279, #454, .T. ) ;
#1899 = VECTOR ( 'NONE', #1634, 1000.000000000000114 ) ;
#1901 = DIRECTION ( 'NONE',  ( 0.7071067811865486830, 0.000000000000000000, -0.7071067811865463515 ) ) ;
#1902 = AXIS2_PLACEMENT_3D ( 'NONE', #4590, #961, #2578 ) ;
#1903 =( GEOMETRIC_REPRESENTATION_CONTEXT ( 3 ) GLOBAL_UNCERTAINTY_ASSIGNED_CONTEXT ( ( #421 ) ) GLOBAL_UNIT_ASSIGNED_CONTEXT ( ( #3721, #4131, #264 ) ) REPRESENTATION_CONTEXT ( 'NONE', 'WORKASPACE' ) );
#1904 = VERTEX_POINT ( 'NONE', #2443 ) ;
#1905 = LINE ( 'NONE', #3538, #2208 ) ;
#1906 = DIRECTION ( 'NONE',  ( 0.000000000000000000, 0.000000000000000000, -1.000000000000000000 ) ) ;
#1907 = AXIS2_PLACEMENT_3D ( 'NONE', #2171, #1359, #4602 ) ;
#1908 = CARTESIAN_POINT ( 'NONE',  ( -34.47145558284426414, -9.999999999999989342, -34.11790219225087384 ) ) ;
#1909 = EDGE_LOOP ( 'NONE', ( #3006, #755, #2828, #2013 ) ) ;
#1910 = ORIENTED_EDGE ( 'NONE', *, *, #1557, .F. ) ;
#1911 = CARTESIAN_POINT ( 'NONE',  ( -8.447906909320405333, 12.49999999999999112, 15.32588884376552940 ) ) ;
#1912 = DIRECTION ( 'NONE',  ( 0.000000000000000000, 1.000000000000000000, 0.000000000000000000 ) ) ;
#1913 = VERTEX_POINT ( 'NONE', #1344 ) ;
#1914 = DIRECTION ( 'NONE',  ( 0.000000000000000000, 1.000000000000000000, 0.000000000000000000 ) ) ;
#1915 = ADVANCED_FACE ( 'NONE', ( #1689 ), #1743, .F. ) ;
#1916 = ORIENTED_EDGE ( 'NONE', *, *, #4488, .T. ) ;
#1917 = DIRECTION ( 'NONE',  ( 0.000000000000000000, -1.000000000000000000, -0.000000000000000000 ) ) ;
#1918 = LINE ( 'NONE', #3129, #4371 ) ;
#1919 = FACE_BOUND ( 'NONE', #1285, .T. ) ;
#1920 = DIRECTION ( 'NONE',  ( 1.000000000000000000, 0.000000000000000000, -1.737135398614549922E-16 ) ) ;
#1921 = ADVANCED_FACE ( 'NONE', ( #4868 ), #3332, .F. ) ;
#1922 = CARTESIAN_POINT ( 'NONE',  ( 28.28371534040707047, 6.000000000000000000, 27.93016194981370859 ) ) ;
#1923 = DIRECTION ( 'NONE',  ( 0.000000000000000000, 0.000000000000000000, -1.000000000000000000 ) ) ;
#1924 = ORIENTED_EDGE ( 'NONE', *, *, #3927, .F. ) ;
#1925 = CARTESIAN_POINT ( 'NONE',  ( -15.03708780354971353, 7.986030918081029384, -38.94446206922808074 ) ) ;
#1926 = EDGE_CURVE ( 'NONE', #5087, #4739, #3699, .T. ) ;
#1927 = ADVANCED_FACE ( 'NONE', ( #4115 ), #1717, .F. ) ;
#1928 = ORIENTED_EDGE ( 'NONE', *, *, #2993, .F. ) ;
#1929 = DIRECTION ( 'NONE',  ( 0.000000000000000000, 0.000000000000000000, 1.000000000000000000 ) ) ;
#1930 = DIRECTION ( 'NONE',  ( -0.9632519435253612539, -0.000000000000000000, 0.2685995035263731290 ) ) ;
#1931 = CARTESIAN_POINT ( 'NONE',  ( 16.05922956895803466, -8.234152938990778381, 38.94446206922807363 ) ) ;
#1932 = ORIENTED_EDGE ( 'NONE', *, *, #4054, .F. ) ;
#1933 = CARTESIAN_POINT ( 'NONE',  ( 0.000000000000000000, 8.999999999999991118, 0.000000000000000000 ) ) ;
#1934 = DIRECTION ( 'NONE',  ( 0.000000000000000000, 0.000000000000000000, 1.000000000000000000 ) ) ;
#1935 = EDGE_LOOP ( 'NONE', ( #1565, #1112, #515, #4058, #2193, #3091, #3682 ) ) ;
#1936 = CARTESIAN_POINT ( 'NONE',  ( 18.97031980920132099, -9.560590553430683869, -38.94446206922808074 ) ) ;
#1937 = ORIENTED_EDGE ( 'NONE', *, *, #3435, .F. ) ;
#1938 = CARTESIAN_POINT ( 'NONE',  ( 34.44446206922794573, -13.00000000000001776, 36.44446206922818021 ) ) ;
#1939 = DIRECTION ( 'NONE',  ( -0.000000000000000000, -1.000000000000000000, -0.000000000000000000 ) ) ;
#1940 = ORIENTED_EDGE ( 'NONE', *, *, #1106, .F. ) ;
#1941 = LINE ( 'NONE', #288, #3571 ) ;
#1942 = DIRECTION ( 'NONE',  ( 0.000000000000000000, 1.000000000000000000, 0.000000000000000000 ) ) ;
#1943 = EDGE_CURVE ( 'NONE', #1005, #275, #2497, .T. ) ;
#1944 = DIRECTION ( 'NONE',  ( 0.000000000000000000, 0.000000000000000000, -1.000000000000000000 ) ) ;
#1945 = CYLINDRICAL_SURFACE ( 'NONE', #4304, 2.000000000000001776 ) ;
#1946 = ORIENTED_EDGE ( 'NONE', *, *, #1557, .T. ) ;
#1947 = VERTEX_POINT ( 'NONE', #533 ) ;
#1948 = VECTOR ( 'NONE', #2736, 1000.000000000000000 ) ;
#1949 = CARTESIAN_POINT ( 'NONE',  ( 29.81581469192569145, -8.666665571327996531, -30.16936808251886148 ) ) ;
#1950 = CARTESIAN_POINT ( 'NONE',  ( 2.474409299861518807, -12.49999999999999112, 47.92796227980350210 ) ) ;
#1951 = DIRECTION ( 'NONE',  ( 0.000000000000000000, -1.000000000000000000, 0.000000000000000000 ) ) ;
#1952 = AXIS2_PLACEMENT_3D ( 'NONE', #3477, #4203, #3049 ) ;
#1953 = ORIENTED_EDGE ( 'NONE', *, *, #1807, .F. ) ;
#1954 = DIRECTION ( 'NONE',  ( -0.5064405351448856285, 0.000000000000000000, 0.8622748890940533650 ) ) ;
#1955 = CARTESIAN_POINT ( 'NONE',  ( 38.94446206922794573, 6.826486521030462384, 12.08814175137856139 ) ) ;
#1956 = VERTEX_POINT ( 'NONE', #4094 ) ;
#1957 = LINE ( 'NONE', #2738, #4970 ) ;
#1958 = CIRCLE ( 'NONE', #3111, 2.000000000000001776 ) ;
#1959 = EDGE_LOOP ( 'NONE', ( #1991, #3150, #2321, #204 ) ) ;
#1960 = AXIS2_PLACEMENT_3D ( 'NONE', #22, #2822, #2870 ) ;
#1961 = VECTOR ( 'NONE', #1031, 1000.000000000000000 ) ;
#1962 = EDGE_LOOP ( 'NONE', ( #4663, #2, #1671, #144 ) ) ;
#1963 = CARTESIAN_POINT ( 'NONE',  ( 0.000000000000000000, 9.999999999999989342, 0.000000000000000000 ) ) ;
#1964 = CARTESIAN_POINT ( 'NONE',  ( -39.94446206922800258, -13.00000000000001776, -21.95680324558058061 ) ) ;
#1965 = CYLINDRICAL_SURFACE ( 'NONE', #4486, 39.75000000000000000 ) ;
#1966 = FACE_OUTER_BOUND ( 'NONE', #1616, .T. ) ;
#1967 = B_SPLINE_CURVE_WITH_KNOTS ( 'NONE', 3,
 ( #1525, #4708, #4680, #3531 ),
 .UNSPECIFIED., .F., .F.,
 ( 4, 4 ),
 ( 2.828455095715283171E-07, 0.005657187921889734843 ),
 .UNSPECIFIED. ) ;
#1968 = AXIS2_PLACEMENT_3D ( 'NONE', #3430, #5026, #2158 ) ;
#1969 = AXIS2_PLACEMENT_3D ( 'NONE', #4666, #3087, #3459 ) ;
#1970 = FACE_OUTER_BOUND ( 'NONE', #1571, .T. ) ;
#1971 = LINE ( 'NONE', #3914, #1043 ) ;
#1972 = ORIENTED_EDGE ( 'NONE', *, *, #403, .F. ) ;
#1973 = ADVANCED_FACE ( 'NONE', ( #3307 ), #2930, .F. ) ;
#1974 = CONICAL_SURFACE ( 'NONE', #1138, 43.75000000000000000, 0.7853981633974491672 ) ;
#1975 = ORIENTED_EDGE ( 'NONE', *, *, #2287, .F. ) ;
#1976 = FACE_OUTER_BOUND ( 'NONE', #168, .T. ) ;
#1977 = CARTESIAN_POINT ( 'NONE',  ( -7.399870279355399299E-16, 9.999999999999989342, 38.94446206922808074 ) ) ;
#1978 = DIRECTION ( 'NONE',  ( 0.000000000000000000, 0.000000000000000000, 1.000000000000000000 ) ) ;
#1979 = CIRCLE ( 'NONE', #4735, 2.000000000000001776 ) ;
#1980 = EDGE_CURVE ( 'NONE', #2155, #2229, #2520, .T. ) ;
#1981 = AXIS2_PLACEMENT_3D ( 'NONE', #1166, #4351, #3539 ) ;
#1982 = ORIENTED_EDGE ( 'NONE', *, *, #4277, .F. ) ;
#1983 = CARTESIAN_POINT ( 'NONE',  ( -36.44446206922806653, -13.00000000000001776, 34.44446206922806653 ) ) ;
#1984 = CARTESIAN_POINT ( 'NONE',  ( -11.73790368384075578, 8.999999999999991118, -11.59618976685348635 ) ) ;
#1985 = LINE ( 'NONE', #1192, #4059 ) ;
#1986 = CONICAL_SURFACE ( 'NONE', #904, 43.75000000000000000, 0.7853981633974491672 ) ;
#1987 = EDGE_CURVE ( 'NONE', #3231, #4882, #3251, .T. ) ;
#1988 = ADVANCED_FACE ( 'NONE', ( #954 ), #162, .F. ) ;
#1989 = VERTEX_POINT ( 'NONE', #1873 ) ;
#1990 = EDGE_CURVE ( 'NONE', #2557, #216, #2238, .T. ) ;
#1991 = ORIENTED_EDGE ( 'NONE', *, *, #4517, .F. ) ;
#1992 = DIRECTION ( 'NONE',  ( 0.000000000000000000, 0.000000000000000000, 1.000000000000000000 ) ) ;
#1993 = CYLINDRICAL_SURFACE ( 'NONE', #3535, 4.000000000000000000 ) ;
#1994 = ORIENTED_EDGE ( 'NONE', *, *, #3438, .T. ) ;
#1995 = CIRCLE ( 'NONE', #402, 16.50000000000000000 ) ;
#1996 = CARTESIAN_POINT ( 'NONE',  ( -19.29537254914641409, -13.00000000000001776, -39.94446206922808074 ) ) ;
#1997 = CARTESIAN_POINT ( 'NONE',  ( -23.65942147863196610, -13.00000000000001776, 38.94446206922808074 ) ) ;
#1998 = FACE_OUTER_BOUND ( 'NONE', #3645, .T. ) ;
#1999 = ORIENTED_EDGE ( 'NONE', *, *, #2579, .F. ) ;
#2000 = ORIENTED_EDGE ( 'NONE', *, *, #1900, .F. ) ;
#2001 = CARTESIAN_POINT ( 'NONE',  ( 0.000000000000000000, 8.999999999999991118, 0.000000000000000000 ) ) ;
#2002 = CARTESIAN_POINT ( 'NONE',  ( 4.561809326823890580E-15, 7.035533905932745746, -37.25000000000000000 ) ) ;
#2003 = CARTESIAN_POINT ( 'NONE',  ( 7.961870015169555614, -6.000000000000000000, 38.94446206922807363 ) ) ;
#2004 = EDGE_CURVE ( 'NONE', #2315, #3822, #4946, .T. ) ;
#2005 = VERTEX_POINT ( 'NONE', #1849 ) ;
#2006 = LINE ( 'NONE', #4431, #979 ) ;
#2007 = CARTESIAN_POINT ( 'NONE',  ( -14.90652406270713293, 8.999999999999991118, -9.112932588795615629 ) ) ;
#2008 = LINE ( 'NONE', #65, #2387 ) ;
#2009 = ORIENTED_EDGE ( 'NONE', *, *, #463, .F. ) ;
#2010 = ORIENTED_EDGE ( 'NONE', *, *, #1160, .T. ) ;
#2011 = DIRECTION ( 'NONE',  ( 0.000000000000000000, 1.000000000000000000, 0.000000000000000000 ) ) ;
#2012 = CARTESIAN_POINT ( 'NONE',  ( -38.94446206922814468, 9.999999999999989342, 21.40233851715652236 ) ) ;
#2013 = ORIENTED_EDGE ( 'NONE', *, *, #4938, .F. ) ;
#2014 = LINE ( 'NONE', #494, #2649 ) ;
#2015 = EDGE_CURVE ( 'NONE', #3781, #3416, #2297, .T. ) ;
#2016 = EDGE_CURVE ( 'NONE', #1989, #3465, #958, .T. ) ;
#2017 = CARTESIAN_POINT ( 'NONE',  ( 38.94446206922829390, -13.00000000000001776, -21.40233851715624880 ) ) ;
#2018 = CARTESIAN_POINT ( 'NONE',  ( -5.805289883951980470E-16, -12.49999999999999112, 38.94446206922808074 ) ) ;
#2019 = ORIENTED_EDGE ( 'NONE', *, *, #2669, .F. ) ;
#2020 = VERTEX_POINT ( 'NONE', #4610 ) ;
#2021 = DIRECTION ( 'NONE',  ( 0.000000000000000000, -1.000000000000000000, 0.000000000000000000 ) ) ;
#2022 = CARTESIAN_POINT ( 'NONE',  ( 0.000000000000000000, 12.49999999999999112, 0.000000000000000000 ) ) ;
#2023 = ORIENTED_EDGE ( 'NONE', *, *, #3367, .T. ) ;
#2024 = DIRECTION ( 'NONE',  ( -0.000000000000000000, -1.000000000000000000, -0.000000000000000000 ) ) ;
#2025 = ORIENTED_EDGE ( 'NONE', *, *, #4152, .T. ) ;
#2026 = LINE ( 'NONE', #3247, #2395 ) ;
#2027 = EDGE_CURVE ( 'NONE', #404, #4877, #1402, .T. ) ;
#2028 = FACE_OUTER_BOUND ( 'NONE', #4975, .T. ) ;
#2029 = CARTESIAN_POINT ( 'NONE',  ( -38.94446206922803810, -6.966729888475700960, -12.03064427461452368 ) ) ;
#2030 = EDGE_LOOP ( 'NONE', ( #13, #530, #1635, #2922 ) ) ;
#2031 = ORIENTED_EDGE ( 'NONE', *, *, #419, .T. ) ;
#2032 = DIRECTION ( 'NONE',  ( 0.5064405351448945103, 0.000000000000000000, -0.8622748890940480360 ) ) ;
#2033 = EDGE_CURVE ( 'NONE', #77, #3582, #1371, .T. ) ;
#2034 = AXIS2_PLACEMENT_3D ( 'NONE', #1004, #2175, #2154 ) ;
#2035 = LINE ( 'NONE', #2136, #1698 ) ;
#2036 = ORIENTED_EDGE ( 'NONE', *, *, #445, .F. ) ;
#2037 = LINE ( 'NONE', #2767, #137 ) ;
#2038 = AXIS2_PLACEMENT_3D ( 'NONE', #2069, #3586, #496 ) ;
#2039 = EDGE_CURVE ( 'NONE', #582, #2289, #2207, .T. ) ;
#2040 = PRODUCT_DEFINITION ( 'UNKNOWN', '', #2956, #3610 ) ;
#2041 = DIRECTION ( 'NONE',  ( -0.000000000000000000, -1.000000000000000000, -0.000000000000000000 ) ) ;
#2042 = VECTOR ( 'NONE', #1311, 1000.000000000000000 ) ;
#2043 = AXIS2_PLACEMENT_3D ( 'NONE', #1480, #2316, #3569 ) ;
#2044 = CARTESIAN_POINT ( 'NONE',  ( -36.44446206922806653, -12.49999999999999112, 36.44446206922807363 ) ) ;
#2045 = ORIENTED_EDGE ( 'NONE', *, *, #4040, .F. ) ;
#2046 = CIRCLE ( 'NONE', #1131, 42.71446609406726935 ) ;
#2047 = ORIENTED_EDGE ( 'NONE', *, *, #1206, .F. ) ;
#2048 = LINE ( 'NONE', #478, #2620 ) ;
#2049 = LINE ( 'NONE', #2804, #972 ) ;
#2050 = CARTESIAN_POINT ( 'NONE',  ( 10.21798158271917245, 8.999999999999991118, -14.20714089376225964 ) ) ;
#2051 = CIRCLE ( 'NONE', #4472, 42.71446609406726935 ) ;
#2052 = ORIENTED_EDGE ( 'NONE', *, *, #205, .T. ) ;
#2053 = CARTESIAN_POINT ( 'NONE',  ( -6.610734650314263242E-16, -9.999999999999989342, 39.94446206922808074 ) ) ;
#2054 = DIRECTION ( 'NONE',  ( 0.000000000000000000, 0.000000000000000000, 1.000000000000000000 ) ) ;
#2055 = CARTESIAN_POINT ( 'NONE',  ( -38.94446206922801679, -7.986030918081032937, -15.03708780354983965 ) ) ;
#2056 = CARTESIAN_POINT ( 'NONE',  ( -31.11219329181272286, 9.999999999999989342, -30.75863990121935032 ) ) ;
#2057 = CIRCLE ( 'NONE', #3904, 2.000000000000001776 ) ;
#2058 = AXIS2_PLACEMENT_3D ( 'NONE', #701, #4255, #3434 ) ;
#2059 = EDGE_LOOP ( 'NONE', ( #1493, #3898 ) ) ;
#2060 = ORIENTED_EDGE ( 'NONE', *, *, #4966, .F. ) ;
#2061 = CARTESIAN_POINT ( 'NONE',  ( 0.000000000000000000, -6.000000000000000000, 0.000000000000000000 ) ) ;
#2062 = DIRECTION ( 'NONE',  ( 0.000000000000000000, 1.000000000000000000, 0.000000000000000000 ) ) ;
#2063 = ORIENTED_EDGE ( 'NONE', *, *, #2140, .F. ) ;
#2064 = DIRECTION ( 'NONE',  ( 0.000000000000000000, 0.000000000000000000, -1.000000000000000000 ) ) ;
#2065 = AXIS2_PLACEMENT_3D ( 'NONE', #2658, #3997, #4746 ) ;
#2066 = EDGE_CURVE ( 'NONE', #2728, #147, #1450, .T. ) ;
#2067 = VECTOR ( 'NONE', #3285, 1000.000000000000000 ) ;
#2068 = CARTESIAN_POINT ( 'NONE',  ( 0.000000000000000000, -6.000000000000000000, 0.000000000000000000 ) ) ;
#2069 = CARTESIAN_POINT ( 'NONE',  ( -36.44446206922806653, -13.00000000000001776, 36.44446206922807363 ) ) ;
#2070 = EDGE_CURVE ( 'NONE', #2557, #3976, #2714, .T. ) ;
#2071 = EDGE_LOOP ( 'NONE', ( #4917, #3882, #3840, #4105 ) ) ;
#2072 = EDGE_LOOP ( 'NONE', ( #1414, #308, #1850, #4593, #982, #4898 ) ) ;
#2073 = DIRECTION ( 'NONE',  ( 0.000000000000000000, 0.000000000000000000, -1.000000000000000000 ) ) ;
#2074 = FACE_OUTER_BOUND ( 'NONE', #683, .T. ) ;
#2075 = ORIENTED_EDGE ( 'NONE', *, *, #789, .F. ) ;
#2076 = EDGE_CURVE ( 'NONE', #963, #1685, #4586, .T. ) ;
#2077 = DIRECTION ( 'NONE',  ( 0.7071067811865550112, 0.000000000000000000, -0.7071067811865401342 ) ) ;
#2078 = EDGE_CURVE ( 'NONE', #1771, #1745, #2206, .T. ) ;
#2079 = EDGE_LOOP ( 'NONE', ( #3, #3191, #1244, #1325, #4044, #2797 ) ) ;
#2080 = CARTESIAN_POINT ( 'NONE',  ( 16.05922956895802400, 8.234152938990776605, -38.94446206922808074 ) ) ;
#2081 = CARTESIAN_POINT ( 'NONE',  ( 34.44446206922794573, -13.00000000000001776, 36.44446206922818021 ) ) ;
#2082 = CARTESIAN_POINT ( 'NONE',  ( -38.94446206922815179, -12.49999999999999112, 21.40233851715652236 ) ) ;
#2083 = CARTESIAN_POINT ( 'NONE',  ( 23.65942147863196610, -13.00000000000001776, -38.94446206922808074 ) ) ;
#2084 = VERTEX_POINT ( 'NONE', #1483 ) ;
#2085 = VERTEX_POINT ( 'NONE', #3805 ) ;
#2086 = CARTESIAN_POINT ( 'NONE',  ( -38.94446206922813758, 12.21423081585015069, 16.85008962391314924 ) ) ;
#2087 = CARTESIAN_POINT ( 'NONE',  ( -11.84492068458273550, -10.46873567146990780, 38.94446206922806653 ) ) ;
#2088 = EDGE_LOOP ( 'NONE', ( #3378, #4478, #609, #1877 ) ) ;
#2089 = PLANE ( 'NONE',  #2975 ) ;
#2090 = CARTESIAN_POINT ( 'NONE',  ( 37.94446206922806653, -12.49999999999999112, -37.94446206922807363 ) ) ;
#2091 = EDGE_CURVE ( 'NONE', #999, #1046, #2539, .T. ) ;
#2092 = CARTESIAN_POINT ( 'NONE',  ( -38.94446206922799547, -12.49999999999999112, -23.65942147863210465 ) ) ;
#2093 = ORIENTED_EDGE ( 'NONE', *, *, #3030, .T. ) ;
#2094 = VERTEX_POINT ( 'NONE', #3408 ) ;
#2095 = CARTESIAN_POINT ( 'NONE',  ( 6.951023680409705975E-15, 8.729995975160770527, -38.94446206922807363 ) ) ;
#2096 = DIRECTION ( 'NONE',  ( -0.7071067811865487940, 0.000000000000000000, -0.7071067811865463515 ) ) ;
#2097 = ORIENTED_EDGE ( 'NONE', *, *, #4751, .T. ) ;
#2098 = CARTESIAN_POINT ( 'NONE',  ( 38.94446206922827969, -9.999999999999989342, -19.93467767831824489 ) ) ;
#2099 = ORIENTED_EDGE ( 'NONE', *, *, #1845, .T. ) ;
#2100 = CARTESIAN_POINT ( 'NONE',  ( -38.94446206922808784, -8.905752126241793576, 3.777868734952257057 ) ) ;
#2101 = CYLINDRICAL_SURFACE ( 'NONE', #215, 39.75000000000000000 ) ;
#2102 = DIRECTION ( 'NONE',  ( 0.000000000000000000, 0.000000000000000000, 1.000000000000000000 ) ) ;
#2103 = ORIENTED_EDGE ( 'NONE', *, *, #4456, .T. ) ;
#2104 = ORIENTED_EDGE ( 'NONE', *, *, #1788, .F. ) ;
#2105 = LINE ( 'NONE', #4535, #973 ) ;
#2106 = DIRECTION ( 'NONE',  ( 0.000000000000000000, -1.000000000000000000, -0.000000000000000000 ) ) ;
#2107 = ORIENTED_EDGE ( 'NONE', *, *, #4399, .T. ) ;
#2108 = DIRECTION ( 'NONE',  ( 0.000000000000000000, 0.000000000000000000, -1.000000000000000000 ) ) ;
#2109 = EDGE_CURVE ( 'NONE', #3235, #2987, #4252, .T. ) ;
#2110 = CIRCLE ( 'NONE', #1446, 43.75000000000000000 ) ;
#2111 = VECTOR ( 'NONE', #15, 1000.000000000000000 ) ;
#2112 = CARTESIAN_POINT ( 'NONE',  ( -19.93467767831863569, 9.999999999999989342, -38.94446206922808074 ) ) ;
#2113 = LINE ( 'NONE', #4514, #646 ) ;
#2114 = CARTESIAN_POINT ( 'NONE',  ( -33.03579811353547058, 10.16329985790981283, 23.22028804153099912 ) ) ;
#2115 = EDGE_LOOP ( 'NONE', ( #1681, #3284 ) ) ;
#2116 = VECTOR ( 'NONE', #3393, 1000.000000000000000 ) ;
#2117 = VECTOR ( 'NONE', #3765, 1000.000000000000114 ) ;
#2118 = AXIS2_PLACEMENT_3D ( 'NONE', #3942, #5137, #349 ) ;
#2119 = DIRECTION ( 'NONE',  ( 0.7071067811865487940, -0.000000000000000000, 0.7071067811865463515 ) ) ;
#2120 = CARTESIAN_POINT ( 'NONE',  ( 34.47145558284427125, -9.999999999999989342, -34.11790219225086673 ) ) ;
#2121 = ORIENTED_EDGE ( 'NONE', *, *, #4248, .F. ) ;
#2122 = DIRECTION ( 'NONE',  ( 0.000000000000000000, 0.000000000000000000, -1.000000000000000000 ) ) ;
#2123 = VECTOR ( 'NONE', #4532, 1000.000000000000114 ) ;
#2124 = VECTOR ( 'NONE', #3880, 1000.000000000000000 ) ;
#2125 = EDGE_CURVE ( 'NONE', #1947, #4728, #672, .T. ) ;
#2126 = APPROVAL_PERSON_ORGANIZATION ( #2255, #177, #4661 ) ;
#2127 = ORIENTED_EDGE ( 'NONE', *, *, #370, .F. ) ;
#2128 = DIRECTION ( 'NONE',  ( 0.000000000000000000, 0.000000000000000000, 1.000000000000000000 ) ) ;
#2129 = DIRECTION ( 'NONE',  ( -0.000000000000000000, -1.000000000000000000, -0.000000000000000000 ) ) ;
#2130 = CARTESIAN_POINT ( 'NONE',  ( 21.95680324558044205, -13.00000000000001776, -39.94446206922808074 ) ) ;
#2131 = EDGE_CURVE ( 'NONE', #2005, #2686, #3009, .T. ) ;
#2132 = AXIS2_PLACEMENT_3D ( 'NONE', #3577, #1249, #2834 ) ;
#2133 = ORIENTED_EDGE ( 'NONE', *, *, #2109, .T. ) ;
#2134 = ORIENTED_EDGE ( 'NONE', *, *, #739, .T. ) ;
#2135 = DIRECTION ( 'NONE',  ( 1.000000000000000000, 0.000000000000000000, 3.469446951953611033E-15 ) ) ;
#2136 = CARTESIAN_POINT ( 'NONE',  ( -21.95680324558044205, -13.00000000000001776, 39.94446206922808074 ) ) ;
#2137 = ORIENTED_EDGE ( 'NONE', *, *, #4199, .T. ) ;
#2138 = CARTESIAN_POINT ( 'NONE',  ( 0.000000000000000000, -9.999999999999989342, 0.000000000000000000 ) ) ;
#2139 = AXIS2_PLACEMENT_3D ( 'NONE', #4904, #1350, #229 ) ;
#2140 = EDGE_CURVE ( 'NONE', #2209, #4520, #4127, .T. ) ;
#2141 = EDGE_CURVE ( 'NONE', #67, #5087, #3067, .T. ) ;
#2142 = AXIS2_PLACEMENT_3D ( 'NONE', #3233, #1617, #3199 ) ;
#2143 = ADVANCED_FACE ( 'NONE', ( #4668 ), #2985, .T. ) ;
#2144 = CIRCLE ( 'NONE', #3565, 16.50000000000000000 ) ;
#2145 = DIRECTION ( 'NONE',  ( -0.000000000000000000, -1.000000000000000000, -0.000000000000000000 ) ) ;
#2146 = VECTOR ( 'NONE', #4067, 1000.000000000000000 ) ;
#2147 = DIRECTION ( 'NONE',  ( 0.000000000000000000, -1.000000000000000000, 0.000000000000000000 ) ) ;
#2148 = DIRECTION ( 'NONE',  ( 0.000000000000000000, 1.000000000000000000, 0.000000000000000000 ) ) ;
#2149 = VERTEX_POINT ( 'NONE', #3090 ) ;
#2150 = VECTOR ( 'NONE', #340, 1000.000000000000000 ) ;
#2151 = CARTESIAN_POINT ( 'NONE',  ( -36.44446206922806653, 12.49999999999999112, 36.44446206922807363 ) ) ;
#2152 = DIRECTION ( 'NONE',  ( 0.000000000000000000, 0.000000000000000000, 1.000000000000000000 ) ) ;
#2153 = VERTEX_POINT ( 'NONE', #1908 ) ;
#2154 = DIRECTION ( 'NONE',  ( 0.000000000000000000, 0.000000000000000000, 1.000000000000000000 ) ) ;
#2155 = VERTEX_POINT ( 'NONE', #4332 ) ;
#2156 = CARTESIAN_POINT ( 'NONE',  ( -34.44446206922768994, -12.49999999999999112, -36.44446206922842890 ) ) ;
#2157 = DIRECTION ( 'NONE',  ( 0.9034118677180128509, 0.000000000000000000, -0.4287738299689611288 ) ) ;
#2158 = DIRECTION ( 'NONE',  ( 0.000000000000000000, 0.000000000000000000, -1.000000000000000000 ) ) ;
#2159 = VERTEX_POINT ( 'NONE', #2341 ) ;
#2160 = VERTEX_POINT ( 'NONE', #3190 ) ;
#2161 = CARTESIAN_POINT ( 'NONE',  ( -38.94446206922813758, 11.16782035166866471, 14.01024761923156881 ) ) ;
#2162 = DIRECTION ( 'NONE',  ( 1.539863046750886426E-16, -0.000000000000000000, 1.000000000000000000 ) ) ;
#2163 = EDGE_LOOP ( 'NONE', ( #348, #552, #4340, #1509, #4401, #2610, #2605, #4996, #4060, #1486, #2642, #3555 ) ) ;
#2164 = CARTESIAN_POINT ( 'NONE',  ( 36.52261575746466349, 8.999999999999991118, 22.15003728967099050 ) ) ;
#2165 = ORIENTED_EDGE ( 'NONE', *, *, #2515, .F. ) ;
#2166 = DIRECTION ( 'NONE',  ( -1.000000000000000000, 0.000000000000000000, -3.469446951953611033E-15 ) ) ;
#2167 = DIRECTION ( 'NONE',  ( 1.000000000000000000, 0.000000000000000000, 1.040834085586083310E-14 ) ) ;
#2168 = EDGE_CURVE ( 'NONE', #2823, #1354, #5112, .T. ) ;
#2169 = CARTESIAN_POINT ( 'NONE',  ( 39.94446206922806653, -12.49999999999999112, -37.94446206922807363 ) ) ;
#2170 = EDGE_LOOP ( 'NONE', ( #636, #3445, #3799, #3754 ) ) ;
#2171 = CARTESIAN_POINT ( 'NONE',  ( 0.000000000000000000, -13.00000000000001776, 0.000000000000000000 ) ) ;
#2172 = DIRECTION ( 'NONE',  ( 0.000000000000000000, 0.000000000000000000, -1.000000000000000000 ) ) ;
#2173 = DIRECTION ( 'NONE',  ( 0.000000000000000000, 0.000000000000000000, -1.000000000000000000 ) ) ;
#2174 = ORIENTED_EDGE ( 'NONE', *, *, #834, .T. ) ;
#2175 = DIRECTION ( 'NONE',  ( 0.000000000000000000, 1.000000000000000000, 0.000000000000000000 ) ) ;
#2176 = VERTEX_POINT ( 'NONE', #1167 ) ;
#2177 = CARTESIAN_POINT ( 'NONE',  ( -39.76909958749389773, 9.999999999999989342, 40.12265297808703934 ) ) ;
#2178 = DIRECTION ( 'NONE',  ( 0.000000000000000000, 0.000000000000000000, 1.000000000000000000 ) ) ;
#2179 = DIRECTION ( 'NONE',  ( 0.8622748890940532540, 0.000000000000000000, 0.5064405351448855175 ) ) ;
#2180 = ORIENTED_EDGE ( 'NONE', *, *, #2027, .F. ) ;
#2181 = EDGE_CURVE ( 'NONE', #1891, #3925, #4352, .T. ) ;
#2182 = ORIENTED_EDGE ( 'NONE', *, *, #5086, .F. ) ;
#2183 = LINE ( 'NONE', #3782, #3647 ) ;
#2184 = CARTESIAN_POINT ( 'NONE',  ( 34.47145558284427125, -9.999999999999989342, -34.11790219225087384 ) ) ;
#2185 = EDGE_LOOP ( 'NONE', ( #4121, #1057, #163, #1779 ) ) ;
#2186 = CARTESIAN_POINT ( 'NONE',  ( 27.51001713905034762, 8.999999999999991118, -27.94589966438557482 ) ) ;
#2187 = ADVANCED_FACE ( 'NONE', ( #1188 ), #1142, .F. ) ;
#2188 = ORIENTED_EDGE ( 'NONE', *, *, #322, .F. ) ;
#2189 = CARTESIAN_POINT ( 'NONE',  ( 9.634096920849502865, 12.49999999999999112, -13.39530427126155843 ) ) ;
#2190 = AXIS2_PLACEMENT_3D ( 'NONE', #1378, #680, #4984 ) ;
#2191 = CARTESIAN_POINT ( 'NONE',  ( -11.86901502210224635, -10.47601553501313987, -38.94446206922807363 ) ) ;
#2192 = PLANE ( 'NONE',  #449 ) ;
#2193 = ORIENTED_EDGE ( 'NONE', *, *, #1437, .T. ) ;
#2194 = ADVANCED_FACE ( 'NONE', ( #2732 ), #3921, .F. ) ;
#2195 = PRODUCT_RELATED_PRODUCT_CATEGORY ( 'detail', '', ( #4270 ) ) ;
#2196 = CIRCLE ( 'NONE', #363, 42.71446609406726935 ) ;
#2197 = DIRECTION ( 'NONE',  ( 0.000000000000000000, 1.000000000000000000, 0.000000000000000000 ) ) ;
#2198 = VECTOR ( 'NONE', #257, 1000.000000000000000 ) ;
#2199 = CARTESIAN_POINT ( 'NONE',  ( 0.000000000000000000, 9.999999999999989342, 0.000000000000000000 ) ) ;
#2200 = ORIENTED_EDGE ( 'NONE', *, *, #3870, .F. ) ;
#2201 = DIRECTION ( 'NONE',  ( -1.000000000000000000, 0.000000000000000000, -3.469446951953611033E-15 ) ) ;
#2202 = VECTOR ( 'NONE', #4624, 1000.000000000000000 ) ;
#2203 = ORIENTED_EDGE ( 'NONE', *, *, #3367, .F. ) ;
#2204 = PLANE ( 'NONE',  #3122 ) ;
#2205 = LINE ( 'NONE', #3008, #4314 ) ;
#2206 = LINE ( 'NONE', #3778, #197 ) ;
#2207 = CIRCLE ( 'NONE', #1968, 2.000000000000001776 ) ;
#2208 = VECTOR ( 'NONE', #3991, 1000.000000000000000 ) ;
#2209 = VERTEX_POINT ( 'NONE', #5166 ) ;
#2210 = ORIENTED_EDGE ( 'NONE', *, *, #4681, .T. ) ;
#2211 = CARTESIAN_POINT ( 'NONE',  ( -3.033646321628435505, 8.840633240046033237, 38.94446206922806653 ) ) ;
#2212 = CARTESIAN_POINT ( 'NONE',  ( 38.94446206922820863, -10.47474651991333339, -11.86478341246315615 ) ) ;
#2213 = ORIENTED_EDGE ( 'NONE', *, *, #693, .F. ) ;
#2214 = CARTESIAN_POINT ( 'NONE',  ( -12.97088306486674547, 8.999999999999991118, -11.44579366044805901 ) ) ;
#2215 = VECTOR ( 'NONE', #953, 1000.000000000000114 ) ;
#2216 = ORIENTED_EDGE ( 'NONE', *, *, #827, .F. ) ;
#2217 = CARTESIAN_POINT ( 'NONE',  ( 20.18253399317072549, 9.999999999999989342, 55.60382230812773940 ) ) ;
#2218 = DIRECTION ( 'NONE',  ( 0.000000000000000000, 1.000000000000000000, 0.000000000000000000 ) ) ;
#2219 = CARTESIAN_POINT ( 'NONE',  ( 0.000000000000000000, -7.035533905932742194, 0.000000000000000000 ) ) ;
#2220 = CARTESIAN_POINT ( 'NONE',  ( 21.40233851715665736, -13.00000000000001776, 38.94446206922807363 ) ) ;
#2221 = AXIS2_PLACEMENT_3D ( 'NONE', #4118, #3756, #4171 ) ;
#2222 = VERTEX_POINT ( 'NONE', #4766 ) ;
#2223 = EDGE_CURVE ( 'NONE', #3976, #4337, #2778, .T. ) ;
#2224 = CIRCLE ( 'NONE', #3474, 2.000000000000001776 ) ;
#2225 = AXIS2_PLACEMENT_3D ( 'NONE', #3969, #4334, #5142 ) ;
#2226 = DIRECTION ( 'NONE',  ( 0.000000000000000000, 0.000000000000000000, -1.000000000000000000 ) ) ;
#2227 = DIRECTION ( 'NONE',  ( 0.000000000000000000, 0.000000000000000000, -1.000000000000000000 ) ) ;
#2228 = DATE_TIME_ROLE ( 'classification_date' ) ;
#2229 = VERTEX_POINT ( 'NONE', #4377 ) ;
#2230 = CARTESIAN_POINT ( 'NONE',  ( 34.87674354919337105, 8.999999999999991118, 24.66046173746591919 ) ) ;
#2231 = AXIS2_PLACEMENT_3D ( 'NONE', #2219, #2560, #1331 ) ;
#2232 = CONICAL_SURFACE ( 'NONE', #653, 43.75000000000000000, 0.7853981633974491672 ) ;
#2233 = ORIENTED_EDGE ( 'NONE', *, *, #1592, .T. ) ;
#2234 = EDGE_CURVE ( 'NONE', #4911, #1014, #2046, .T. ) ;
#2235 = PLANE ( 'NONE',  #3289 ) ;
#2236 = CARTESIAN_POINT ( 'NONE',  ( 38.94446206922829390, -9.999999999999989342, -21.40233851715625590 ) ) ;
#2237 = EDGE_CURVE ( 'NONE', #1178, #29, #3598, .T. ) ;
#2238 = LINE ( 'NONE', #188, #4210 ) ;
#2239 = EDGE_CURVE ( 'NONE', #417, #2426, #1484, .T. ) ;
#2240 = ORIENTED_EDGE ( 'NONE', *, *, #4940, .T. ) ;
#2241 = EDGE_LOOP ( 'NONE', ( #261, #2988, #1999, #3405 ) ) ;
#2242 = CYLINDRICAL_SURFACE ( 'NONE', #2065, 39.75000000000000000 ) ;
#2243 = CARTESIAN_POINT ( 'NONE',  ( 27.93016194981380096, -6.000000000000000000, -28.28371534040698165 ) ) ;
#2244 = ORIENTED_EDGE ( 'NONE', *, *, #1492, .F. ) ;
#2245 = DIRECTION ( 'NONE',  ( -1.000000000000000000, 0.000000000000000000, 1.539863046750886426E-16 ) ) ;
#2246 = ORIENTED_EDGE ( 'NONE', *, *, #3447, .T. ) ;
#2247 = CARTESIAN_POINT ( 'NONE',  ( 36.44446206922806653, -12.49999999999999112, -34.44446206922806653 ) ) ;
#2248 = FACE_OUTER_BOUND ( 'NONE', #2662, .T. ) ;
#2249 = DIRECTION ( 'NONE',  ( -1.000000000000000000, 0.000000000000000000, -3.469446951953611033E-15 ) ) ;
#2250 = DIRECTION ( 'NONE',  ( 0.6046052223127502678, 0.7071067811865460184, 0.3666776856479704305 ) ) ;
#2251 = ORIENTED_EDGE ( 'NONE', *, *, #1429, .T. ) ;
#2252 = ADVANCED_FACE ( 'NONE', ( #5139 ), #4744, .F. ) ;
#2253 = CARTESIAN_POINT ( 'NONE',  ( 0.000000000000000000, 8.999999999999991118, 0.000000000000000000 ) ) ;
#2254 = CARTESIAN_POINT ( 'NONE',  ( 38.94446206922786757, 9.999999999999989342, 19.93467767831904780 ) ) ;
#2255 = PERSON_AND_ORGANIZATION ( #1357, #39 ) ;
#2256 = ORIENTED_EDGE ( 'NONE', *, *, #986, .F. ) ;
#2257 = FACE_OUTER_BOUND ( 'NONE', #5012, .T. ) ;
#2258 = VERTEX_POINT ( 'NONE', #1585 ) ;
#2259 = DIRECTION ( 'NONE',  ( 0.000000000000000000, 1.000000000000000000, 0.000000000000000000 ) ) ;
#2260 = CARTESIAN_POINT ( 'NONE',  ( -35.41347045564939577, 12.49999999999999112, 23.88329382618880459 ) ) ;
#2261 = CARTESIAN_POINT ( 'NONE',  ( -14.90652406270713293, 8.999999999999991118, -9.112932588795615629 ) ) ;
#2262 = EDGE_CURVE ( 'NONE', #1220, #2908, #3970, .T. ) ;
#2263 = ORIENTED_EDGE ( 'NONE', *, *, #1429, .F. ) ;
#2264 = ORIENTED_EDGE ( 'NONE', *, *, #2892, .T. ) ;
#2265 = CARTESIAN_POINT ( 'NONE',  ( 10.87486722073962575, 8.999999999999991118, -13.45315066931471293 ) ) ;
#2266 = CARTESIAN_POINT ( 'NONE',  ( 38.94446206922808784, -8.729737091842830310, -0.7454234632842693387 ) ) ;
#2267 = ORIENTED_EDGE ( 'NONE', *, *, #1358, .T. ) ;
#2268 = CARTESIAN_POINT ( 'NONE',  ( 39.94446206922827969, -13.00000000000001776, -19.29537254914599487 ) ) ;
#2269 = ADVANCED_FACE ( 'NONE', ( #3495 ), #1608, .T. ) ;
#2270 = EDGE_LOOP ( 'NONE', ( #87, #2740, #4858, #4949 ) ) ;
#2271 = CARTESIAN_POINT ( 'NONE',  ( -37.94446206922764731, 9.999999999999989342, -39.94446206922846443 ) ) ;
#2272 = FACE_OUTER_BOUND ( 'NONE', #2587, .T. ) ;
#2273 = ORIENTED_EDGE ( 'NONE', *, *, #2239, .F. ) ;
#2274 = DIRECTION ( 'NONE',  ( -0.000000000000000000, -1.000000000000000000, -0.000000000000000000 ) ) ;
#2275 = DIRECTION ( 'NONE',  ( 0.7071067811865486830, -0.000000000000000000, -0.7071067811865463515 ) ) ;
#2276 = ORIENTED_EDGE ( 'NONE', *, *, #2794, .T. ) ;
#2277 = DIRECTION ( 'NONE',  ( -0.8531954862147294039, 0.000000000000000000, -0.5215912789750336565 ) ) ;
#2278 = DIRECTION ( 'NONE',  ( 0.000000000000000000, 0.000000000000000000, -1.000000000000000000 ) ) ;
#2279 = DATE_AND_TIME ( #242, #4548 ) ;
#2280 = ORIENTED_EDGE ( 'NONE', *, *, #2076, .F. ) ;
#2281 = DIRECTION ( 'NONE',  ( 0.000000000000000000, 0.000000000000000000, -1.000000000000000000 ) ) ;
#2282 = VECTOR ( 'NONE', #650, 999.9999999999998863 ) ;
#2283 = VERTEX_POINT ( 'NONE', #4789 ) ;
#2284 = DIRECTION ( 'NONE',  ( 0.000000000000000000, 1.000000000000000000, 0.000000000000000000 ) ) ;
#2285 = LINE ( 'NONE', #2730, #4474 ) ;
#2286 = CARTESIAN_POINT ( 'NONE',  ( -36.44446206922806653, 9.999999999999987566, 34.44446206922806653 ) ) ;
#2287 = EDGE_CURVE ( 'NONE', #2461, #1891, #875, .T. ) ;
#2288 = ORIENTED_EDGE ( 'NONE', *, *, #2914, .F. ) ;
#2289 = VERTEX_POINT ( 'NONE', #2286 ) ;
#2290 = CARTESIAN_POINT ( 'NONE',  ( -6.032343797590721479, 9.166361041828270828, 38.94446206922807363 ) ) ;
#2291 = AXIS2_PLACEMENT_3D ( 'NONE', #3821, #2973, #4932 ) ;
#2292 = AXIS2_PLACEMENT_3D ( 'NONE', #4529, #2259, #246 ) ;
#2293 = EDGE_CURVE ( 'NONE', #676, #2576, #3889, .T. ) ;
#2294 = DIRECTION ( 'NONE',  ( 0.000000000000000000, -1.000000000000000000, -0.000000000000000000 ) ) ;
#2295 = ORIENTED_EDGE ( 'NONE', *, *, #1247, .T. ) ;
#2296 = LINE ( 'NONE', #2268, #3901 ) ;
#2297 = CIRCLE ( 'NONE', #540, 2.000000000000001776 ) ;
#2298 = CIRCLE ( 'NONE', #2382, 39.75000000000000000 ) ;
#2299 = ORIENTED_EDGE ( 'NONE', *, *, #1271, .T. ) ;
#2300 = DIRECTION ( 'NONE',  ( -0.000000000000000000, -1.000000000000000000, -0.000000000000000000 ) ) ;
#2301 = CARTESIAN_POINT ( 'NONE',  ( 18.97031980920133520, 9.560590553430682093, 38.94446206922806653 ) ) ;
#2302 = ORIENTED_EDGE ( 'NONE', *, *, #605, .F. ) ;
#2303 = CARTESIAN_POINT ( 'NONE',  ( 38.94446206922829390, -13.00000000000001776, -21.40233851715624880 ) ) ;
#2304 = EDGE_CURVE ( 'NONE', #2159, #4299, #727, .T. ) ;
#2305 = ADVANCED_FACE ( 'NONE', ( #3300 ), #3619, .F. ) ;
#2306 = FACE_OUTER_BOUND ( 'NONE', #1898, .T. ) ;
#2307 = EDGE_CURVE ( 'NONE', #1679, #2823, #4109, .T. ) ;
#2308 = AXIS2_PLACEMENT_3D ( 'NONE', #487, #4748, #3151 ) ;
#2309 = CARTESIAN_POINT ( 'NONE',  ( -30.16936808251896096, -8.666665571327991202, -29.81581469192558131 ) ) ;
#2310 = CARTESIAN_POINT ( 'NONE',  ( -21.95680324558044205, -13.00000000000001776, 39.94446206922808074 ) ) ;
#2311 = VERTEX_POINT ( 'NONE', #2098 ) ;
#2312 = VECTOR ( 'NONE', #5165, 1000.000000000000114 ) ;
#2313 = CYLINDRICAL_SURFACE ( 'NONE', #1201, 39.75000000000000000 ) ;
#2314 = CONICAL_SURFACE ( 'NONE', #3561, 43.75000000000000000, 0.7853981633974491672 ) ;
#2315 = VERTEX_POINT ( 'NONE', #1291 ) ;
#2316 = DIRECTION ( 'NONE',  ( -0.000000000000000000, -1.000000000000000000, -0.000000000000000000 ) ) ;
#2317 = CARTESIAN_POINT ( 'NONE',  ( -27.93016194981379385, -6.000000000000000000, -28.28371534040698521 ) ) ;
#2318 = VECTOR ( 'NONE', #472, 1000.000000000000000 ) ;
#2319 = DIRECTION ( 'NONE',  ( 0.000000000000000000, 1.000000000000000000, 0.000000000000000000 ) ) ;
#2320 = VECTOR ( 'NONE', #4007, 1000.000000000000000 ) ;
#2321 = ORIENTED_EDGE ( 'NONE', *, *, #3838, .F. ) ;
#2322 = CARTESIAN_POINT ( 'NONE',  ( 4.779665783663999953E-15, -8.729995975160813160, 38.94446206922807363 ) ) ;
#2323 = ADVANCED_FACE ( 'NONE', ( #2829 ), #2415, .F. ) ;
#2324 = LINE ( 'NONE', #4355, #1948 ) ;
#2325 = EDGE_LOOP ( 'NONE', ( #2982, #2075, #957, #4507 ) ) ;
#2326 = DIRECTION ( 'NONE',  ( -0.9034118677180114076, 0.000000000000000000, 0.4287738299689642374 ) ) ;
#2327 = ORIENTED_EDGE ( 'NONE', *, *, #1340, .T. ) ;
#2328 = DIRECTION ( 'NONE',  ( 0.7539902244475468196, 0.000000000000000000, -0.6568856380204534107 ) ) ;
#2329 = CARTESIAN_POINT ( 'NONE',  ( -34.11790219225123622, 9.999999999999989342, 34.47145558284390177 ) ) ;
#2330 = ORIENTED_EDGE ( 'NONE', *, *, #4135, .T. ) ;
#2331 = CARTESIAN_POINT ( 'NONE',  ( -30.75863990121945335, 9.999999999999989342, -31.11219329181261983 ) ) ;
#2332 = DIRECTION ( 'NONE',  ( 0.000000000000000000, 1.000000000000000000, -0.000000000000000000 ) ) ;
#2333 = EDGE_CURVE ( 'NONE', #1597, #3954, #4088, .T. ) ;
#2334 = CARTESIAN_POINT ( 'NONE',  ( -39.94446206922767573, -12.49999999999999112, -37.94446206922848575 ) ) ;
#2335 = CARTESIAN_POINT ( 'NONE',  ( 38.94446206922797415, -6.409746836726034402, 10.00754982767981893 ) ) ;
#2336 = ORIENTED_EDGE ( 'NONE', *, *, #3287, .F. ) ;
#2337 = CARTESIAN_POINT ( 'NONE',  ( -34.44446206922768994, 9.999999999999987566, -36.44446206922842890 ) ) ;
#2338 = ORIENTED_EDGE ( 'NONE', *, *, #668, .F. ) ;
#2339 = CARTESIAN_POINT ( 'NONE',  ( 0.000000000000000000, -12.49999999999999112, 42.71446609406726935 ) ) ;
#2340 = DIRECTION ( 'NONE',  ( 0.000000000000000000, 1.000000000000000000, 0.000000000000000000 ) ) ;
#2341 = CARTESIAN_POINT ( 'NONE',  ( -21.40233851715665736, 9.999999999999989342, -38.94446206922808074 ) ) ;
#2342 = ORIENTED_EDGE ( 'NONE', *, *, #4090, .T. ) ;
#2343 = LINE ( 'NONE', #2053, #3225 ) ;
#2344 = CARTESIAN_POINT ( 'NONE',  ( 0.000000000000000000, 8.999999999999991118, 0.000000000000000000 ) ) ;
#2345 = ORIENTED_EDGE ( 'NONE', *, *, #2442, .F. ) ;
#2346 = LINE ( 'NONE', #3949, #891 ) ;
#2347 = EDGE_CURVE ( 'NONE', #2149, #3410, #1711, .T. ) ;
#2348 = VERTEX_POINT ( 'NONE', #1684 ) ;
#2349 = EDGE_LOOP ( 'NONE', ( #3039, #4112 ) ) ;
#2350 = DIRECTION ( 'NONE',  ( -0.000000000000000000, -1.000000000000000000, -0.000000000000000000 ) ) ;
#2351 = CARTESIAN_POINT ( 'NONE',  ( 0.000000000000000000, 7.035533905932745746, 37.25000000000000000 ) ) ;
#2352 = EDGE_LOOP ( 'NONE', ( #3750, #1842, #2423, #5097, #1614, #1379, #960, #2846, #845, #347, #2180, #5095 ) ) ;
#2353 = DIRECTION ( 'NONE',  ( -0.8622748890940532540, 0.000000000000000000, -0.5064405351448855175 ) ) ;
#2354 = CARTESIAN_POINT ( 'NONE',  ( -1.273381463113471576E-14, 9.999999999999989342, -38.94446206922808074 ) ) ;
#2355 = EDGE_CURVE ( 'NONE', #3954, #1087, #2460, .T. ) ;
#2356 = B_SPLINE_CURVE_WITH_KNOTS ( 'NONE', 3,
 ( #3088, #3036, #4689, #4250 ),
 .UNSPECIFIED., .F., .F.,
 ( 4, 4 ),
 ( 2.832586853034906917E-07, 0.004956711018211748879 ),
 .UNSPECIFIED. ) ;
#2357 = DIRECTION ( 'NONE',  ( -0.000000000000000000, -1.000000000000000000, -0.000000000000000000 ) ) ;
#2358 = LINE ( 'NONE', #1472, #1210 ) ;
#2359 = EDGE_CURVE ( 'NONE', #873, #2426, #1553, .T. ) ;
#2360 = APPROVAL ( #1473, 'UNSPECIFIED' ) ;
#2361 = EDGE_LOOP ( 'NONE', ( #3140, #1786, #2256, #3384 ) ) ;
#2362 = ORIENTED_EDGE ( 'NONE', *, *, #2621, .F. ) ;
#2363 = CIRCLE ( 'NONE', #96, 2.000000000000001776 ) ;
#2364 = CARTESIAN_POINT ( 'NONE',  ( 12.49285457467068383, 12.49999999999999112, 12.25473722999109505 ) ) ;
#2365 = DIRECTION ( 'NONE',  ( -0.000000000000000000, -1.000000000000000000, -0.000000000000000000 ) ) ;
#2366 = EDGE_CURVE ( 'NONE', #641, #3552, #927, .T. ) ;
#2367 = DIRECTION ( 'NONE',  ( -0.4287738299689611288, 0.000000000000000000, -0.9034118677180128509 ) ) ;
#2368 = CONICAL_SURFACE ( 'NONE', #3109, 39.75000000000000000, 0.7853981633974491672 ) ;
#2369 = EDGE_LOOP ( 'NONE', ( #490, #4361, #4253, #3280, #5050, #2330, #1374, #2896, #2469, #3915, #33, #5017 ) ) ;
#2370 = DIRECTION ( 'NONE',  ( 0.000000000000000000, 1.000000000000000000, 0.000000000000000000 ) ) ;
#2371 = CARTESIAN_POINT ( 'NONE',  ( -39.76909958749389773, 9.999999999999989342, 40.12265297808703934 ) ) ;
#2372 = DIRECTION ( 'NONE',  ( -3.337495034168044811E-15, 0.000000000000000000, 1.000000000000000000 ) ) ;
#2373 = CIRCLE ( 'NONE', #3026, 2.000000000000001776 ) ;
#2374 = VERTEX_POINT ( 'NONE', #3695 ) ;
#2375 = CONICAL_SURFACE ( 'NONE', #2535, 39.75000000000000000, 0.7853981633974491672 ) ;
#2376 = VERTEX_POINT ( 'NONE', #30 ) ;
#2377 = DIRECTION ( 'NONE',  ( -0.6568856380204535217, 0.000000000000000000, -0.7539902244475465976 ) ) ;
#2378 = CARTESIAN_POINT ( 'NONE',  ( 31.11219329181273352, -9.999999999999989342, -30.75863990121934677 ) ) ;
#2379 = VERTEX_POINT ( 'NONE', #2876 ) ;
#2380 = CARTESIAN_POINT ( 'NONE',  ( -37.94446206922767573, -12.49999999999999112, -39.94446206922805942 ) ) ;
#2381 = VECTOR ( 'NONE', #2857, 1000.000000000000000 ) ;
#2382 = AXIS2_PLACEMENT_3D ( 'NONE', #263, #3510, #3106 ) ;
#2383 = PLANE ( 'NONE',  #5067 ) ;
#2384 = EDGE_CURVE ( 'NONE', #5113, #1220, #3377, .T. ) ;
#2385 = LINE ( 'NONE', #2018, #3197 ) ;
#2386 = ORIENTED_EDGE ( 'NONE', *, *, #4378, .F. ) ;
#2387 = VECTOR ( 'NONE', #2372, 1000.000000000000000 ) ;
#2388 = ORIENTED_EDGE ( 'NONE', *, *, #2366, .T. ) ;
#2389 = LINE ( 'NONE', #1871, #1624 ) ;
#2390 = CARTESIAN_POINT ( 'NONE',  ( -7.961870015169545844, -6.000000000000000000, 38.94446206922807363 ) ) ;
#2391 = DIRECTION ( 'NONE',  ( 0.9034118677180128509, 0.000000000000000000, -0.4287738299689611288 ) ) ;
#2392 = AXIS2_PLACEMENT_3D ( 'NONE', #3872, #1833, #4286 ) ;
#2393 = VECTOR ( 'NONE', #2129, 1000.000000000000000 ) ;
#2394 = EDGE_CURVE ( 'NONE', #3015, #1517, #2850, .T. ) ;
#2395 = VECTOR ( 'NONE', #4017, 1000.000000000000000 ) ;
#2396 = VERTEX_POINT ( 'NONE', #3219 ) ;
#2397 = DIRECTION ( 'NONE',  ( -0.000000000000000000, -1.000000000000000000, -0.000000000000000000 ) ) ;
#2398 = EDGE_CURVE ( 'NONE', #3773, #3166, #4720, .T. ) ;
#2399 = DIRECTION ( 'NONE',  ( -0.000000000000000000, -1.000000000000000000, -0.000000000000000000 ) ) ;
#2400 = CARTESIAN_POINT ( 'NONE',  ( 0.000000000000000000, 9.999999999999989342, 0.000000000000000000 ) ) ;
#2401 = CIRCLE ( 'NONE', #1234, 39.75000000000000000 ) ;
#2402 = VERTEX_POINT ( 'NONE', #504 ) ;
#2403 = ORIENTED_EDGE ( 'NONE', *, *, #4528, .F. ) ;
#2404 = CARTESIAN_POINT ( 'NONE',  ( -38.44446206922768994, -13.00000000000001776, -36.44446206922846443 ) ) ;
#2405 = CARTESIAN_POINT ( 'NONE',  ( 38.94446206922816600, 6.409746836726039732, -10.00754982767901247 ) ) ;
#2406 = EDGE_LOOP ( 'NONE', ( #1183, #3905, #118, #2432 ) ) ;
#2407 = DIRECTION ( 'NONE',  ( 0.000000000000000000, 1.000000000000000000, 0.000000000000000000 ) ) ;
#2408 = DIRECTION ( 'NONE',  ( 0.000000000000000000, 0.000000000000000000, 1.000000000000000000 ) ) ;
#2409 = CARTESIAN_POINT ( 'NONE',  ( -31.11219329181295024, -9.999999999999989342, 30.75863990121911584 ) ) ;
#2410 = ORIENTED_EDGE ( 'NONE', *, *, #2411, .F. ) ;
#2411 = EDGE_CURVE ( 'NONE', #3613, #5039, #1233, .T. ) ;
#2412 = ORIENTED_EDGE ( 'NONE', *, *, #217, .F. ) ;
#2413 = CARTESIAN_POINT ( 'NONE',  ( -14.00625536523062920, 11.16645583262559427, -38.94446206922808074 ) ) ;
#2414 = CARTESIAN_POINT ( 'NONE',  ( 21.40233851715665736, -12.49999999999999112, 38.94446206922808074 ) ) ;
#2415 = PLANE ( 'NONE',  #2868 ) ;
#2416 = ORIENTED_EDGE ( 'NONE', *, *, #2601, .F. ) ;
#2417 = DIRECTION ( 'NONE',  ( 0.000000000000000000, 0.000000000000000000, -1.000000000000000000 ) ) ;
#2418 = CARTESIAN_POINT ( 'NONE',  ( 4.561809326823890580E-15, 0.000000000000000000, 37.25000000000000000 ) ) ;
#2419 = DIRECTION ( 'NONE',  ( 0.5064405351448885151, 0.000000000000000000, -0.8622748890940515887 ) ) ;
#2420 = ADVANCED_FACE ( 'NONE', ( #3800 ), #1363, .T. ) ;
#2421 = ADVANCED_FACE ( 'NONE', ( #266 ), #4185, .T. ) ;
#2422 = ORIENTED_EDGE ( 'NONE', *, *, #771, .T. ) ;
#2423 = ORIENTED_EDGE ( 'NONE', *, *, #3868, .F. ) ;
#2424 = DIRECTION ( 'NONE',  ( 0.000000000000000000, 0.000000000000000000, 1.000000000000000000 ) ) ;
#2425 = DIRECTION ( 'NONE',  ( 0.000000000000000000, 0.000000000000000000, -1.000000000000000000 ) ) ;
#2426 = VERTEX_POINT ( 'NONE', #2569 ) ;
#2427 = FACE_OUTER_BOUND ( 'NONE', #5144, .T. ) ;
#2428 = EDGE_CURVE ( 'NONE', #4739, #4752, #1445, .T. ) ;
#2429 = DIRECTION ( 'NONE',  ( 1.000000000000000000, 0.000000000000000000, -1.539863046750886426E-16 ) ) ;
#2430 = CARTESIAN_POINT ( 'NONE',  ( 38.94446206922798837, -6.000000000000000000, 7.961870015169953518 ) ) ;
#2431 = ORIENTED_EDGE ( 'NONE', *, *, #3545, .F. ) ;
#2432 = ORIENTED_EDGE ( 'NONE', *, *, #736, .F. ) ;
#2433 = FACE_OUTER_BOUND ( 'NONE', #4233, .T. ) ;
#2434 = LINE ( 'NONE', #3590, #2312 ) ;
#2435 = ORIENTED_EDGE ( 'NONE', *, *, #4907, .T. ) ;
#2436 = DIRECTION ( 'NONE',  ( 0.000000000000000000, 1.000000000000000000, 0.000000000000000000 ) ) ;
#2437 = VECTOR ( 'NONE', #3273, 1000.000000000000000 ) ;
#2438 = ORIENTED_EDGE ( 'NONE', *, *, #1324, .F. ) ;
#2439 = DIRECTION ( 'NONE',  ( 0.000000000000000000, 0.000000000000000000, -1.000000000000000000 ) ) ;
#2440 = CARTESIAN_POINT ( 'NONE',  ( -38.94446206922811626, -10.07485442821459820, 10.42040443249157278 ) ) ;
#2441 = PLANE ( 'NONE',  #128 ) ;
#2442 = EDGE_CURVE ( 'NONE', #1904, #857, #244, .T. ) ;
#2443 = CARTESIAN_POINT ( 'NONE',  ( 21.95680324558049179, -12.49999999999999112, -39.94446206922806653 ) ) ;
#2444 = VECTOR ( 'NONE', #3156, 1000.000000000000000 ) ;
#2445 = ORIENTED_EDGE ( 'NONE', *, *, #4319, .F. ) ;
#2446 = EDGE_CURVE ( 'NONE', #991, #579, #1843, .T. ) ;
#2447 = VERTEX_POINT ( 'NONE', #4554 ) ;
#2448 = CARTESIAN_POINT ( 'NONE',  ( -19.93467767831862147, 9.999999999999989342, 38.94446206922808074 ) ) ;
#2449 = VECTOR ( 'NONE', #3952, 1000.000000000000000 ) ;
#2450 = DIRECTION ( 'NONE',  ( -0.000000000000000000, -1.000000000000000000, -0.000000000000000000 ) ) ;
#2451 = VERTEX_POINT ( 'NONE', #4636 ) ;
#2452 = LINE ( 'NONE', #4362, #1652 ) ;
#2453 = VECTOR ( 'NONE', #820, 1000.000000000000000 ) ;
#2454 = ADVANCED_FACE ( 'NONE', ( #2257 ), #1787, .T. ) ;
#2455 = CARTESIAN_POINT ( 'NONE',  ( -7.965169371644953422, 8.999999999999991118, 14.45012376697892442 ) ) ;
#2456 = EDGE_CURVE ( 'NONE', #1771, #2159, #1059, .T. ) ;
#2457 = VECTOR ( 'NONE', #3461, 1000.000000000000114 ) ;
#2458 = CARTESIAN_POINT ( 'NONE',  ( 38.94446206922788889, -9.560590553430685645, 18.97031980920174732 ) ) ;
#2459 = ORIENTED_EDGE ( 'NONE', *, *, #736, .T. ) ;
#2460 = CIRCLE ( 'NONE', #3801, 39.75000000000000000 ) ;
#2461 = VERTEX_POINT ( 'NONE', #4606 ) ;
#2462 = CARTESIAN_POINT ( 'NONE',  ( -3.028168404872002117, 8.729995975160818489, -38.94446206922807363 ) ) ;
#2463 = DIRECTION ( 'NONE',  ( -0.000000000000000000, -1.000000000000000000, -0.000000000000000000 ) ) ;
#2464 = VERTEX_POINT ( 'NONE', #5022 ) ;
#2465 = LOCAL_TIME ( 13, 3, 5.000000000000000000, #1897 ) ;
#2466 = CARTESIAN_POINT ( 'NONE',  ( 38.94446206922814468, 9.088499334566872534, -6.014236314924479743 ) ) ;
#2467 = B_SPLINE_CURVE_WITH_KNOTS ( 'NONE', 3,
 ( #2448, #886, #5153, #4800 ),
 .UNSPECIFIED., .F., .F.,
 ( 4, 4 ),
 ( 1.664805208474467594E-06, 0.01260111367849633436 ),
 .UNSPECIFIED. ) ;
#2468 = AXIS2_PLACEMENT_3D ( 'NONE', #2812, #854, #882 ) ;
#2469 = ORIENTED_EDGE ( 'NONE', *, *, #4151, .F. ) ;
#2470 = DIRECTION ( 'NONE',  ( 1.032045771185431231E-14, 0.000000000000000000, -1.000000000000000000 ) ) ;
#2471 = LINE ( 'NONE', #3652, #3615 ) ;
#2472 = LINE ( 'NONE', #4824, #3301 ) ;
#2473 = DIRECTION ( 'NONE',  ( -3.337495034168044811E-15, 0.000000000000000000, 1.000000000000000000 ) ) ;
#2474 = CIRCLE ( 'NONE', #3641, 39.75000000000000000 ) ;
#2475 = B_SPLINE_CURVE_WITH_KNOTS ( 'NONE', 3,
 ( #4470, #473, #843, #3294 ),
 .UNSPECIFIED., .F., .F.,
 ( 4, 4 ),
 ( 1.664805208449660964E-06, 0.01260111367849632742 ),
 .UNSPECIFIED. ) ;
#2476 = CIRCLE ( 'NONE', #214, 1.000000000000000888 ) ;
#2477 = EDGE_LOOP ( 'NONE', ( #2791, #740, #1254, #3372 ) ) ;
#2478 = EDGE_CURVE ( 'NONE', #3262, #157, #4372, .T. ) ;
#2479 = ORIENTED_EDGE ( 'NONE', *, *, #3118, .T. ) ;
#2480 = LINE ( 'NONE', #2764, #809 ) ;
#2481 = DIRECTION ( 'NONE',  ( -0.000000000000000000, 1.000000000000000000, -0.000000000000000000 ) ) ;
#2482 = VERTEX_POINT ( 'NONE', #1420 ) ;
#2483 = DIRECTION ( 'NONE',  ( -0.8550409052762899531, 0.000000000000000000, -0.5185605560629370503 ) ) ;
#2484 = CIRCLE ( 'NONE', #223, 16.50000000000000000 ) ;
#2485 = CIRCLE ( 'NONE', #4818, 2.000000000000001776 ) ;
#2486 = CARTESIAN_POINT ( 'NONE',  ( 0.000000000000000000, -7.035533905932742194, -37.25000000000000000 ) ) ;
#2487 = CARTESIAN_POINT ( 'NONE',  ( -38.94446206922804521, -6.000000000000000000, -7.961870015169680848 ) ) ;
#2488 = ORIENTED_EDGE ( 'NONE', *, *, #1593, .F. ) ;
#2489 = ORIENTED_EDGE ( 'NONE', *, *, #2456, .F. ) ;
#2490 = DIRECTION ( 'NONE',  ( 0.000000000000000000, 0.000000000000000000, -1.000000000000000000 ) ) ;
#2491 = DIRECTION ( 'NONE',  ( 1.000000000000000000, 0.000000000000000000, 1.040834085586083310E-14 ) ) ;
#2492 = ORIENTED_EDGE ( 'NONE', *, *, #1469, .F. ) ;
#2493 = DIRECTION ( 'NONE',  ( 0.000000000000000000, 1.000000000000000000, 0.000000000000000000 ) ) ;
#2494 = EDGE_LOOP ( 'NONE', ( #2104, #3421 ) ) ;
#2495 = DIRECTION ( 'NONE',  ( 0.000000000000000000, 1.000000000000000000, 0.000000000000000000 ) ) ;
#2496 = CARTESIAN_POINT ( 'NONE',  ( -16.05922956895803466, -8.234152938990778381, -38.94446206922807363 ) ) ;
#2497 = LINE ( 'NONE', #2907, #4459 ) ;
#2498 = EDGE_LOOP ( 'NONE', ( #5119, #1297, #165, #71 ) ) ;
#2499 = VERTEX_POINT ( 'NONE', #4163 ) ;
#2500 = LINE ( 'NONE', #3312, #730 ) ;
#2501 = DIRECTION ( 'NONE',  ( 0.000000000000000000, 1.000000000000000000, 0.000000000000000000 ) ) ;
#2502 = EDGE_LOOP ( 'NONE', ( #1581, #2276, #1085, #2342 ) ) ;
#2503 = CARTESIAN_POINT ( 'NONE',  ( 0.000000000000000000, 12.49999999999999112, 0.000000000000000000 ) ) ;
#2504 = DIRECTION ( 'NONE',  ( -0.8622748890940532540, 0.000000000000000000, -0.5064405351448855175 ) ) ;
#2505 = DIRECTION ( 'NONE',  ( -1.000000000000000000, 0.000000000000000000, -3.469446951953611033E-15 ) ) ;
#2506 = CARTESIAN_POINT ( 'NONE',  ( 39.94446206922806653, -12.49999999999999112, -37.94446206922807363 ) ) ;
#2507 = ORIENTED_EDGE ( 'NONE', *, *, #4527, .F. ) ;
#2508 = ADVANCED_FACE ( 'NONE', ( #4971 ), #2924, .F. ) ;
#2509 = EDGE_CURVE ( 'NONE', #2426, #4533, #3005, .T. ) ;
#2510 = CARTESIAN_POINT ( 'NONE',  ( 34.44446206922794573, 12.49999999999999112, 36.44446206922818021 ) ) ;
#2511 = CARTESIAN_POINT ( 'NONE',  ( -17.54578262260417176, 12.49999999999999112, -38.94446206922807363 ) ) ;
#2512 = DIRECTION ( 'NONE',  ( 0.000000000000000000, 0.000000000000000000, -1.000000000000000000 ) ) ;
#2513 = CARTESIAN_POINT ( 'NONE',  ( -35.96723011608297327, 9.999999999999989342, -32.03172981817936460 ) ) ;
#2514 = ORIENTED_EDGE ( 'NONE', *, *, #863, .T. ) ;
#2515 = EDGE_CURVE ( 'NONE', #4575, #3500, #1339, .T. ) ;
#2516 = EDGE_CURVE ( 'NONE', #3500, #1558, #586, .T. ) ;
#2517 = CARTESIAN_POINT ( 'NONE',  ( -38.94446206922813047, -10.47474651991334049, 11.86478341246344748 ) ) ;
#2518 = LINE ( 'NONE', #532, #4641 ) ;
#2519 = EDGE_CURVE ( 'NONE', #4701, #4173, #4134, .T. ) ;
#2520 = LINE ( 'NONE', #2130, #4384 ) ;
#2521 = ORIENTED_EDGE ( 'NONE', *, *, #221, .T. ) ;
#2522 = ORIENTED_EDGE ( 'NONE', *, *, #3831, .F. ) ;
#2523 = CARTESIAN_POINT ( 'NONE',  ( -39.94446206922808074, -12.49999999999999112, -39.94446206922805942 ) ) ;
#2524 = CARTESIAN_POINT ( 'NONE',  ( -21.40233851715665736, -13.00000000000001776, -38.94446206922807363 ) ) ;
#2525 = ORIENTED_EDGE ( 'NONE', *, *, #4929, .T. ) ;
#2526 = DIRECTION ( 'NONE',  ( -0.000000000000000000, -1.000000000000000000, -0.000000000000000000 ) ) ;
#2527 = CIRCLE ( 'NONE', #3187, 2.000000000000001776 ) ;
#2528 = CARTESIAN_POINT ( 'NONE',  ( 21.95680324558044205, -13.00000000000001776, -39.94446206922808074 ) ) ;
#2529 = DIRECTION ( 'NONE',  ( -0.000000000000000000, -1.000000000000000000, 0.000000000000000000 ) ) ;
#2530 = CARTESIAN_POINT ( 'NONE',  ( 2.073285542007115900, -9.999999999999989342, 48.11834207897663163 ) ) ;
#2531 = ORIENTED_EDGE ( 'NONE', *, *, #9, .F. ) ;
#2532 = VECTOR ( 'NONE', #4125, 1000.000000000000000 ) ;
#2533 = EDGE_CURVE ( 'NONE', #1094, #1719, #104, .T. ) ;
#2534 = AXIS2_PLACEMENT_3D ( 'NONE', #2768, #3275, #3559 ) ;
#2535 = AXIS2_PLACEMENT_3D ( 'NONE', #405, #78, #902 ) ;
#2536 = DIRECTION ( 'NONE',  ( 0.000000000000000000, 1.000000000000000000, 0.000000000000000000 ) ) ;
#2537 = ORIENTED_EDGE ( 'NONE', *, *, #1259, .T. ) ;
#2538 = CARTESIAN_POINT ( 'NONE',  ( 32.20628987742289695, 12.49999999999999112, -28.05851931290440504 ) ) ;
#2539 = CIRCLE ( 'NONE', #2708, 2.000000000000001776 ) ;
#2540 = CIRCLE ( 'NONE', #1713, 39.75000000000000000 ) ;
#2541 = EDGE_LOOP ( 'NONE', ( #484, #1226, #374, #1123, #5030, #2009, #2264, #1809 ) ) ;
#2542 = FACE_OUTER_BOUND ( 'NONE', #2904, .T. ) ;
#2543 = DIRECTION ( 'NONE',  ( 0.000000000000000000, 0.000000000000000000, 1.000000000000000000 ) ) ;
#2544 = DIRECTION ( 'NONE',  ( -1.000000000000000000, 0.000000000000000000, 1.539863046750886426E-16 ) ) ;
#2545 = VECTOR ( 'NONE', #4197, 1000.000000000000114 ) ;
#2546 = EDGE_CURVE ( 'NONE', #3833, #4637, #1958, .T. ) ;
#2547 = ORIENTED_EDGE ( 'NONE', *, *, #2355, .T. ) ;
#2548 = ADVANCED_FACE ( 'NONE', ( #3349 ), #2980, .F. ) ;
#2549 = VERTEX_POINT ( 'NONE', #4271 ) ;
#2550 = DIRECTION ( 'NONE',  ( 0.000000000000000000, 0.000000000000000000, 1.000000000000000000 ) ) ;
#2551 = CARTESIAN_POINT ( 'NONE',  ( 38.94446206922792442, -11.39736915826445873, 14.72145434259431340 ) ) ;
#2552 = ORIENTED_EDGE ( 'NONE', *, *, #1404, .F. ) ;
#2553 = CARTESIAN_POINT ( 'NONE',  ( -6.837089623836502051E-15, -30.21446609406708461, -7.847787258037088620E-15 ) ) ;
#2554 = VECTOR ( 'NONE', #825, 1000.000000000000000 ) ;
#2555 = CIRCLE ( 'NONE', #1389, 2.000000000000001776 ) ;
#2556 = VECTOR ( 'NONE', #1338, 1000.000000000000000 ) ;
#2557 = VERTEX_POINT ( 'NONE', #2337 ) ;
#2558 = CARTESIAN_POINT ( 'NONE',  ( 36.52261575746466349, 8.999999999999991118, 22.15003728967099050 ) ) ;
#2559 = CIRCLE ( 'NONE', #4065, 37.25000000000000000 ) ;
#2560 = DIRECTION ( 'NONE',  ( -0.000000000000000000, -1.000000000000000000, -0.000000000000000000 ) ) ;
#2561 = FACE_OUTER_BOUND ( 'NONE', #3211, .T. ) ;
#2562 = ORIENTED_EDGE ( 'NONE', *, *, #2109, .F. ) ;
#2563 = AXIS2_PLACEMENT_3D ( 'NONE', #2972, #4755, #3101 ) ;
#2564 = DIRECTION ( 'NONE',  ( -0.6033003139801899062, 0.7071067811865461294, -0.3688207303710113738 ) ) ;
#2565 = ORIENTED_EDGE ( 'NONE', *, *, #2773, .F. ) ;
#2566 = CARTESIAN_POINT ( 'NONE',  ( 38.94446206922783205, 12.49999999999999112, 23.65942147863237821 ) ) ;
#2567 = CARTESIAN_POINT ( 'NONE',  ( 10.21798158271917245, 8.999999999999991118, -13.20714089376225964 ) ) ;
#2568 = ORIENTED_EDGE ( 'NONE', *, *, #3903, .F. ) ;
#2569 = CARTESIAN_POINT ( 'NONE',  ( 7.961870015169555614, -6.000000000000000000, 38.94446206922807363 ) ) ;
#2570 = ADVANCED_FACE ( 'NONE', ( #3916 ), #3108, .F. ) ;
#2571 = ORIENTED_EDGE ( 'NONE', *, *, #5010, .F. ) ;
#2572 = CARTESIAN_POINT ( 'NONE',  ( 11.84492068458273550, -10.46873567146990780, -38.94446206922806653 ) ) ;
#2573 = CARTESIAN_POINT ( 'NONE',  ( -15.42811534168216703, 12.49999999999999112, -8.259737102580885448 ) ) ;
#2574 = CARTESIAN_POINT ( 'NONE',  ( 21.95680324558044205, -13.00000000000001776, -39.94446206922808074 ) ) ;
#2575 = EDGE_CURVE ( 'NONE', #884, #2760, #4327, .T. ) ;
#2576 = VERTEX_POINT ( 'NONE', #1137 ) ;
#2577 = ORIENTED_EDGE ( 'NONE', *, *, #1505, .F. ) ;
#2578 = DIRECTION ( 'NONE',  ( 0.000000000000000000, 0.000000000000000000, 1.000000000000000000 ) ) ;
#2579 = EDGE_CURVE ( 'NONE', #1087, #2636, #1415, .T. ) ;
#2580 = CARTESIAN_POINT ( 'NONE',  ( 38.94446206922810916, -8.905752126241791800, -3.777868734951975949 ) ) ;
#2581 = ORIENTED_EDGE ( 'NONE', *, *, #1747, .F. ) ;
#2582 = CARTESIAN_POINT ( 'NONE',  ( 31.11219329181271931, 9.999999999999989342, 30.75863990121935387 ) ) ;
#2583 = ORIENTED_EDGE ( 'NONE', *, *, #1207, .F. ) ;
#2584 = DIRECTION ( 'NONE',  ( -0.000000000000000000, -1.000000000000000000, -0.000000000000000000 ) ) ;
#2585 = DIRECTION ( 'NONE',  ( 0.8622748890940532540, 0.000000000000000000, 0.5064405351448855175 ) ) ;
#2586 = CARTESIAN_POINT ( 'NONE',  ( 34.11790219225099463, -9.999999999999989342, 34.47145558284415046 ) ) ;
#2587 = EDGE_LOOP ( 'NONE', ( #1643, #2599, #1696, #4497, #3673, #3112, #4170, #90, #1163, #4072, #4357, #1645, #41, #2216, #1556, #2025 ) ) ;
#2588 = DIRECTION ( 'NONE',  ( 0.000000000000000000, 1.000000000000000000, 0.000000000000000000 ) ) ;
#2589 = LINE ( 'NONE', #4633, #3715 ) ;
#2590 = MECHANICAL_CONTEXT ( 'NONE', #1397, 'mechanical' ) ;
#2591 = VERTEX_POINT ( 'NONE', #2697 ) ;
#2592 = DIRECTION ( 'NONE',  ( -1.000000000000000000, 0.000000000000000000, -3.469446951953611033E-15 ) ) ;
#2593 = B_SPLINE_CURVE_WITH_KNOTS ( 'NONE', 3,
 ( #2511, #56, #4836, #4061, #2413, #3616, #871, #4012, #2462, #2095 ),
 .UNSPECIFIED., .F., .F.,
 ( 4, 2, 2, 2, 4 ),
 ( 0.06049578048029903565, 0.06274844236983170842, 0.06500110425936436731, 0.06950642803842971285, 0.07851707559656040392 ),
 .UNSPECIFIED. ) ;
#2594 = EDGE_LOOP ( 'NONE', ( #1575, #562, #1709, #3702, #2780, #3618, #4311, #2345 ) ) ;
#2595 = DIRECTION ( 'NONE',  ( 0.000000000000000000, -0.000000000000000000, 1.000000000000000000 ) ) ;
#2596 = DIRECTION ( 'NONE',  ( 0.000000000000000000, 1.000000000000000000, 0.000000000000000000 ) ) ;
#2597 = CARTESIAN_POINT ( 'NONE',  ( -40.12265297808716724, 9.999999999999989342, 39.76909958749376273 ) ) ;
#2598 = VERTEX_POINT ( 'NONE', #4296 ) ;
#2599 = ORIENTED_EDGE ( 'NONE', *, *, #4519, .T. ) ;
#2600 = CARTESIAN_POINT ( 'NONE',  ( 17.54578262260416466, -12.49999999999999467, 38.94446206922807363 ) ) ;
#2601 = EDGE_CURVE ( 'NONE', #4728, #3793, #4664, .T. ) ;
#2602 = CARTESIAN_POINT ( 'NONE',  ( 5.231013417938762415E-15, -12.49999999999999112, 42.71446609406726935 ) ) ;
#2603 = ORIENTED_EDGE ( 'NONE', *, *, #2359, .T. ) ;
#2604 = DIRECTION ( 'NONE',  ( -1.000000000000000000, 0.000000000000000000, -3.337495034168044811E-15 ) ) ;
#2605 = ORIENTED_EDGE ( 'NONE', *, *, #4630, .T. ) ;
#2606 = CARTESIAN_POINT ( 'NONE',  ( -5.805289883951980470E-16, -12.49999999999999112, 38.94446206922808074 ) ) ;
#2607 = CARTESIAN_POINT ( 'NONE',  ( 10.00754982767942280, 6.409746836726041508, 38.94446206922808074 ) ) ;
#2608 = CARTESIAN_POINT ( 'NONE',  ( 34.44446206922794573, -12.49999999999999112, 36.44446206922818021 ) ) ;
#2609 = CARTESIAN_POINT ( 'NONE',  ( 36.44446206922806653, -13.00000000000001776, -34.44446206922806653 ) ) ;
#2610 = ORIENTED_EDGE ( 'NONE', *, *, #2131, .T. ) ;
#2611 = VECTOR ( 'NONE', #500, 1000.000000000000227 ) ;
#2612 = EDGE_CURVE ( 'NONE', #604, #5177, #2862, .T. ) ;
#2613 = ADVANCED_FACE ( 'NONE', ( #3061 ), #2313, .T. ) ;
#2614 = EDGE_CURVE ( 'NONE', #4247, #4588, #3883, .T. ) ;
#2615 = LINE ( 'NONE', #4242, #3649 ) ;
#2616 = DIRECTION ( 'NONE',  ( -0.000000000000000000, 1.000000000000000000, -0.000000000000000000 ) ) ;
#2617 = EDGE_LOOP ( 'NONE', ( #4162, #3748, #5029, #2864, #907, #4257 ) ) ;
#2618 = CARTESIAN_POINT ( 'NONE',  ( 0.000000000000000000, 0.000000000000000000, 0.000000000000000000 ) ) ;
#2619 = VECTOR ( 'NONE', #3420, 1000.000000000000000 ) ;
#2620 = VECTOR ( 'NONE', #27, 1000.000000000000227 ) ;
#2621 = EDGE_CURVE ( 'NONE', #2451, #2682, #4572, .T. ) ;
#2622 = ORIENTED_EDGE ( 'NONE', *, *, #3532, .T. ) ;
#2623 = CARTESIAN_POINT ( 'NONE',  ( 3.037730987984183173, -8.729995975160814936, -38.94446206922808784 ) ) ;
#2624 = DIRECTION ( 'NONE',  ( 0.000000000000000000, -0.7071067811865462405, -0.7071067811865489050 ) ) ;
#2625 = CARTESIAN_POINT ( 'NONE',  ( -36.44446206922768994, 9.999999999999987566, -36.44446206922844311 ) ) ;
#2626 = AXIS2_PLACEMENT_3D ( 'NONE', #3383, #616, #2654 ) ;
#2627 = VECTOR ( 'NONE', #663, 1000.000000000000000 ) ;
#2628 = ORIENTED_EDGE ( 'NONE', *, *, #1200, .T. ) ;
#2629 = ORIENTED_EDGE ( 'NONE', *, *, #2307, .F. ) ;
#2630 = CYLINDRICAL_SURFACE ( 'NONE', #3139, 39.75000000000000000 ) ;
#2631 = CARTESIAN_POINT ( 'NONE',  ( -39.94446206922808074, 9.999999999999989342, -21.95680324558045626 ) ) ;
#2632 = VERTEX_POINT ( 'NONE', #4596 ) ;
#2633 = DIRECTION ( 'NONE',  ( 0.000000000000000000, 0.000000000000000000, -1.000000000000000000 ) ) ;
#2634 = EDGE_CURVE ( 'NONE', #3534, #1292, #1703, .T. ) ;
#2635 = VECTOR ( 'NONE', #1831, 1000.000000000000000 ) ;
#2636 = VERTEX_POINT ( 'NONE', #2112 ) ;
#2637 = FACE_OUTER_BOUND ( 'NONE', #4745, .T. ) ;
#2638 = CARTESIAN_POINT ( 'NONE',  ( 15.03708780354971353, 7.986030918081029384, 38.94446206922808074 ) ) ;
#2639 = DIRECTION ( 'NONE',  ( -0.000000000000000000, -1.000000000000000000, -0.000000000000000000 ) ) ;
#2640 = CARTESIAN_POINT ( 'NONE',  ( 36.44446206922806653, 9.999999999999987566, -38.44446206922807363 ) ) ;
#2641 = CIRCLE ( 'NONE', #3053, 43.75000000000000000 ) ;
#2642 = ORIENTED_EDGE ( 'NONE', *, *, #1601, .F. ) ;
#2643 = CIRCLE ( 'NONE', #5058, 43.75000000000000000 ) ;
#2644 = AXIS2_PLACEMENT_3D ( 'NONE', #2781, #63, #2417 ) ;
#2645 = CARTESIAN_POINT ( 'NONE',  ( 0.000000000000000000, -13.00000000000001776, 0.000000000000000000 ) ) ;
#2646 = CARTESIAN_POINT ( 'NONE',  ( 0.000000000000000000, 7.035533905932745746, 0.000000000000000000 ) ) ;
#2647 = ORIENTED_EDGE ( 'NONE', *, *, #2926, .F. ) ;
#2648 = CARTESIAN_POINT ( 'NONE',  ( 36.44446206922794573, 12.49999999999999112, 36.44446206922818732 ) ) ;
#2649 = VECTOR ( 'NONE', #17, 1000.000000000000000 ) ;
#2650 = CIRCLE ( 'NONE', #3317, 43.75000000000000000 ) ;
#2651 = EDGE_LOOP ( 'NONE', ( #2838, #743 ) ) ;
#2652 = CARTESIAN_POINT ( 'NONE',  ( -23.65942147863196610, -9.999999999999989342, 38.94446206922808784 ) ) ;
#2653 = DIRECTION ( 'NONE',  ( 0.000000000000000000, 0.000000000000000000, -1.000000000000000000 ) ) ;
#2654 = DIRECTION ( 'NONE',  ( 0.000000000000000000, 0.000000000000000000, -1.000000000000000000 ) ) ;
#2655 = EDGE_CURVE ( 'NONE', #4637, #3833, #4947, .T. ) ;
#2656 = ORIENTED_EDGE ( 'NONE', *, *, #2016, .F. ) ;
#2657 = ORIENTED_EDGE ( 'NONE', *, *, #4972, .T. ) ;
#2658 = CARTESIAN_POINT ( 'NONE',  ( 0.000000000000000000, 0.000000000000000000, 0.000000000000000000 ) ) ;
#2659 = CARTESIAN_POINT ( 'NONE',  ( 21.40233851715665736, -13.00000000000001776, 38.94446206922807363 ) ) ;
#2660 = ORIENTED_EDGE ( 'NONE', *, *, #4040, .T. ) ;
#2661 = LINE ( 'NONE', #358, #723 ) ;
#2662 = EDGE_LOOP ( 'NONE', ( #2327, #1888, #4444, #3520 ) ) ;
#2663 = FACE_OUTER_BOUND ( 'NONE', #2406, .T. ) ;
#2664 = CARTESIAN_POINT ( 'NONE',  ( 30.75863990121944980, 9.999999999999989342, -31.11219329181263049 ) ) ;
#2665 = ORIENTED_EDGE ( 'NONE', *, *, #1060, .T. ) ;
#2666 = DIRECTION ( 'NONE',  ( 1.000000000000000000, -0.000000000000000000, 1.032045771185431231E-14 ) ) ;
#2667 = CARTESIAN_POINT ( 'NONE',  ( -37.94446206922767573, 12.49999999999999112, -37.94446206922846443 ) ) ;
#2668 = CARTESIAN_POINT ( 'NONE',  ( 0.000000000000000000, 9.999999999999989342, 0.000000000000000000 ) ) ;
#2669 = EDGE_CURVE ( 'NONE', #127, #2549, #2373, .T. ) ;
#2670 = DIRECTION ( 'NONE',  ( -0.000000000000000000, -1.000000000000000000, -0.000000000000000000 ) ) ;
#2671 = SECURITY_CLASSIFICATION_LEVEL ( 'unclassified' ) ;
#2672 = EDGE_LOOP ( 'NONE', ( #3084, #4849, #3979, #1479 ) ) ;
#2673 = DIRECTION ( 'NONE',  ( 1.000000000000000000, -0.000000000000000000, 1.032045771185431231E-14 ) ) ;
#2674 = ADVANCED_FACE ( 'NONE', ( #3363 ), #149, .F. ) ;
#2675 = EDGE_CURVE ( 'NONE', #2845, #2715, #200, .T. ) ;
#2676 = ORIENTED_EDGE ( 'NONE', *, *, #1215, .T. ) ;
#2677 = CARTESIAN_POINT ( 'NONE',  ( -19.29537254914641409, -12.49999999999999112, -39.94446206922806653 ) ) ;
#2678 = CARTESIAN_POINT ( 'NONE',  ( 0.000000000000000000, -9.999999999999989342, 0.000000000000000000 ) ) ;
#2679 = DIRECTION ( 'NONE',  ( 0.000000000000000000, 0.000000000000000000, 1.000000000000000000 ) ) ;
#2680 = VERTEX_POINT ( 'NONE', #2189 ) ;
#2681 = EDGE_CURVE ( 'NONE', #4520, #3184, #3340, .T. ) ;
#2682 = VERTEX_POINT ( 'NONE', #629 ) ;
#2683 = DIRECTION ( 'NONE',  ( -1.032045771185431231E-14, 0.000000000000000000, 1.000000000000000000 ) ) ;
#2684 = ADVANCED_FACE ( 'NONE', ( #4958 ), #1384, .F. ) ;
#2685 = CARTESIAN_POINT ( 'NONE',  ( -12.44929178589171137, 12.49999999999999112, -12.29898914666278742 ) ) ;
#2686 = VERTEX_POINT ( 'NONE', #996 ) ;
#2687 = CARTESIAN_POINT ( 'NONE',  ( 15.03708780354969399, -7.986030918081032937, -38.94446206922806653 ) ) ;
#2688 = ORIENTED_EDGE ( 'NONE', *, *, #3832, .T. ) ;
#2689 = CARTESIAN_POINT ( 'NONE',  ( 34.11790219225099463, -9.999999999999989342, -34.47145558284414335 ) ) ;
#2690 = DIRECTION ( 'NONE',  ( 0.000000000000000000, 0.000000000000000000, 1.000000000000000000 ) ) ;
#2691 = PLANE ( 'NONE',  #4481 ) ;
#2692 = DIRECTION ( 'NONE',  ( -1.000000000000000000, 0.000000000000000000, -1.040834085586083310E-14 ) ) ;
#2693 = LINE ( 'NONE', #3105, #1730 ) ;
#2694 = DIRECTION ( 'NONE',  ( -0.000000000000000000, 1.000000000000000000, -0.000000000000000000 ) ) ;
#2695 = PERSON_AND_ORGANIZATION ( #1357, #39 ) ;
#2696 = ORIENTED_EDGE ( 'NONE', *, *, #1592, .F. ) ;
#2697 = CARTESIAN_POINT ( 'NONE',  ( -19.93467767831862147, -9.999999999999989342, 38.94446206922808074 ) ) ;
#2698 = CONICAL_SURFACE ( 'NONE', #3530, 37.25000000000000000, 0.7853981633974504994 ) ;
#2699 = EDGE_CURVE ( 'NONE', #844, #4538, #4155, .T. ) ;
#2700 = ORIENTED_EDGE ( 'NONE', *, *, #3286, .F. ) ;
#2701 = CARTESIAN_POINT ( 'NONE',  ( 10.21798158271917245, 8.999999999999991118, -14.20714089376225964 ) ) ;
#2702 = CARTESIAN_POINT ( 'NONE',  ( -28.87298878606245722, -7.333332127768780850, -29.22654217665563792 ) ) ;
#2703 = CARTESIAN_POINT ( 'NONE',  ( 0.000000000000000000, 9.999999999999989342, 0.000000000000000000 ) ) ;
#2704 = AXIS2_PLACEMENT_3D ( 'NONE', #2941, #1778, #4574 ) ;
#2705 = ORIENTED_EDGE ( 'NONE', *, *, #1593, .T. ) ;
#2706 = ORIENTED_EDGE ( 'NONE', *, *, #4240, .F. ) ;
#2707 = CARTESIAN_POINT ( 'NONE',  ( 10.21798158271917245, 8.999999999999991118, -13.20714089376225964 ) ) ;
#2708 = AXIS2_PLACEMENT_3D ( 'NONE', #591, #4640, #1069 ) ;
#2709 = VECTOR ( 'NONE', #4483, 1000.000000000000000 ) ;
#2710 = CARTESIAN_POINT ( 'NONE',  ( 38.94446206922791731, 8.234152938990785486, 16.05922956895844322 ) ) ;
#2711 = EDGE_LOOP ( 'NONE', ( #4523, #2859 ) ) ;
#2712 = CARTESIAN_POINT ( 'NONE',  ( 19.93467767831862147, -9.999999999999989342, -38.94446206922808074 ) ) ;
#2713 = EDGE_CURVE ( 'NONE', #377, #4173, #939, .T. ) ;
#2714 = CIRCLE ( 'NONE', #4544, 2.000000000000001776 ) ;
#2715 = VERTEX_POINT ( 'NONE', #4176 ) ;
#2716 = FACE_BOUND ( 'NONE', #2349, .T. ) ;
#2717 = CARTESIAN_POINT ( 'NONE',  ( -36.44446206922806653, -13.00000000000001776, 34.44446206922806653 ) ) ;
#2718 = ORIENTED_EDGE ( 'NONE', *, *, #3761, .T. ) ;
#2719 = CARTESIAN_POINT ( 'NONE',  ( 21.40233851715665736, -13.00000000000001776, 38.94446206922807363 ) ) ;
#2720 = LINE ( 'NONE', #3956, #4869 ) ;
#2721 = VECTOR ( 'NONE', #2245, 1000.000000000000000 ) ;
#2722 = FACE_BOUND ( 'NONE', #2711, .T. ) ;
#2723 = CARTESIAN_POINT ( 'NONE',  ( 0.000000000000000000, 9.999999999999989342, 43.75000000000000000 ) ) ;
#2724 = ORIENTED_EDGE ( 'NONE', *, *, #1990, .F. ) ;
#2725 = AXIS2_PLACEMENT_3D ( 'NONE', #1785, #3672, #2491 ) ;
#2726 = CARTESIAN_POINT ( 'NONE',  ( -7.961870015169555614, 6.000000000000000000, -38.94446206922807363 ) ) ;
#2727 = AXIS2_PLACEMENT_3D ( 'NONE', #3411, #3810, #5062 ) ;
#2728 = VERTEX_POINT ( 'NONE', #3290 ) ;
#2729 = CARTESIAN_POINT ( 'NONE',  ( 28.87298878606246078, -7.333332127768784403, -29.22654217665564147 ) ) ;
#2730 = CARTESIAN_POINT ( 'NONE',  ( -3.969681155261124417, 9.999999999999989342, 50.50885151434862763 ) ) ;
#2731 = VECTOR ( 'NONE', #3192, 1000.000000000000114 ) ;
#2732 = FACE_OUTER_BOUND ( 'NONE', #2672, .T. ) ;
#2733 = ADVANCED_FACE ( 'NONE', ( #3790 ), #548, .T. ) ;
#2734 = ORIENTED_EDGE ( 'NONE', *, *, #5135, .F. ) ;
#2735 = CARTESIAN_POINT ( 'NONE',  ( -28.87298878606267039, 7.333332127768781739, 29.22654217665543541 ) ) ;
#2736 = DIRECTION ( 'NONE',  ( -0.000000000000000000, -1.000000000000000000, -0.000000000000000000 ) ) ;
#2737 = VERTEX_POINT ( 'NONE', #1729 ) ;
#2738 = CARTESIAN_POINT ( 'NONE',  ( 39.76909958749388352, -9.999999999999989342, 40.12265297808701092 ) ) ;
#2739 = EDGE_CURVE ( 'NONE', #2374, #1178, #601, .T. ) ;
#2740 = ORIENTED_EDGE ( 'NONE', *, *, #1358, .F. ) ;
#2741 = EDGE_CURVE ( 'NONE', #4382, #2860, #2784, .T. ) ;
#2742 = ADVANCED_FACE ( 'NONE', ( #2915 ), #3361, .T. ) ;
#2743 = ORIENTED_EDGE ( 'NONE', *, *, #1265, .T. ) ;
#2744 = CARTESIAN_POINT ( 'NONE',  ( -31.07225756765560831, 10.16096924892849529, 25.78721147297866878 ) ) ;
#2745 = CARTESIAN_POINT ( 'NONE',  ( -34.44446206922768994, 12.49999999999999112, -36.44446206922842890 ) ) ;
#2746 = CARTESIAN_POINT ( 'NONE',  ( 37.94446206922793863, -12.49999999999999112, 37.94446206922819442 ) ) ;
#2747 = CARTESIAN_POINT ( 'NONE',  ( -21.40233851715665736, -9.999999999999989342, -38.94446206922808074 ) ) ;
#2748 = ADVANCED_FACE ( 'NONE', ( #1411 ), #2996, .T. ) ;
#2749 = CARTESIAN_POINT ( 'NONE',  ( 34.47145558284427125, 9.999999999999989342, -34.11790219225087384 ) ) ;
#2750 = CARTESIAN_POINT ( 'NONE',  ( -37.94446206922767573, -12.49999999999999112, -37.94446206922846443 ) ) ;
#2751 = ORIENTED_EDGE ( 'NONE', *, *, #4368, .T. ) ;
#2752 = ORIENTED_EDGE ( 'NONE', *, *, #59, .F. ) ;
#2753 = DIRECTION ( 'NONE',  ( 0.000000000000000000, 1.000000000000000000, 0.000000000000000000 ) ) ;
#2754 = CARTESIAN_POINT ( 'NONE',  ( -39.76909958749389062, -9.999999999999989342, 40.12265297808704645 ) ) ;
#2755 = DIRECTION ( 'NONE',  ( 0.000000000000000000, 0.000000000000000000, -1.000000000000000000 ) ) ;
#2756 = ORIENTED_EDGE ( 'NONE', *, *, #3062, .T. ) ;
#2757 = LINE ( 'NONE', #4039, #1564 ) ;
#2758 = CARTESIAN_POINT ( 'NONE',  ( -37.94446206922767573, -12.49999999999999112, -37.94446206922846443 ) ) ;
#2759 = CARTESIAN_POINT ( 'NONE',  ( -15.42811534168216703, 8.999999999999991118, -8.259737102580885448 ) ) ;
#2760 = VERTEX_POINT ( 'NONE', #4542 ) ;
#2761 = EDGE_CURVE ( 'NONE', #5124, #4981, #5098, .T. ) ;
#2762 = ORIENTED_EDGE ( 'NONE', *, *, #2947, .F. ) ;
#2763 = PRODUCT_DEFINITION_SHAPE ( 'NONE', 'NONE',  #2040 ) ;
#2764 = CARTESIAN_POINT ( 'NONE',  ( -39.94446206922815179, -13.00000000000001776, 19.29537254914627553 ) ) ;
#2765 = CARTESIAN_POINT ( 'NONE',  ( 36.44446206922806653, 12.49999999999999112, -36.44446206922807363 ) ) ;
#2766 = ORIENTED_EDGE ( 'NONE', *, *, #2575, .F. ) ;
#2767 = CARTESIAN_POINT ( 'NONE',  ( 38.94446206922783205, -13.00000000000001776, 23.65942147863237821 ) ) ;
#2768 = CARTESIAN_POINT ( 'NONE',  ( -36.44446206922768994, 12.49999999999999112, -36.44446206922844311 ) ) ;
#2769 = CARTESIAN_POINT ( 'NONE',  ( 34.11790219225100174, 9.999999999999989342, -34.47145558284414335 ) ) ;
#2770 = CARTESIAN_POINT ( 'NONE',  ( 31.11219329181273352, -9.999999999999989342, -30.75863990121934677 ) ) ;
#2771 = ORIENTED_EDGE ( 'NONE', *, *, #4805, .F. ) ;
#2772 = EDGE_CURVE ( 'NONE', #3184, #681, #1621, .T. ) ;
#2773 = EDGE_CURVE ( 'NONE', #3833, #2258, #3128, .T. ) ;
#2774 = DIRECTION ( 'NONE',  ( 0.000000000000000000, 1.000000000000000000, 0.000000000000000000 ) ) ;
#2775 = VECTOR ( 'NONE', #3470, 1000.000000000000000 ) ;
#2776 = CYLINDRICAL_SURFACE ( 'NONE', #793, 1.000000000000000888 ) ;
#2777 = LINE ( 'NONE', #4375, #2554 ) ;
#2778 = LINE ( 'NONE', #3994, #4872 ) ;
#2779 = VECTOR ( 'NONE', #2119, 1000.000000000000000 ) ;
#2780 = ORIENTED_EDGE ( 'NONE', *, *, #739, .F. ) ;
#2781 = CARTESIAN_POINT ( 'NONE',  ( -36.44446206922806653, 12.49999999999999112, 36.44446206922807363 ) ) ;
#2782 = DIRECTION ( 'NONE',  ( 0.000000000000000000, 1.000000000000000000, 0.000000000000000000 ) ) ;
#2783 = DIRECTION ( 'NONE',  ( 0.000000000000000000, 1.000000000000000000, 0.000000000000000000 ) ) ;
#2784 = CIRCLE ( 'NONE', #3788, 2.000000000000001776 ) ;
#2785 = ORIENTED_EDGE ( 'NONE', *, *, #1734, .T. ) ;
#2786 = VECTOR ( 'NONE', #3849, 1000.000000000000000 ) ;
#2787 = VECTOR ( 'NONE', #2284, 1000.000000000000000 ) ;
#2788 = ORIENTED_EDGE ( 'NONE', *, *, #808, .T. ) ;
#2789 = DIRECTION ( 'NONE',  ( 0.000000000000000000, 1.000000000000000000, 0.000000000000000000 ) ) ;
#2790 = CARTESIAN_POINT ( 'NONE',  ( -39.94446206922808074, 12.49999999999999112, 37.94446206922807363 ) ) ;
#2791 = ORIENTED_EDGE ( 'NONE', *, *, #3669, .T. ) ;
#2792 = CARTESIAN_POINT ( 'NONE',  ( 0.000000000000000000, 9.999999999999989342, 0.000000000000000000 ) ) ;
#2793 = AXIS2_PLACEMENT_3D ( 'NONE', #4485, #4922, #883 ) ;
#2794 = EDGE_CURVE ( 'NONE', #2451, #3231, #4621, .T. ) ;
#2795 = CARTESIAN_POINT ( 'NONE',  ( -40.12265297808716014, -9.999999999999989342, -39.76909958749372720 ) ) ;
#2796 = CYLINDRICAL_SURFACE ( 'NONE', #2038, 2.000000000000001776 ) ;
#2797 = ORIENTED_EDGE ( 'NONE', *, *, #322, .T. ) ;
#2798 = AXIS2_PLACEMENT_3D ( 'NONE', #3250, #3596, #5172 ) ;
#2799 = ADVANCED_FACE ( 'NONE', ( #2663 ), #3526, .T. ) ;
#2800 = EDGE_CURVE ( 'NONE', #4826, #2728, #4657, .T. ) ;
#2801 = AXIS2_PLACEMENT_3D ( 'NONE', #3189, #3992, #406 ) ;
#2802 = DIRECTION ( 'NONE',  ( -0.000000000000000000, -1.000000000000000000, -0.000000000000000000 ) ) ;
#2803 = LINE ( 'NONE', #4404, #1705 ) ;
#2804 = CARTESIAN_POINT ( 'NONE',  ( 37.94446206922793152, -12.49999999999999112, 39.94446206922820153 ) ) ;
#2805 = CARTESIAN_POINT ( 'NONE',  ( 38.94446206922793152, 11.34733695283985000, 14.73967316001629158 ) ) ;
#2806 = VECTOR ( 'NONE', #2886, 1000.000000000000000 ) ;
#2807 = VECTOR ( 'NONE', #3835, 1000.000000000000114 ) ;
#2808 = AXIS2_PLACEMENT_3D ( 'NONE', #5159, #399, #323 ) ;
#2809 = ORIENTED_EDGE ( 'NONE', *, *, #1117, .T. ) ;
#2810 = DIRECTION ( 'NONE',  ( 0.000000000000000000, 1.000000000000000000, -0.000000000000000000 ) ) ;
#2811 = CARTESIAN_POINT ( 'NONE',  ( -38.94446206922803100, -10.47000680418073770, -11.84916536732266756 ) ) ;
#2812 = CARTESIAN_POINT ( 'NONE',  ( -36.44446206922768994, -9.999999999999989342, -36.44446206922844311 ) ) ;
#2813 = EDGE_CURVE ( 'NONE', #703, #2576, #708, .T. ) ;
#2814 = AXIS2_PLACEMENT_3D ( 'NONE', #1577, #1179, #1467 ) ;
#2815 = ORIENTED_EDGE ( 'NONE', *, *, #4884, .T. ) ;
#2816 = EDGE_LOOP ( 'NONE', ( #2706, #4086, #3990, #3737 ) ) ;
#2817 = PLANE ( 'NONE',  #2968 ) ;
#2818 = CARTESIAN_POINT ( 'NONE',  ( 28.87298878606246433, 7.333332127768783515, -29.22654217665564147 ) ) ;
#2819 = ORIENTED_EDGE ( 'NONE', *, *, #1773, .T. ) ;
#2820 = DIRECTION ( 'NONE',  ( 0.000000000000000000, 0.000000000000000000, 1.000000000000000000 ) ) ;
#2821 = CARTESIAN_POINT ( 'NONE',  ( -38.94446206922814468, 9.999999999999989342, 19.93467767831851845 ) ) ;
#2822 = DIRECTION ( 'NONE',  ( -0.000000000000000000, -1.000000000000000000, -0.000000000000000000 ) ) ;
#2823 = VERTEX_POINT ( 'NONE', #4676 ) ;
#2824 = ADVANCED_FACE ( 'NONE', ( #4316 ), #763, .T. ) ;
#2825 = LINE ( 'NONE', #1288, #3024 ) ;
#2826 = DIRECTION ( 'NONE',  ( -0.000000000000000000, -1.000000000000000000, -0.000000000000000000 ) ) ;
#2827 = DIRECTION ( 'NONE',  ( 0.000000000000000000, 0.000000000000000000, -1.000000000000000000 ) ) ;
#2828 = ORIENTED_EDGE ( 'NONE', *, *, #103, .F. ) ;
#2829 = FACE_OUTER_BOUND ( 'NONE', #4461, .T. ) ;
#2830 = EDGE_CURVE ( 'NONE', #503, #3685, #5040, .T. ) ;
#2831 = ORIENTED_EDGE ( 'NONE', *, *, #4208, .T. ) ;
#2832 = FACE_BOUND ( 'NONE', #1582, .T. ) ;
#2833 = CARTESIAN_POINT ( 'NONE',  ( -38.94446206922803810, -11.39736915826446051, -14.72145434259403629 ) ) ;
#2834 = DIRECTION ( 'NONE',  ( 0.000000000000000000, 0.000000000000000000, -1.000000000000000000 ) ) ;
#2835 = EDGE_CURVE ( 'NONE', #2085, #1238, #1127, .T. ) ;
#2836 = VERTEX_POINT ( 'NONE', #2247 ) ;
#2837 = ADVANCED_FACE ( 'NONE', ( #3442 ), #4702, .F. ) ;
#2838 = ORIENTED_EDGE ( 'NONE', *, *, #3447, .F. ) ;
#2839 = FACE_OUTER_BOUND ( 'NONE', #3458, .T. ) ;
#2840 = CARTESIAN_POINT ( 'NONE',  ( 3.028168404871993680, 8.729995975160814936, 38.94446206922808074 ) ) ;
#2841 = ORIENTED_EDGE ( 'NONE', *, *, #728, .F. ) ;
#2842 = CARTESIAN_POINT ( 'NONE',  ( 36.44446206922806653, -12.49999999999999112, -36.44446206922807363 ) ) ;
#2843 = FACE_OUTER_BOUND ( 'NONE', #1744, .T. ) ;
#2844 = LINE ( 'NONE', #4781, #792 ) ;
#2845 = VERTEX_POINT ( 'NONE', #3075 ) ;
#2846 = ORIENTED_EDGE ( 'NONE', *, *, #3768, .F. ) ;
#2847 = LINE ( 'NONE', #1240, #1457 ) ;
#2848 = LINE ( 'NONE', #1683, #1144 ) ;
#2849 = EDGE_LOOP ( 'NONE', ( #1035, #4409, #1537, #5042 ) ) ;
#2850 = LINE ( 'NONE', #3646, #1797 ) ;
#2851 = ADVANCED_FACE ( 'NONE', ( #3417 ), #4651, .F. ) ;
#2852 = CIRCLE ( 'NONE', #4942, 42.71446609406726935 ) ;
#2853 = VERTEX_POINT ( 'NONE', #2689 ) ;
#2854 = CARTESIAN_POINT ( 'NONE',  ( -39.94446206922808074, -12.49999999999999112, -39.94446206922805942 ) ) ;
#2855 = CARTESIAN_POINT ( 'NONE',  ( -38.94446206922801679, -12.49999999999999112, -17.54578262260428900 ) ) ;
#2856 = CARTESIAN_POINT ( 'NONE',  ( 29.81581469192568079, -8.666665571327992978, 30.16936808251886859 ) ) ;
#2857 = DIRECTION ( 'NONE',  ( -1.000000000000000000, -0.000000000000000000, 1.737135398614549922E-16 ) ) ;
#2858 = CIRCLE ( 'NONE', #184, 2.000000000000001776 ) ;
#2859 = ORIENTED_EDGE ( 'NONE', *, *, #1628, .T. ) ;
#2860 = VERTEX_POINT ( 'NONE', #2271 ) ;
#2861 = CARTESIAN_POINT ( 'NONE',  ( -39.94446206922808074, -12.49999999999999112, -21.95680324558047758 ) ) ;
#2862 = CIRCLE ( 'NONE', #4536, 2.000000000000001776 ) ;
#2863 = CARTESIAN_POINT ( 'NONE',  ( 4.779665783663999953E-15, -8.729995975160813160, 38.94446206922807363 ) ) ;
#2864 = ORIENTED_EDGE ( 'NONE', *, *, #4376, .T. ) ;
#2865 = CARTESIAN_POINT ( 'NONE',  ( -36.44446206922806653, -12.49999999999999112, 38.44446206922807363 ) ) ;
#2866 = AXIS2_PLACEMENT_3D ( 'NONE', #5075, #687, #767 ) ;
#2867 = DIRECTION ( 'NONE',  ( 0.000000000000000000, 0.000000000000000000, -1.000000000000000000 ) ) ;
#2868 = AXIS2_PLACEMENT_3D ( 'NONE', #4014, #2077, #4036 ) ;
#2869 = VECTOR ( 'NONE', #3727, 1000.000000000000000 ) ;
#2870 = DIRECTION ( 'NONE',  ( 0.000000000000000000, 0.000000000000000000, -1.000000000000000000 ) ) ;
#2871 = ORIENTED_EDGE ( 'NONE', *, *, #2125, .F. ) ;
#2872 = FACE_OUTER_BOUND ( 'NONE', #3780, .T. ) ;
#2873 = CARTESIAN_POINT ( 'NONE',  ( -28.28371534040727653, -6.000000000000001776, 27.93016194981350253 ) ) ;
#2874 = DIRECTION ( 'NONE',  ( 0.7071067811865474617, 0.000000000000000000, -0.7071067811865474617 ) ) ;
#2875 = ORIENTED_EDGE ( 'NONE', *, *, #277, .T. ) ;
#2876 = CARTESIAN_POINT ( 'NONE',  ( -21.95680324558043495, -9.999999999999989342, 39.94446206922808784 ) ) ;
#2877 = CIRCLE ( 'NONE', #1726, 0.9999999999999991118 ) ;
#2878 = ORIENTED_EDGE ( 'NONE', *, *, #2004, .F. ) ;
#2879 = CARTESIAN_POINT ( 'NONE',  ( 0.000000000000000000, 7.035533905932745746, 0.000000000000000000 ) ) ;
#2880 = DIRECTION ( 'NONE',  ( 0.000000000000000000, 1.000000000000000000, 0.000000000000000000 ) ) ;
#2881 = DIRECTION ( 'NONE',  ( -1.000000000000000000, 0.000000000000000000, -3.337495034168044811E-15 ) ) ;
#2882 = VECTOR ( 'NONE', #3374, 1000.000000000000000 ) ;
#2883 = VECTOR ( 'NONE', #3371, 1000.000000000000000 ) ;
#2884 = ORIENTED_EDGE ( 'NONE', *, *, #3010, .F. ) ;
#2885 = ORIENTED_EDGE ( 'NONE', *, *, #3306, .T. ) ;
#2886 = DIRECTION ( 'NONE',  ( 0.000000000000000000, 0.000000000000000000, -1.000000000000000000 ) ) ;
#2887 = ADVANCED_FACE ( 'NONE', ( #2637 ), #1520, .F. ) ;
#2888 = FACE_OUTER_BOUND ( 'NONE', #4186, .T. ) ;
#2889 = ORIENTED_EDGE ( 'NONE', *, *, #4335, .T. ) ;
#2890 = CARTESIAN_POINT ( 'NONE',  ( -38.94446206922799547, -13.00000000000001776, -23.65942147863210110 ) ) ;
#2891 = AXIS2_PLACEMENT_3D ( 'NONE', #2719, #4263, #3528 ) ;
#2892 = EDGE_CURVE ( 'NONE', #2176, #414, #554, .T. ) ;
#2893 = CARTESIAN_POINT ( 'NONE',  ( 39.94446206922827969, -13.00000000000001776, -19.29537254914599487 ) ) ;
#2894 = FACE_OUTER_BOUND ( 'NONE', #2071, .T. ) ;
#2895 = CARTESIAN_POINT ( 'NONE',  ( -37.94446206922806653, 12.49999999999999112, 39.94446206922807363 ) ) ;
#2896 = ORIENTED_EDGE ( 'NONE', *, *, #164, .F. ) ;
#2897 = ADVANCED_FACE ( 'NONE', ( #710 ), #1562, .F. ) ;
#2898 = ADVANCED_FACE ( 'NONE', ( #2716, #741 ), #2817, .F. ) ;
#2899 = CARTESIAN_POINT ( 'NONE',  ( 14.74279297122548549, 11.34861847487004560, -38.94446206922808074 ) ) ;
#2900 = CARTESIAN_POINT ( 'NONE',  ( -30.16936808251917768, -8.666665571327992978, 29.81581469192537170 ) ) ;
#2901 = DIRECTION ( 'NONE',  ( 0.000000000000000000, 0.000000000000000000, -1.000000000000000000 ) ) ;
#2902 = VERTEX_POINT ( 'NONE', #1228 ) ;
#2903 = CARTESIAN_POINT ( 'NONE',  ( 38.94446206922800968, 9.164271476198129207, 6.019144794343064042 ) ) ;
#2904 = EDGE_LOOP ( 'NONE', ( #1824, #3124, #2099, #2724 ) ) ;
#2905 = CARTESIAN_POINT ( 'NONE',  ( -38.94446206922808784, -8.729737091842833863, 0.7454234632845513353 ) ) ;
#2906 = FACE_OUTER_BOUND ( 'NONE', #3886, .T. ) ;
#2907 = CARTESIAN_POINT ( 'NONE',  ( 23.65942147863196610, -13.00000000000001776, -38.94446206922808074 ) ) ;
#2908 = VERTEX_POINT ( 'NONE', #4390 ) ;
#2909 = ORIENTED_EDGE ( 'NONE', *, *, #3045, .T. ) ;
#2910 = CYLINDRICAL_SURFACE ( 'NONE', #1902, 2.000000000000001776 ) ;
#2911 = CARTESIAN_POINT ( 'NONE',  ( 14.00625536523059900, 11.16645583262558539, 38.94446206922807363 ) ) ;
#2912 = ORIENTED_EDGE ( 'NONE', *, *, #4123, .T. ) ;
#2913 = CARTESIAN_POINT ( 'NONE',  ( 0.000000000000000000, -12.49999999999999112, 42.71446609406726935 ) ) ;
#2914 = EDGE_CURVE ( 'NONE', #2979, #520, #3603, .T. ) ;
#2915 = FACE_OUTER_BOUND ( 'NONE', #1431, .T. ) ;
#2916 = FACE_OUTER_BOUND ( 'NONE', #1935, .T. ) ;
#2917 = CARTESIAN_POINT ( 'NONE',  ( 4.898587196589412829E-16, 8.999999999999991118, -4.000000000000000000 ) ) ;
#2918 = ORIENTED_EDGE ( 'NONE', *, *, #2923, .T. ) ;
#2919 = VERTEX_POINT ( 'NONE', #4775 ) ;
#2920 = CARTESIAN_POINT ( 'NONE',  ( 32.87638672586432875, 10.16652563374944407, 23.44729621494087013 ) ) ;
#2921 = LINE ( 'NONE', #1760, #314 ) ;
#2922 = ORIENTED_EDGE ( 'NONE', *, *, #2359, .F. ) ;
#2923 = EDGE_CURVE ( 'NONE', #1274, #5177, #4359, .T. ) ;
#2924 = CYLINDRICAL_SURFACE ( 'NONE', #3451, 2.000000000000001776 ) ;
#2925 = ADVANCED_FACE ( 'NONE', ( #2839 ), #4048, .F. ) ;
#2926 = EDGE_CURVE ( 'NONE', #3578, #619, #2641, .T. ) ;
#2927 = ORIENTED_EDGE ( 'NONE', *, *, #2078, .T. ) ;
#2928 = CARTESIAN_POINT ( 'NONE',  ( -28.28371534040727298, 6.000000000000000000, 27.93016194981350964 ) ) ;
#2929 = LINE ( 'NONE', #4921, #4395 ) ;
#2930 = CYLINDRICAL_SURFACE ( 'NONE', #5133, 37.25000000000000000 ) ;
#2931 = VERTEX_POINT ( 'NONE', #858 ) ;
#2932 = ORIENTED_EDGE ( 'NONE', *, *, #1747, .T. ) ;
#2933 = CARTESIAN_POINT ( 'NONE',  ( -38.94446206922822284, -12.49999999999999112, 42.71446609406713435 ) ) ;
#2934 = LINE ( 'NONE', #2524, #3019 ) ;
#2935 = EDGE_LOOP ( 'NONE', ( #115, #1796, #4893, #3843 ) ) ;
#2936 = FACE_BOUND ( 'NONE', #3937, .T. ) ;
#2937 = AXIS2_PLACEMENT_3D ( 'NONE', #1171, #3972, #1588 ) ;
#2938 = DIRECTION ( 'NONE',  ( 0.000000000000000000, 0.000000000000000000, 1.000000000000000000 ) ) ;
#2939 = CARTESIAN_POINT ( 'NONE',  ( 29.81581469192568434, 8.666665571327991202, 30.16936808251886859 ) ) ;
#2940 = EDGE_CURVE ( 'NONE', #3996, #4254, #2467, .T. ) ;
#2941 = CARTESIAN_POINT ( 'NONE',  ( 0.000000000000000000, -6.000000000000000000, 0.000000000000000000 ) ) ;
#2942 = ORIENTED_EDGE ( 'NONE', *, *, #834, .F. ) ;
#2943 = VECTOR ( 'NONE', #970, 1000.000000000000000 ) ;
#2944 = VECTOR ( 'NONE', #2595, 1000.000000000000000 ) ;
#2945 = CARTESIAN_POINT ( 'NONE',  ( -30.75863990121945335, 9.999999999999989342, -31.11219329181261983 ) ) ;
#2946 = ORIENTED_EDGE ( 'NONE', *, *, #4614, .T. ) ;
#2947 = EDGE_CURVE ( 'NONE', #2396, #2402, #2480, .T. ) ;
#2948 = CARTESIAN_POINT ( 'NONE',  ( 38.94446206922823706, -8.234152938990780157, -16.05922956895764386 ) ) ;
#2949 = DIRECTION ( 'NONE',  ( 0.000000000000000000, -1.000000000000000000, -0.000000000000000000 ) ) ;
#2950 = ORIENTED_EDGE ( 'NONE', *, *, #3089, .F. ) ;
#2951 = DIRECTION ( 'NONE',  ( -0.000000000000000000, -1.000000000000000000, -0.000000000000000000 ) ) ;
#2952 = VECTOR ( 'NONE', #60, 1000.000000000000114 ) ;
#2953 = AXIS2_PLACEMENT_3D ( 'NONE', #719, #4760, #1923 ) ;
#2954 = ADVANCED_FACE ( 'NONE', ( #4416 ), #1642, .T. ) ;
#2955 = ADVANCED_FACE ( 'NONE', ( #5175 ), #2314, .T. ) ;
#2956 = PRODUCT_DEFINITION_FORMATION_WITH_SPECIFIED_SOURCE ( 'ANY', '', #4270, .NOT_KNOWN. ) ;
#2957 = ORIENTED_EDGE ( 'NONE', *, *, #499, .T. ) ;
#2958 = CARTESIAN_POINT ( 'NONE',  ( -37.94446206922764731, -9.999999999999989342, -39.94446206922846443 ) ) ;
#2959 = CARTESIAN_POINT ( 'NONE',  ( 39.94446206922785336, -13.00000000000001776, 21.95680324558086127 ) ) ;
#2960 = CARTESIAN_POINT ( 'NONE',  ( -39.94446206922808074, -12.49999999999999112, -39.94446206922805942 ) ) ;
#2961 = ORIENTED_EDGE ( 'NONE', *, *, #4078, .F. ) ;
#2962 = ORIENTED_EDGE ( 'NONE', *, *, #1184, .F. ) ;
#2963 = CARTESIAN_POINT ( 'NONE',  ( -38.94446206922805942, 9.164271476198132760, -6.019144794342788707 ) ) ;
#2964 = CARTESIAN_POINT ( 'NONE',  ( -31.11219329181272286, 9.999999999999989342, -30.75863990121935032 ) ) ;
#2965 = ORIENTED_EDGE ( 'NONE', *, *, #2141, .T. ) ;
#2966 = PLANE ( 'NONE',  #4133 ) ;
#2967 = AXIS2_PLACEMENT_3D ( 'NONE', #2022, #3216, #2152 ) ;
#2968 = AXIS2_PLACEMENT_3D ( 'NONE', #362, #2011, #813 ) ;
#2969 = EDGE_LOOP ( 'NONE', ( #3012, #4169, #2752, #4943 ) ) ;
#2970 = DIRECTION ( 'NONE',  ( 0.000000000000000000, 1.000000000000000000, 0.000000000000000000 ) ) ;
#2971 = VECTOR ( 'NONE', #5048, 1000.000000000000000 ) ;
#2972 = CARTESIAN_POINT ( 'NONE',  ( -8.447906909320405333, 8.999999999999991118, 15.32588884376552940 ) ) ;
#2973 = DIRECTION ( 'NONE',  ( -0.000000000000000000, -1.000000000000000000, -0.000000000000000000 ) ) ;
#2974 = ORIENTED_EDGE ( 'NONE', *, *, #2446, .T. ) ;
#2975 = AXIS2_PLACEMENT_3D ( 'NONE', #1255, #3236, #5178 ) ;
#2976 = CARTESIAN_POINT ( 'NONE',  ( 21.40233851715665736, -13.00000000000001776, 38.94446206922807363 ) ) ;
#2977 = CARTESIAN_POINT ( 'NONE',  ( 38.94446206922820153, -6.826486521030460608, -12.08814175137775493 ) ) ;
#2978 = DATE_AND_TIME ( #3488, #2465 ) ;
#2979 = VERTEX_POINT ( 'NONE', #1196 ) ;
#2980 = PLANE ( 'NONE',  #1286 ) ;
#2981 = EDGE_CURVE ( 'NONE', #456, #1913, #4438, .T. ) ;
#2982 = ORIENTED_EDGE ( 'NONE', *, *, #4913, .F. ) ;
#2983 = CARTESIAN_POINT ( 'NONE',  ( -38.94446206922799547, -13.00000000000001776, -23.65942147863210110 ) ) ;
#2984 = CARTESIAN_POINT ( 'NONE',  ( -1.273381463113471576E-14, 9.999999999999989342, -38.94446206922808074 ) ) ;
#2985 = PLANE ( 'NONE',  #1375 ) ;
#2986 = EDGE_CURVE ( 'NONE', #4701, #676, #69, .T. ) ;
#2987 = VERTEX_POINT ( 'NONE', #2861 ) ;
#2988 = ORIENTED_EDGE ( 'NONE', *, *, #1184, .T. ) ;
#2989 = CARTESIAN_POINT ( 'NONE',  ( -38.94446206922803100, 10.40307868511404266, -11.88416472439276994 ) ) ;
#2990 = FACE_OUTER_BOUND ( 'NONE', #1447, .T. ) ;
#2991 = ORIENTED_EDGE ( 'NONE', *, *, #668, .T. ) ;
#2992 = CARTESIAN_POINT ( 'NONE',  ( 0.000000000000000000, 12.49999999999999112, 0.000000000000000000 ) ) ;
#2993 = EDGE_CURVE ( 'NONE', #157, #3262, #3221, .T. ) ;
#2994 = ADVANCED_FACE ( 'NONE', ( #1176 ), #4827, .T. ) ;
#2995 = ORIENTED_EDGE ( 'NONE', *, *, #5009, .F. ) ;
#2996 = CYLINDRICAL_SURFACE ( 'NONE', #3879, 16.50000000000000000 ) ;
#2997 = LINE ( 'NONE', #657, #612 ) ;
#2998 = CARTESIAN_POINT ( 'NONE',  ( -17.54578262260416821, -12.49999999999999112, -38.94446206922807363 ) ) ;
#2999 = CARTESIAN_POINT ( 'NONE',  ( -39.94446206922815179, -13.00000000000001776, 19.29537254914627553 ) ) ;
#3000 = ORIENTED_EDGE ( 'NONE', *, *, #3989, .T. ) ;
#3001 = LINE ( 'NONE', #4549, #3566 ) ;
#3002 = CARTESIAN_POINT ( 'NONE',  ( -38.94446206922815179, -13.00000000000001776, 21.40233851715652236 ) ) ;
#3003 = SHAPE_DEFINITION_REPRESENTATION ( #2763, #550 ) ;
#3004 = EDGE_LOOP ( 'NONE', ( #2756, #2459, #279, #342, #2815, #2233, #4985, #3733, #1798, #2288, #860, #477, #2133, #4290, #2762, #1189 ) ) ;
#3005 = LINE ( 'NONE', #1027, #3706 ) ;
#3006 = ORIENTED_EDGE ( 'NONE', *, *, #2091, .F. ) ;
#3007 = FACE_OUTER_BOUND ( 'NONE', #5169, .T. ) ;
#3008 = CARTESIAN_POINT ( 'NONE',  ( -39.94446206922808074, 9.999999999999989342, 43.75000000000000000 ) ) ;
#3009 = LINE ( 'NONE', #222, #4961 ) ;
#3010 = EDGE_CURVE ( 'NONE', #325, #1603, #1979, .T. ) ;
#3011 = ORIENTED_EDGE ( 'NONE', *, *, #1247, .F. ) ;
#3012 = ORIENTED_EDGE ( 'NONE', *, *, #3903, .T. ) ;
#3013 = CARTESIAN_POINT ( 'NONE',  ( 1.522564059985231255, -8.752422125469450975, 38.94446206922807363 ) ) ;
#3014 = CARTESIAN_POINT ( 'NONE',  ( 38.94446206922819442, -10.07485442821459465, -10.42040443249128678 ) ) ;
#3015 = VERTEX_POINT ( 'NONE', #3580 ) ;
#3016 = DIRECTION ( 'NONE',  ( -0.000000000000000000, -1.000000000000000000, -0.000000000000000000 ) ) ;
#3017 = ORIENTED_EDGE ( 'NONE', *, *, #706, .T. ) ;
#3018 = DIRECTION ( 'NONE',  ( -1.000000000000000000, 0.000000000000000000, 1.539863046750886426E-16 ) ) ;
#3019 = VECTOR ( 'NONE', #4491, 1000.000000000000000 ) ;
#3020 = CARTESIAN_POINT ( 'NONE',  ( -7.961870015169555614, -6.000000000000000000, -38.94446206922807363 ) ) ;
#3021 = CARTESIAN_POINT ( 'NONE',  ( 0.000000000000000000, -9.999999999999989342, 0.000000000000000000 ) ) ;
#3022 = LINE ( 'NONE', #1893, #3456 ) ;
#3023 = ORIENTED_EDGE ( 'NONE', *, *, #3319, .T. ) ;
#3024 = VECTOR ( 'NONE', #4031, 1000.000000000000000 ) ;
#3025 = CARTESIAN_POINT ( 'NONE',  ( -4.524083182513794576E-16, -30.21446609406708461, 7.400291197670686796E-16 ) ) ;
#3026 = AXIS2_PLACEMENT_3D ( 'NONE', #968, #3817, #2166 ) ;
#3027 = LINE ( 'NONE', #2566, #3634 ) ;
#3028 = PERSON_AND_ORGANIZATION ( #1357, #39 ) ;
#3029 = EDGE_LOOP ( 'NONE', ( #3968, #2918, #3759, #4021 ) ) ;
#3030 = EDGE_CURVE ( 'NONE', #3605, #1427, #1595, .T. ) ;
#3031 = CARTESIAN_POINT ( 'NONE',  ( 41.72793153766843943, -12.49999999999999112, -28.33227096949275037 ) ) ;
#3032 = AXIS2_PLACEMENT_3D ( 'NONE', #551, #4881, #236 ) ;
#3033 = AXIS2_PLACEMENT_3D ( 'NONE', #1633, #3346, #209 ) ;
#3034 = VERTEX_POINT ( 'NONE', #14 ) ;
#3035 = CARTESIAN_POINT ( 'NONE',  ( 10.87486722073962575, 8.999999999999991118, -13.45315066931471293 ) ) ;
#3036 = CARTESIAN_POINT ( 'NONE',  ( 28.39215124683763847, 10.16652563374944584, -28.71442584340604043 ) ) ;
#3037 = CARTESIAN_POINT ( 'NONE',  ( -6.610734650314263242E-16, 9.999999999999989342, 39.94446206922808074 ) ) ;
#3038 = CIRCLE ( 'NONE', #296, 43.75000000000000000 ) ;
#3039 = ORIENTED_EDGE ( 'NONE', *, *, #1455, .T. ) ;
#3040 = ORIENTED_EDGE ( 'NONE', *, *, #1063, .F. ) ;
#3041 = CARTESIAN_POINT ( 'NONE',  ( -7.509723583793995516, 9.421907730809396142, 38.94446206922808074 ) ) ;
#3042 = CARTESIAN_POINT ( 'NONE',  ( 38.94446206922829390, -13.00000000000001776, -21.40233851715624880 ) ) ;
#3043 = ORIENTED_EDGE ( 'NONE', *, *, #626, .T. ) ;
#3044 = CARTESIAN_POINT ( 'NONE',  ( -35.96723011608297327, -9.999999999999989342, -32.03172981817936460 ) ) ;
#3045 = EDGE_CURVE ( 'NONE', #681, #4999, #4396, .T. ) ;
#3046 = VECTOR ( 'NONE', #1914, 1000.000000000000000 ) ;
#3047 = VERTEX_POINT ( 'NONE', #4900 ) ;
#3048 = CARTESIAN_POINT ( 'NONE',  ( -29.83962008357948648, 8.999999999999991118, 25.44349473461516453 ) ) ;
#3049 = DIRECTION ( 'NONE',  ( 1.000000000000000000, 0.000000000000000000, 3.469446951953611033E-15 ) ) ;
#3050 = ORIENTED_EDGE ( 'NONE', *, *, #4846, .F. ) ;
#3051 = FACE_OUTER_BOUND ( 'NONE', #3948, .T. ) ;
#3052 = PLANE ( 'NONE',  #3710 ) ;
#3053 = AXIS2_PLACEMENT_3D ( 'NONE', #465, #3254, #3553 ) ;
#3054 = EDGE_CURVE ( 'NONE', #1239, #4239, #3705, .T. ) ;
#3055 = VECTOR ( 'NONE', #1930, 1000.000000000000114 ) ;
#3056 = CIRCLE ( 'NONE', #2644, 2.000000000000001776 ) ;
#3057 = FACE_OUTER_BOUND ( 'NONE', #2079, .T. ) ;
#3058 = DIRECTION ( 'NONE',  ( 0.000000000000000000, -0.000000000000000000, 1.000000000000000000 ) ) ;
#3059 = DATE_AND_TIME ( #3828, #3557 ) ;
#3060 = VERTEX_POINT ( 'NONE', #1721 ) ;
#3061 = FACE_OUTER_BOUND ( 'NONE', #1328, .T. ) ;
#3062 = EDGE_CURVE ( 'NONE', #3793, #3311, #3683, .T. ) ;
#3063 = ADVANCED_FACE ( 'NONE', ( #1347 ), #2910, .F. ) ;
#3064 = VERTEX_POINT ( 'NONE', #4509 ) ;
#3065 = DIRECTION ( 'NONE',  ( -0.000000000000000000, -1.000000000000000000, -0.000000000000000000 ) ) ;
#3066 = CARTESIAN_POINT ( 'NONE',  ( 37.94446206922806653, 12.49999999999999112, -37.94446206922807363 ) ) ;
#3067 = LINE ( 'NONE', #2574, #1042 ) ;
#3068 = ORIENTED_EDGE ( 'NONE', *, *, #2239, .T. ) ;
#3069 = ORIENTED_EDGE ( 'NONE', *, *, #1455, .F. ) ;
#3070 = FACE_OUTER_BOUND ( 'NONE', #3366, .T. ) ;
#3071 = CARTESIAN_POINT ( 'NONE',  ( 19.93467767831862147, 9.999999999999989342, -38.94446206922808074 ) ) ;
#3072 = ORIENTED_EDGE ( 'NONE', *, *, #3870, .T. ) ;
#3073 = FACE_BOUND ( 'NONE', #4669, .T. ) ;
#3074 = EDGE_LOOP ( 'NONE', ( #327, #5003, #4063, #4464 ) ) ;
#3075 = CARTESIAN_POINT ( 'NONE',  ( -23.65942147863196610, -12.49999999999999112, 38.94446206922808784 ) ) ;
#3076 = DIRECTION ( 'NONE',  ( 0.000000000000000000, 1.000000000000000000, 0.000000000000000000 ) ) ;
#3077 = EDGE_LOOP ( 'NONE', ( #4436, #1638, #3403, #3196, #1513, #4711, #3017, #1972 ) ) ;
#3078 = DIRECTION ( 'NONE',  ( -0.000000000000000000, -1.000000000000000000, -0.000000000000000000 ) ) ;
#3079 = DIRECTION ( 'NONE',  ( 0.000000000000000000, 0.000000000000000000, 1.000000000000000000 ) ) ;
#3080 = EDGE_CURVE ( 'NONE', #5061, #404, #989, .T. ) ;
#3081 = DIRECTION ( 'NONE',  ( -3.337495034168044811E-15, 0.000000000000000000, 1.000000000000000000 ) ) ;
#3082 = FACE_OUTER_BOUND ( 'NONE', #1312, .T. ) ;
#3083 = CALENDAR_DATE ( 2025, 24, 11 ) ;
#3084 = ORIENTED_EDGE ( 'NONE', *, *, #2428, .T. ) ;
#3085 = CARTESIAN_POINT ( 'NONE',  ( -12.97088306486674547, 8.999999999999991118, -11.44579366044805901 ) ) ;
#3086 = ORIENTED_EDGE ( 'NONE', *, *, #2234, .F. ) ;
#3087 = DIRECTION ( 'NONE',  ( 0.000000000000000000, 1.000000000000000000, 0.000000000000000000 ) ) ;
#3088 = CARTESIAN_POINT ( 'NONE',  ( 27.51001713905034762, 8.999999999999991118, -27.94589966438557482 ) ) ;
#3089 = EDGE_CURVE ( 'NONE', #1528, #4911, #4146, .T. ) ;
#3090 = CARTESIAN_POINT ( 'NONE',  ( 36.44446206922806653, -9.999999999999989342, -34.44446206922806653 ) ) ;
#3091 = ORIENTED_EDGE ( 'NONE', *, *, #3511, .F. ) ;
#3092 = VERTEX_POINT ( 'NONE', #192 ) ;
#3093 = DIRECTION ( 'NONE',  ( -0.000000000000000000, 1.000000000000000000, 0.000000000000000000 ) ) ;
#3094 = CARTESIAN_POINT ( 'NONE',  ( -15.42811534168216703, 8.999999999999991118, -8.259737102580885448 ) ) ;
#3095 = EDGE_LOOP ( 'NONE', ( #1609, #4353, #3549, #3666 ) ) ;
#3096 = FACE_BOUND ( 'NONE', #1839, .T. ) ;
#3097 = ORIENTED_EDGE ( 'NONE', *, *, #1088, .F. ) ;
#3098 = CARTESIAN_POINT ( 'NONE',  ( 0.000000000000000000, -12.49999999999999112, 0.000000000000000000 ) ) ;
#3099 = CARTESIAN_POINT ( 'NONE',  ( 57.02200823561584997, 9.999999999999989342, 16.68643604055709062 ) ) ;
#3100 = ORIENTED_EDGE ( 'NONE', *, *, #4784, .T. ) ;
#3101 = DIRECTION ( 'NONE',  ( 0.000000000000000000, 0.000000000000000000, 1.000000000000000000 ) ) ;
#3102 = DIRECTION ( 'NONE',  ( 0.000000000000000000, 1.000000000000000000, 0.000000000000000000 ) ) ;
#3103 = CIRCLE ( 'NONE', #4381, 43.75000000000000000 ) ;
#3104 = EDGE_CURVE ( 'NONE', #3433, #4819, #2105, .T. ) ;
#3105 = CARTESIAN_POINT ( 'NONE',  ( -39.94446206922767573, -12.49999999999999112, -37.94446206922848575 ) ) ;
#3106 = DIRECTION ( 'NONE',  ( 0.000000000000000000, 0.000000000000000000, -1.000000000000000000 ) ) ;
#3107 = ORIENTED_EDGE ( 'NONE', *, *, #1690, .T. ) ;
#3108 = PLANE ( 'NONE',  #868 ) ;
#3109 = AXIS2_PLACEMENT_3D ( 'NONE', #1211, #2802, #4403 ) ;
#3110 = EDGE_CURVE ( 'NONE', #873, #4919, #4565, .T. ) ;
#3111 = AXIS2_PLACEMENT_3D ( 'NONE', #3749, #158, #1762 ) ;
#3112 = ORIENTED_EDGE ( 'NONE', *, *, #4103, .T. ) ;
#3113 = DIRECTION ( 'NONE',  ( 0.000000000000000000, 0.000000000000000000, 1.000000000000000000 ) ) ;
#3114 = CARTESIAN_POINT ( 'NONE',  ( 38.94446206922783205, -13.00000000000001776, 23.65942147863237821 ) ) ;
#3115 = DIRECTION ( 'NONE',  ( -0.5064405351448945103, 0.000000000000000000, 0.8622748890940480360 ) ) ;
#3116 = AXIS2_PLACEMENT_3D ( 'NONE', #321, #1942, #5016 ) ;
#3117 = EDGE_CURVE ( 'NONE', #592, #2315, #4074, .T. ) ;
#3118 = EDGE_CURVE ( 'NONE', #2836, #618, #49, .T. ) ;
#3119 = EDGE_LOOP ( 'NONE', ( #4193, #2878, #4899, #2889 ) ) ;
#3120 = CARTESIAN_POINT ( 'NONE',  ( 14.72744050462035403, -11.39970554767965538, 38.94446206922807363 ) ) ;
#3121 = AXIS2_PLACEMENT_3D ( 'NONE', #3591, #1535, #3115 ) ;
#3122 = AXIS2_PLACEMENT_3D ( 'NONE', #2177, #588, #952 ) ;
#3123 = DIRECTION ( 'NONE',  ( 0.000000000000000000, 0.000000000000000000, 1.000000000000000000 ) ) ;
#3124 = ORIENTED_EDGE ( 'NONE', *, *, #2223, .T. ) ;
#3125 = FACE_BOUND ( 'NONE', #4810, .T. ) ;
#3126 = ORIENTED_EDGE ( 'NONE', *, *, #443, .F. ) ;
#3127 = ORIENTED_EDGE ( 'NONE', *, *, #4502, .T. ) ;
#3128 = LINE ( 'NONE', #1938, #2198 ) ;
#3129 = CARTESIAN_POINT ( 'NONE',  ( -7.961870015169545844, 0.000000000000000000, 38.94446206922807363 ) ) ;
#3130 = VERTEX_POINT ( 'NONE', #1694 ) ;
#3131 = PLANE ( 'NONE',  #4654 ) ;
#3132 = CC_DESIGN_APPROVAL ( #177, ( #2956 ) ) ;
#3133 = DIRECTION ( 'NONE',  ( 0.000000000000000000, 1.000000000000000000, 0.000000000000000000 ) ) ;
#3134 = VECTOR ( 'NONE', #1150, 1000.000000000000000 ) ;
#3135 = LINE ( 'NONE', #2334, #1232 ) ;
#3136 = CARTESIAN_POINT ( 'NONE',  ( 38.94446206922795284, -6.966729888475698296, 12.03064427461479191 ) ) ;
#3137 = ORIENTED_EDGE ( 'NONE', *, *, #566, .F. ) ;
#3138 = CIRCLE ( 'NONE', #1305, 1.000000000000000888 ) ;
#3139 = AXIS2_PLACEMENT_3D ( 'NONE', #310, #5093, #251 ) ;
#3140 = ORIENTED_EDGE ( 'NONE', *, *, #2981, .T. ) ;
#3141 = CARTESIAN_POINT ( 'NONE',  ( -37.94446206922806653, 9.999999999999989342, 39.94446206922808784 ) ) ;
#3142 = CARTESIAN_POINT ( 'NONE',  ( 38.94446206922764020, -12.49999999999999112, 42.71446609406766726 ) ) ;
#3143 = VECTOR ( 'NONE', #1677, 1000.000000000000000 ) ;
#3144 = CARTESIAN_POINT ( 'NONE',  ( 19.93467767831863569, -9.999999999999989342, 38.94446206922808074 ) ) ;
#3145 = EDGE_CURVE ( 'NONE', #3034, #1251, #2500, .T. ) ;
#3146 = CIRCLE ( 'NONE', #1576, 43.75000000000000000 ) ;
#3147 = ORIENTED_EDGE ( 'NONE', *, *, #4429, .T. ) ;
#3148 = CARTESIAN_POINT ( 'NONE',  ( -27.93016194981400346, 6.000000000000000000, 28.28371534040678625 ) ) ;
#3149 = DIRECTION ( 'NONE',  ( 0.000000000000000000, 1.000000000000000000, 0.000000000000000000 ) ) ;
#3150 = ORIENTED_EDGE ( 'NONE', *, *, #435, .T. ) ;
#3151 = DIRECTION ( 'NONE',  ( 0.000000000000000000, 0.000000000000000000, -1.000000000000000000 ) ) ;
#3152 = ORIENTED_EDGE ( 'NONE', *, *, #4519, .F. ) ;
#3153 = ORIENTED_EDGE ( 'NONE', *, *, #2039, .T. ) ;
#3154 = CARTESIAN_POINT ( 'NONE',  ( -21.95680324558044205, -13.00000000000001776, 39.94446206922808074 ) ) ;
#3155 = CLOSED_SHELL ( 'NONE', ( #290, #4142, #917, #1856, #4217, #893, #1366, #3321, #880, #2887, #351, #3611, #4408, #761, #2420, #570, #123, #3399, #3600, #674, #2898, #994, #980, #3940, #4087, #828, #4469, #4941, #1658, #4834, #1657, #52, #2742, #3691, #965, #1722, #4570, #3769, #2955, #386, #3957, #2421, #2613, #3263, #4757, #1390, #3584, #1147, #2954, #4309, #4209, #3248, #1295, #705, #2897, #4322, #1973, #5076, #150, #1307, #1630, #3857, #1217, #442, #3703, #4049, #2684, #3542, #2674, #2194, #1915, #2143, #1157, #2252, #4276, #3485, #2187, #4168, #1615, #2548, #1758, #850, #4692, #3220, #3270, #1503, #1680, #1927, #4178, #3648, #4686, #3974, #2851, #887, #5147, #1712, #5180, #1988, #833, #2570, #2305, #3205, #1921, #2323, #4627, #18, #3063, #1159, #3767, #336, #3891, #3677, #1526, #1752, #4840, #2508, #541, #1081, #1826, #3995, #1310, #2799, #2994, #2824, #4265, #2454, #5027, #2269, #662, #3601, #1061, #1052, #4662, #152, #1874, #170, #2748, #3939, #2733, #667, #2837, #3567, #2925 ) ) ;
#3156 = DIRECTION ( 'NONE',  ( 1.000000000000000000, 0.000000000000000000, -1.539863046750886426E-16 ) ) ;
#3157 = EDGE_LOOP ( 'NONE', ( #467, #3069, #2875, #2995 ) ) ;
#3158 = CARTESIAN_POINT ( 'NONE',  ( 38.94446206922783205, -13.00000000000001776, 23.65942147863237821 ) ) ;
#3159 = EDGE_CURVE ( 'NONE', #2931, #3497, #2183, .T. ) ;
#3160 = CARTESIAN_POINT ( 'NONE',  ( -39.94446206922808074, -12.49999999999999112, -39.94446206922805942 ) ) ;
#3161 = EDGE_CURVE ( 'NONE', #835, #1405, #3336, .T. ) ;
#3162 = EDGE_CURVE ( 'NONE', #2160, #2258, #2555, .T. ) ;
#3163 = CARTESIAN_POINT ( 'NONE',  ( -36.44446206922806653, -13.00000000000001776, 38.44446206922807363 ) ) ;
#3164 = DIRECTION ( 'NONE',  ( -0.000000000000000000, -1.000000000000000000, -0.000000000000000000 ) ) ;
#3165 = VERTEX_POINT ( 'NONE', #3386 ) ;
#3166 = VERTEX_POINT ( 'NONE', #145 ) ;
#3167 = CARTESIAN_POINT ( 'NONE',  ( -38.94446206922810205, 6.000000000000000000, 7.961870015169420611 ) ) ;
#3168 = LINE ( 'NONE', #1187, #4136 ) ;
#3169 = DIRECTION ( 'NONE',  ( -0.9632519435253612539, 0.000000000000000000, 0.2685995035263730735 ) ) ;
#3170 = ORIENTED_EDGE ( 'NONE', *, *, #1818, .F. ) ;
#3171 = PLANE ( 'NONE',  #397 ) ;
#3172 = EDGE_CURVE ( 'NONE', #3413, #3534, #3719, .T. ) ;
#3173 = FACE_OUTER_BOUND ( 'NONE', #5069, .T. ) ;
#3174 = CARTESIAN_POINT ( 'NONE',  ( 11.77897717040378822, 12.49999999999999112, 11.55446653113446054 ) ) ;
#3175 = ORIENTED_EDGE ( 'NONE', *, *, #5011, .T. ) ;
#3176 = ORIENTED_EDGE ( 'NONE', *, *, #3159, .F. ) ;
#3177 = CARTESIAN_POINT ( 'NONE',  ( -39.94446206922808074, -12.49999999999999112, 39.94446206922808784 ) ) ;
#3178 = CARTESIAN_POINT ( 'NONE',  ( -38.94446206922810205, 0.000000000000000000, 7.961870015169420611 ) ) ;
#3179 = ORIENTED_EDGE ( 'NONE', *, *, #4376, .F. ) ;
#3180 = FACE_OUTER_BOUND ( 'NONE', #773, .T. ) ;
#3181 = EDGE_CURVE ( 'NONE', #3165, #4285, #4321, .T. ) ;
#3182 = CARTESIAN_POINT ( 'NONE',  ( -38.94446206922799547, -13.00000000000001776, -23.65942147863210110 ) ) ;
#3183 = DIRECTION ( 'NONE',  ( 0.000000000000000000, 1.000000000000000000, 0.000000000000000000 ) ) ;
#3184 = VERTEX_POINT ( 'NONE', #1096 ) ;
#3185 = EDGE_CURVE ( 'NONE', #4819, #2311, #1852, .T. ) ;
#3186 = CARTESIAN_POINT ( 'NONE',  ( -30.75863990121966296, -9.999999999999989342, 31.11219329181241022 ) ) ;
#3187 = AXIS2_PLACEMENT_3D ( 'NONE', #333, #1097, #3193 ) ;
#3188 = CYLINDRICAL_SURFACE ( 'NONE', #4791, 1.000000000000000888 ) ;
#3189 = CARTESIAN_POINT ( 'NONE',  ( -8.447906909320405333, 8.999999999999991118, 15.32588884376552940 ) ) ;
#3190 = CARTESIAN_POINT ( 'NONE',  ( 38.44446206922794573, -9.999999999999989342, 36.44446206922819442 ) ) ;
#3191 = ORIENTED_EDGE ( 'NONE', *, *, #4528, .T. ) ;
#3192 = DIRECTION ( 'NONE',  ( -0.8622748890940532540, 0.000000000000000000, -0.5064405351448855175 ) ) ;
#3193 = DIRECTION ( 'NONE',  ( -1.000000000000000000, 0.000000000000000000, -3.469446951953611033E-15 ) ) ;
#3194 = CARTESIAN_POINT ( 'NONE',  ( 28.87298878606246078, -7.333332127768785291, 29.22654217665564147 ) ) ;
#3195 = AXIS2_PLACEMENT_3D ( 'NONE', #2528, #1330, #1805 ) ;
#3196 = ORIENTED_EDGE ( 'NONE', *, *, #5068, .T. ) ;
#3197 = VECTOR ( 'NONE', #3261, 1000.000000000000000 ) ;
#3198 = ORIENTED_EDGE ( 'NONE', *, *, #1370, .T. ) ;
#3199 = DIRECTION ( 'NONE',  ( 0.000000000000000000, 0.000000000000000000, 1.000000000000000000 ) ) ;
#3200 = DIRECTION ( 'NONE',  ( -0.000000000000000000, -1.000000000000000000, -0.000000000000000000 ) ) ;
#3201 = ORIENTED_EDGE ( 'NONE', *, *, #292, .F. ) ;
#3202 = FACE_OUTER_BOUND ( 'NONE', #2185, .T. ) ;
#3203 = AXIS2_PLACEMENT_3D ( 'NONE', #2703, #4275, #697 ) ;
#3204 = AXIS2_PLACEMENT_3D ( 'NONE', #2646, #3164, #4682 ) ;
#3205 = ADVANCED_FACE ( 'NONE', ( #3070 ), #276, .F. ) ;
#3206 = CC_DESIGN_APPROVAL ( #19, ( #3635 ) ) ;
#3207 = DIRECTION ( 'NONE',  ( 0.000000000000000000, 1.000000000000000000, 0.000000000000000000 ) ) ;
#3208 = LINE ( 'NONE', #94, #2453 ) ;
#3209 = EDGE_CURVE ( 'NONE', #829, #211, #4978, .T. ) ;
#3210 = CC_DESIGN_DATE_AND_TIME_ASSIGNMENT ( #4683, #2228, ( #3635 ) ) ;
#3211 = EDGE_LOOP ( 'NONE', ( #2537, #2525, #3375, #2134, #1195, #3440 ) ) ;
#3212 = VECTOR ( 'NONE', #2783, 1000.000000000000000 ) ;
#3213 = CIRCLE ( 'NONE', #2801, 1.000000000000000888 ) ;
#3214 = ORIENTED_EDGE ( 'NONE', *, *, #2333, .T. ) ;
#3215 = CARTESIAN_POINT ( 'NONE',  ( -34.11790219225100884, 9.999999999999989342, -34.47145558284415046 ) ) ;
#3216 = DIRECTION ( 'NONE',  ( 0.000000000000000000, 1.000000000000000000, 0.000000000000000000 ) ) ;
#3217 = ORIENTED_EDGE ( 'NONE', *, *, #2835, .T. ) ;
#3218 = EDGE_CURVE ( 'NONE', #851, #3497, #1037, .T. ) ;
#3219 = CARTESIAN_POINT ( 'NONE',  ( -39.94446206922815179, -13.00000000000001776, 19.29537254914627553 ) ) ;
#3220 = ADVANCED_FACE ( 'NONE', ( #1878 ), #620, .F. ) ;
#3221 = CIRCLE ( 'NONE', #390, 2.000000000000001776 ) ;
#3222 = EDGE_CURVE ( 'NONE', #4003, #4184, #282, .T. ) ;
#3223 = AXIS2_PLACEMENT_3D ( 'NONE', #3512, #1841, #5080 ) ;
#3224 = B_SPLINE_CURVE_WITH_KNOTS ( 'NONE', 3,
 ( #305, #1067, #2702, #2317 ),
 .UNSPECIFIED., .F., .F.,
 ( 4, 4 ),
 ( 2.828450214530465958E-07, 0.005657187921401620086 ),
 .UNSPECIFIED. ) ;
#3225 = VECTOR ( 'NONE', #1610, 1000.000000000000000 ) ;
#3226 = ORIENTED_EDGE ( 'NONE', *, *, #4599, .T. ) ;
#3227 = CARTESIAN_POINT ( 'NONE',  ( -39.94446206922806653, 9.999999999999989342, 37.94446206922806653 ) ) ;
#3228 = CARTESIAN_POINT ( 'NONE',  ( 0.000000000000000000, -9.999999999999989342, 0.000000000000000000 ) ) ;
#3229 = CARTESIAN_POINT ( 'NONE',  ( -38.94446206922800968, -9.560590553430683869, -18.97031980920147021 ) ) ;
#3230 = AXIS2_PLACEMENT_3D ( 'NONE', #1861, #3078, #3446 ) ;
#3231 = VERTEX_POINT ( 'NONE', #5114 ) ;
#3232 = ORIENTED_EDGE ( 'NONE', *, *, #1659, .F. ) ;
#3233 = CARTESIAN_POINT ( 'NONE',  ( 0.000000000000000000, 8.999999999999991118, 0.000000000000000000 ) ) ;
#3234 = CARTESIAN_POINT ( 'NONE',  ( 17.54578262260414334, 12.49999999999999112, 38.94446206922807363 ) ) ;
#3235 = VERTEX_POINT ( 'NONE', #732 ) ;
#3236 = DIRECTION ( 'NONE',  ( -0.9034118677180158485, 0.000000000000000000, 0.4287738299689549115 ) ) ;
#3237 = CARTESIAN_POINT ( 'NONE',  ( -38.94446206922813758, 9.142480079136406701, 17.99735995162487256 ) ) ;
#3238 = EDGE_CURVE ( 'NONE', #5113, #4229, #1121, .T. ) ;
#3239 = LINE ( 'NONE', #4832, #714 ) ;
#3240 = ORIENTED_EDGE ( 'NONE', *, *, #2601, .T. ) ;
#3241 = ORIENTED_EDGE ( 'NONE', *, *, #536, .F. ) ;
#3242 = DIRECTION ( 'NONE',  ( 0.000000000000000000, -1.000000000000000000, -0.000000000000000000 ) ) ;
#3243 = LINE ( 'NONE', #2754, #1899 ) ;
#3244 = EDGE_LOOP ( 'NONE', ( #1804, #700 ) ) ;
#3245 = CARTESIAN_POINT ( 'NONE',  ( 38.94446206922821574, 11.16782035166864695, -14.01024761923125972 ) ) ;
#3246 = EDGE_LOOP ( 'NONE', ( #4051, #3722, #1016, #2660 ) ) ;
#3247 = CARTESIAN_POINT ( 'NONE',  ( 36.44446206922806653, -13.00000000000001776, -38.44446206922807363 ) ) ;
#3248 = ADVANCED_FACE ( 'NONE', ( #3896 ), #2630, .T. ) ;
#3249 = DIRECTION ( 'NONE',  ( -3.469446951953617640E-16, 1.000000000000000000, 3.469446951953617640E-16 ) ) ;
#3250 = CARTESIAN_POINT ( 'NONE',  ( 0.000000000000000000, 12.49999999999999112, 0.000000000000000000 ) ) ;
#3251 = LINE ( 'NONE', #4845, #2123 ) ;
#3252 = ORIENTED_EDGE ( 'NONE', *, *, #4199, .F. ) ;
#3253 = ORIENTED_EDGE ( 'NONE', *, *, #2287, .T. ) ;
#3254 = DIRECTION ( 'NONE',  ( -0.000000000000000000, -1.000000000000000000, -0.000000000000000000 ) ) ;
#3255 = CARTESIAN_POINT ( 'NONE',  ( 11.84333949524131313, 10.46812666257626745, 38.94446206922808074 ) ) ;
#3256 = ORIENTED_EDGE ( 'NONE', *, *, #5018, .F. ) ;
#3257 = DIRECTION ( 'NONE',  ( 0.000000000000000000, 1.000000000000000000, 0.000000000000000000 ) ) ;
#3258 = EDGE_CURVE ( 'NONE', #5081, #2598, #2476, .T. ) ;
#3259 = EDGE_CURVE ( 'NONE', #2020, #414, #1604, .T. ) ;
#3260 = FACE_OUTER_BOUND ( 'NONE', #4306, .T. ) ;
#3261 = DIRECTION ( 'NONE',  ( 1.000000000000000000, 0.000000000000000000, -1.539863046750886426E-16 ) ) ;
#3262 = VERTEX_POINT ( 'NONE', #1515 ) ;
#3263 = ADVANCED_FACE ( 'NONE', ( #649 ), #2242, .T. ) ;
#3264 = B_SPLINE_CURVE_WITH_KNOTS ( 'NONE', 3,
 ( #3609, #865, #92, #1622 ),
 .UNSPECIFIED., .F., .F.,
 ( 4, 4 ),
 ( 2.828450214471238768E-07, 0.005657187921401610545 ),
 .UNSPECIFIED. ) ;
#3265 = ORIENTED_EDGE ( 'NONE', *, *, #4429, .F. ) ;
#3266 = CARTESIAN_POINT ( 'NONE',  ( -31.11219329181295024, -9.999999999999989342, 30.75863990121911584 ) ) ;
#3267 = CARTESIAN_POINT ( 'NONE',  ( 0.000000000000000000, -6.000000000000000000, 0.000000000000000000 ) ) ;
#3268 = ORIENTED_EDGE ( 'NONE', *, *, #3054, .T. ) ;
#3269 = CARTESIAN_POINT ( 'NONE',  ( 38.94446206922824416, 11.93989434972487551, -16.14788069074016263 ) ) ;
#3270 = ADVANCED_FACE ( 'NONE', ( #3946 ), #355, .F. ) ;
#3271 = VECTOR ( 'NONE', #146, 1000.000000000000000 ) ;
#3272 = EDGE_LOOP ( 'NONE', ( #3252, #1740, #1487, #4349 ) ) ;
#3273 = DIRECTION ( 'NONE',  ( 0.000000000000000000, 1.000000000000000000, 0.000000000000000000 ) ) ;
#3274 = CARTESIAN_POINT ( 'NONE',  ( -38.94446206922815179, -13.00000000000001776, 21.40233851715652236 ) ) ;
#3275 = DIRECTION ( 'NONE',  ( 0.000000000000000000, 1.000000000000000000, 0.000000000000000000 ) ) ;
#3276 = EDGE_CURVE ( 'NONE', #481, #77, #3912, .T. ) ;
#3277 = CC_DESIGN_PERSON_AND_ORGANIZATION_ASSIGNMENT ( #4183, #4244, ( #4270 ) ) ;
#3278 = VECTOR ( 'NONE', #4360, 1000.000000000000000 ) ;
#3279 = VERTEX_POINT ( 'NONE', #3227 ) ;
#3280 = ORIENTED_EDGE ( 'NONE', *, *, #4962, .F. ) ;
#3281 = DIRECTION ( 'NONE',  ( 0.000000000000000000, -1.000000000000000000, 0.000000000000000000 ) ) ;
#3282 = VECTOR ( 'NONE', #233, 1000.000000000000000 ) ;
#3283 = CARTESIAN_POINT ( 'NONE',  ( -17.54578262260415400, -12.49999999999999112, 38.94446206922807363 ) ) ;
#3284 = ORIENTED_EDGE ( 'NONE', *, *, #3370, .F. ) ;
#3285 = DIRECTION ( 'NONE',  ( -0.7539902244475467086, -0.000000000000000000, 0.6568856380204535217 ) ) ;
#3286 = EDGE_CURVE ( 'NONE', #1719, #1801, #2026, .T. ) ;
#3287 = EDGE_CURVE ( 'NONE', #3231, #1239, #2757, .T. ) ;
#3288 = CIRCLE ( 'NONE', #4124, 2.000000000000001776 ) ;
#3289 = AXIS2_PLACEMENT_3D ( 'NONE', #2983, #3859, #268 ) ;
#3290 = CARTESIAN_POINT ( 'NONE',  ( -33.52351109286236408, 12.49999999999999112, 26.47073511838979343 ) ) ;
#3291 = CARTESIAN_POINT ( 'NONE',  ( 0.000000000000000000, 9.999999999999989342, 0.000000000000000000 ) ) ;
#3292 = AXIS2_PLACEMENT_3D ( 'NONE', #3353, #4221, #1008 ) ;
#3293 = AXIS2_PLACEMENT_3D ( 'NONE', #2310, #298, #4243 ) ;
#3294 = CARTESIAN_POINT ( 'NONE',  ( -38.94446206922810205, -6.000000000000000000, 7.961870015169420611 ) ) ;
#3295 = ORIENTED_EDGE ( 'NONE', *, *, #798, .F. ) ;
#3296 = LINE ( 'NONE', #1018, #98 ) ;
#3297 = DIRECTION ( 'NONE',  ( 0.000000000000000000, 1.000000000000000000, 0.000000000000000000 ) ) ;
#3298 = CARTESIAN_POINT ( 'NONE',  ( 17.54578262260415400, 12.49999999999999112, -38.94446206922807363 ) ) ;
#3299 = EDGE_LOOP ( 'NONE', ( #1260, #4957, #4833, #3000 ) ) ;
#3300 = FACE_OUTER_BOUND ( 'NONE', #2270, .T. ) ;
#3301 = VECTOR ( 'NONE', #2419, 1000.000000000000000 ) ;
#3302 = EDGE_LOOP ( 'NONE', ( #5120, #2522, #803, #2200 ) ) ;
#3303 = DIRECTION ( 'NONE',  ( 1.032045771185431231E-14, 0.000000000000000000, -1.000000000000000000 ) ) ;
#3304 = LINE ( 'NONE', #509, #2393 ) ;
#3305 = VECTOR ( 'NONE', #4875, 1000.000000000000000 ) ;
#3306 = EDGE_CURVE ( 'NONE', #1720, #4862, #4480, .T. ) ;
#3307 = FACE_OUTER_BOUND ( 'NONE', #2498, .T. ) ;
#3308 = AXIS2_PLACEMENT_3D ( 'NONE', #696, #1511, #643 ) ;
#3309 = AXIS2_PLACEMENT_3D ( 'NONE', #4292, #5078, #3081 ) ;
#3310 = ORIENTED_EDGE ( 'NONE', *, *, #2428, .F. ) ;
#3311 = VERTEX_POINT ( 'NONE', #4822 ) ;
#3312 = CARTESIAN_POINT ( 'NONE',  ( 34.87674354919337105, 12.49999999999999112, 24.66046173746591919 ) ) ;
#3313 = CARTESIAN_POINT ( 'NONE',  ( 0.000000000000000000, -6.000000000000000000, 0.000000000000000000 ) ) ;
#3314 = ORIENTED_EDGE ( 'NONE', *, *, #1117, .F. ) ;
#3315 = PLANE ( 'NONE',  #189 ) ;
#3316 = CIRCLE ( 'NONE', #4236, 39.21446609406724804 ) ;
#3317 = AXIS2_PLACEMENT_3D ( 'NONE', #2138, #4122, #3709 ) ;
#3318 = DIRECTION ( 'NONE',  ( 0.000000000000000000, 1.000000000000000000, 0.000000000000000000 ) ) ;
#3319 = EDGE_CURVE ( 'NONE', #2379, #3802, #2343, .T. ) ;
#3320 = FACE_OUTER_BOUND ( 'NONE', #4117, .T. ) ;
#3321 = ADVANCED_FACE ( 'NONE', ( #830 ), #1221, .F. ) ;
#3322 = CARTESIAN_POINT ( 'NONE',  ( -27.93016194981379385, -6.000000000000000000, -28.28371534040698521 ) ) ;
#3323 = VERTEX_POINT ( 'NONE', #409 ) ;
#3324 = CARTESIAN_POINT ( 'NONE',  ( 12.03064427461439934, 6.966729888475700072, 38.94446206922807363 ) ) ;
#3325 = ORIENTED_EDGE ( 'NONE', *, *, #4628, .T. ) ;
#3326 = DIRECTION ( 'NONE',  ( -0.8531954862147294039, 0.000000000000000000, -0.5215912789750336565 ) ) ;
#3327 = CARTESIAN_POINT ( 'NONE',  ( 0.000000000000000000, 6.000000000000000000, 0.000000000000000000 ) ) ;
#3328 = CARTESIAN_POINT ( 'NONE',  ( 38.94446206922799547, 9.419676869575210887, 7.498269859989226127 ) ) ;
#3329 = ORIENTED_EDGE ( 'NONE', *, *, #1470, .F. ) ;
#3330 = CARTESIAN_POINT ( 'NONE',  ( -30.16936808251917057, 8.666665571327985873, 29.81581469192538236 ) ) ;
#3331 = DIRECTION ( 'NONE',  ( 0.000000000000000000, -1.000000000000000000, -0.000000000000000000 ) ) ;
#3332 = PLANE ( 'NONE',  #3714 ) ;
#3333 = VERTEX_POINT ( 'NONE', #778 ) ;
#3334 = EDGE_CURVE ( 'NONE', #844, #837, #3731, .T. ) ;
#3335 = EDGE_LOOP ( 'NONE', ( #2431, #1724, #337, #987 ) ) ;
#3336 = LINE ( 'NONE', #1799, #3305 ) ;
#3337 = CARTESIAN_POINT ( 'NONE',  ( 10.39137274245150522, 10.06725564128990236, 38.94446206922807363 ) ) ;
#3338 = ORIENTED_EDGE ( 'NONE', *, *, #2015, .F. ) ;
#3339 = CARTESIAN_POINT ( 'NONE',  ( 38.94446206922829390, 9.999999999999989342, -21.40233851715625590 ) ) ;
#3340 = LINE ( 'NONE', #2558, #283 ) ;
#3341 = DIRECTION ( 'NONE',  ( -1.000000000000000000, 0.000000000000000000, 1.737135398614550415E-16 ) ) ;
#3342 = LINE ( 'NONE', #920, #4626 ) ;
#3343 = ORIENTED_EDGE ( 'NONE', *, *, #1926, .T. ) ;
#3344 = EDGE_CURVE ( 'NONE', #2289, #2464, #430, .T. ) ;
#3345 = CARTESIAN_POINT ( 'NONE',  ( 36.52261575746466349, 12.49999999999999112, 22.15003728967099050 ) ) ;
#3346 = DIRECTION ( 'NONE',  ( 0.8622748890940515887, -0.000000000000000000, 0.5064405351448885151 ) ) ;
#3347 = DIRECTION ( 'NONE',  ( -0.000000000000000000, -1.000000000000000000, -0.000000000000000000 ) ) ;
#3348 = ORIENTED_EDGE ( 'NONE', *, *, #3306, .F. ) ;
#3349 = FACE_OUTER_BOUND ( 'NONE', #2072, .T. ) ;
#3350 = ORIENTED_EDGE ( 'NONE', *, *, #1334, .T. ) ;
#3351 = CYLINDRICAL_SURFACE ( 'NONE', #627, 2.000000000000001776 ) ;
#3352 = CARTESIAN_POINT ( 'NONE',  ( -21.40233851715665736, -12.49999999999999112, -38.94446206922807363 ) ) ;
#3353 = CARTESIAN_POINT ( 'NONE',  ( 34.29467888754768978, 0.000000000000000000, -34.29467888754745530 ) ) ;
#3354 = EDGE_LOOP ( 'NONE', ( #1882, #4933, #2263, #623, #4534, #2338 ) ) ;
#3355 = VERTEX_POINT ( 'NONE', #804 ) ;
#3356 = CARTESIAN_POINT ( 'NONE',  ( -38.94446206922806653, 8.751421277030583923, -1.498009922542231864 ) ) ;
#3357 = CYLINDRICAL_SURFACE ( 'NONE', #5118, 2.000000000000001776 ) ;
#3358 = ORIENTED_EDGE ( 'NONE', *, *, #498, .T. ) ;
#3359 = CARTESIAN_POINT ( 'NONE',  ( -1.453886127284589018E-14, -9.999999999999989342, -39.94446206922808074 ) ) ;
#3360 = VECTOR ( 'NONE', #514, 1000.000000000000000 ) ;
#3361 = CONICAL_SURFACE ( 'NONE', #529, 39.75000000000000000, 0.7853981633974491672 ) ;
#3362 = ORIENTED_EDGE ( 'NONE', *, *, #4714, .F. ) ;
#3363 = FACE_OUTER_BOUND ( 'NONE', #97, .T. ) ;
#3364 = CARTESIAN_POINT ( 'NONE',  ( 28.87298878606246788, 7.333332127768780850, 29.22654217665563436 ) ) ;
#3365 = PLANE ( 'NONE',  #1623 ) ;
#3366 = EDGE_LOOP ( 'NONE', ( #2568, #4792, #1419, #4006, #2267, #4953 ) ) ;
#3367 = EDGE_CURVE ( 'NONE', #3437, #4260, #2006, .T. ) ;
#3368 = VECTOR ( 'NONE', #4302, 1000.000000000000000 ) ;
#3369 = AXIS2_PLACEMENT_3D ( 'NONE', #4447, #4425, #846 ) ;
#3370 = EDGE_CURVE ( 'NONE', #3333, #2464, #3056, .T. ) ;
#3371 = DIRECTION ( 'NONE',  ( -1.000000000000000000, -0.000000000000000000, 1.737135398614549922E-16 ) ) ;
#3372 = ORIENTED_EDGE ( 'NONE', *, *, #4379, .T. ) ;
#3373 = DIRECTION ( 'NONE',  ( 0.7071067811865451302, 0.000000000000000000, 0.7071067811865500152 ) ) ;
#3374 = DIRECTION ( 'NONE',  ( 0.000000000000000000, 1.000000000000000000, 0.000000000000000000 ) ) ;
#3375 = ORIENTED_EDGE ( 'NONE', *, *, #463, .T. ) ;
#3376 = DIRECTION ( 'NONE',  ( 0.000000000000000000, 0.000000000000000000, -1.000000000000000000 ) ) ;
#3377 = CIRCLE ( 'NONE', #4053, 1.000000000000000888 ) ;
#3378 = ORIENTED_EDGE ( 'NONE', *, *, #2800, .F. ) ;
#3379 = EDGE_CURVE ( 'NONE', #2482, #2374, #4080, .T. ) ;
#3380 = CARTESIAN_POINT ( 'NONE',  ( 6.012408650677752320, -9.088270972075351395, -38.94446206922808074 ) ) ;
#3381 = CARTESIAN_POINT ( 'NONE',  ( 34.11790219225098753, -9.999999999999989342, 34.47145558284415046 ) ) ;
#3382 = EDGE_CURVE ( 'NONE', #1913, #2845, #1666, .T. ) ;
#3383 = CARTESIAN_POINT ( 'NONE',  ( 37.94446206922806653, -9.999999999999989342, -37.94446206922807363 ) ) ;
#3384 = ORIENTED_EDGE ( 'NONE', *, *, #3469, .F. ) ;
#3385 = ORIENTED_EDGE ( 'NONE', *, *, #2515, .T. ) ;
#3386 = CARTESIAN_POINT ( 'NONE',  ( 29.56732409185647015, 8.999999999999991118, -25.75941957983280517 ) ) ;
#3387 = CARTESIAN_POINT ( 'NONE',  ( 0.000000000000000000, 12.49999999999999112, 0.000000000000000000 ) ) ;
#3388 = VERTEX_POINT ( 'NONE', #5170 ) ;
#3389 = FACE_OUTER_BOUND ( 'NONE', #2170, .T. ) ;
#3390 = VECTOR ( 'NONE', #4108, 1000.000000000000000 ) ;
#3391 = VECTOR ( 'NONE', #1646, 1000.000000000000000 ) ;
#3392 = ORIENTED_EDGE ( 'NONE', *, *, #836, .F. ) ;
#3393 = DIRECTION ( 'NONE',  ( -0.000000000000000000, -1.000000000000000000, -0.000000000000000000 ) ) ;
#3394 = AXIS2_PLACEMENT_3D ( 'NONE', #3913, #344, #2277 ) ;
#3395 = CARTESIAN_POINT ( 'NONE',  ( -6.030382533163400005, -9.166144386675593836, -38.94446206922807363 ) ) ;
#3396 = CARTESIAN_POINT ( 'NONE',  ( 7.961870015169545844, 6.000000000000000000, -38.94446206922807363 ) ) ;
#3397 = ORIENTED_EDGE ( 'NONE', *, *, #4123, .F. ) ;
#3398 = VECTOR ( 'NONE', #4344, 1000.000000000000000 ) ;
#3399 = ADVANCED_FACE ( 'NONE', ( #2832, #1146 ), #3171, .F. ) ;
#3400 = CARTESIAN_POINT ( 'NONE',  ( -34.47145558284426414, 9.999999999999989342, -34.11790219225087384 ) ) ;
#3401 = CARTESIAN_POINT ( 'NONE',  ( 37.94446206922806653, 9.999999999999987566, -37.94446206922807363 ) ) ;
#3402 = PERSON_AND_ORGANIZATION ( #1357, #39 ) ;
#3403 = ORIENTED_EDGE ( 'NONE', *, *, #4660, .T. ) ;
#3404 = CARTESIAN_POINT ( 'NONE',  ( -21.40233851715665736, -13.00000000000001776, -38.94446206922807363 ) ) ;
#3405 = ORIENTED_EDGE ( 'NONE', *, *, #2355, .F. ) ;
#3406 = DIRECTION ( 'NONE',  ( 0.000000000000000000, 1.000000000000000000, 0.000000000000000000 ) ) ;
#3407 = CARTESIAN_POINT ( 'NONE',  ( -19.29537254914641409, -13.00000000000001776, -39.94446206922808074 ) ) ;
#3408 = CARTESIAN_POINT ( 'NONE',  ( -39.94446206922808074, 9.999999999999989342, 19.29537254914642830 ) ) ;
#3409 = ORIENTED_EDGE ( 'NONE', *, *, #1590, .F. ) ;
#3410 = VERTEX_POINT ( 'NONE', #852 ) ;
#3411 = CARTESIAN_POINT ( 'NONE',  ( 15.45732668297621970, 12.49999999999999112, 8.204940695443900367 ) ) ;
#3412 = CARTESIAN_POINT ( 'NONE',  ( 38.94446206922791731, -11.92670713091501433, 16.15012536722780823 ) ) ;
#3413 = VERTEX_POINT ( 'NONE', #4769 ) ;
#3414 = DIRECTION ( 'NONE',  ( 0.000000000000000000, -1.000000000000000000, -0.000000000000000000 ) ) ;
#3415 = ORIENTED_EDGE ( 'NONE', *, *, #2681, .T. ) ;
#3416 = VERTEX_POINT ( 'NONE', #1190 ) ;
#3417 = FACE_OUTER_BOUND ( 'NONE', #159, .T. ) ;
#3418 = CARTESIAN_POINT ( 'NONE',  ( -19.29537254914641409, -13.00000000000001776, -39.94446206922808074 ) ) ;
#3419 = CARTESIAN_POINT ( 'NONE',  ( 28.28371534040707047, -6.000000000000000000, 27.93016194981370859 ) ) ;
#3420 = DIRECTION ( 'NONE',  ( -1.000000000000000000, 0.000000000000000000, 1.539863046750886426E-16 ) ) ;
#3421 = ORIENTED_EDGE ( 'NONE', *, *, #272, .F. ) ;
#3422 = FACE_OUTER_BOUND ( 'NONE', #2502, .T. ) ;
#3423 = FACE_OUTER_BOUND ( 'NONE', #1120, .T. ) ;
#3424 = COORDINATED_UNIVERSAL_TIME_OFFSET ( 5, 0, .AHEAD. ) ;
#3425 = ORIENTED_EDGE ( 'NONE', *, *, #1818, .T. ) ;
#3426 = CARTESIAN_POINT ( 'NONE',  ( -21.40233851715665736, -13.00000000000001776, -38.94446206922807363 ) ) ;
#3427 = ORIENTED_EDGE ( 'NONE', *, *, #4089, .F. ) ;
#3428 = LINE ( 'NONE', #218, #2944 ) ;
#3429 = DIRECTION ( 'NONE',  ( 0.000000000000000000, 1.000000000000000000, 0.000000000000000000 ) ) ;
#3430 = CARTESIAN_POINT ( 'NONE',  ( -36.44446206922806653, 9.999999999999987566, 36.44446206922807363 ) ) ;
#3431 = EDGE_CURVE ( 'NONE', #3954, #3961, #590, .T. ) ;
#3432 = EDGE_LOOP ( 'NONE', ( #3675, #758, #3072, #4191, #655, #4414 ) ) ;
#3433 = VERTEX_POINT ( 'NONE', #4383 ) ;
#3434 = DIRECTION ( 'NONE',  ( -0.7071067811865487940, 0.000000000000000000, -0.7071067811865463515 ) ) ;
#3435 = EDGE_CURVE ( 'NONE', #3355, #1010, #240, .T. ) ;
#3436 = CARTESIAN_POINT ( 'NONE',  ( -38.94446206922803810, 6.826486521030463273, -12.08814175137828606 ) ) ;
#3437 = VERTEX_POINT ( 'NONE', #878 ) ;
#3438 = EDGE_CURVE ( 'NONE', #3837, #4214, #3001, .T. ) ;
#3439 = LINE ( 'NONE', #3844, #3134 ) ;
#3440 = ORIENTED_EDGE ( 'NONE', *, *, #4090, .F. ) ;
#3441 = ORIENTED_EDGE ( 'NONE', *, *, #255, .F. ) ;
#3442 = FACE_OUTER_BOUND ( 'NONE', #1693, .T. ) ;
#3443 = CIRCLE ( 'NONE', #611, 0.9999999999999991118 ) ;
#3444 = CARTESIAN_POINT ( 'NONE',  ( 6.951023680409705975E-15, 8.729995975160770527, -38.94446206922807363 ) ) ;
#3445 = ORIENTED_EDGE ( 'NONE', *, *, #3640, .T. ) ;
#3446 = DIRECTION ( 'NONE',  ( 0.000000000000000000, 0.000000000000000000, -1.000000000000000000 ) ) ;
#3447 = EDGE_CURVE ( 'NONE', #216, #4337, #1482, .T. ) ;
#3448 = CARTESIAN_POINT ( 'NONE',  ( -19.93467767831863569, -9.999999999999989342, -38.94446206922808074 ) ) ;
#3449 = EDGE_CURVE ( 'NONE', #848, #604, #581, .T. ) ;
#3450 = FACE_OUTER_BOUND ( 'NONE', #633, .T. ) ;
#3451 = AXIS2_PLACEMENT_3D ( 'NONE', #213, #3856, #2592 ) ;
#3452 = PLANE ( 'NONE',  #114 ) ;
#3453 = PERSON_AND_ORGANIZATION_ROLE ( 'creator' ) ;
#3454 = EDGE_LOOP ( 'NONE', ( #4889, #2182, #450, #648 ) ) ;
#3455 = DIRECTION ( 'NONE',  ( 0.000000000000000000, 1.000000000000000000, 0.000000000000000000 ) ) ;
#3456 = VECTOR ( 'NONE', #1920, 1000.000000000000000 ) ;
#3457 = VECTOR ( 'NONE', #1682, 1000.000000000000000 ) ;
#3458 = EDGE_LOOP ( 'NONE', ( #1733, #3043, #3217, #1916 ) ) ;
#3459 = DIRECTION ( 'NONE',  ( 0.000000000000000000, -0.000000000000000000, 1.000000000000000000 ) ) ;
#3460 = CARTESIAN_POINT ( 'NONE',  ( -8.179307405794032704, 8.999999999999991118, 16.28914078729088999 ) ) ;
#3461 = DIRECTION ( 'NONE',  ( 0.7071067811865486830, -0.000000000000000000, -0.7071067811865463515 ) ) ;
#3462 = VECTOR ( 'NONE', #1766, 1000.000000000000000 ) ;
#3463 = AXIS2_PLACEMENT_3D ( 'NONE', #1502, #3533, #4325 ) ;
#3464 = LOCAL_TIME ( 13, 3, 5.000000000000000000, #3881 ) ;
#3465 = VERTEX_POINT ( 'NONE', #1267 ) ;
#3466 = B_SPLINE_CURVE_WITH_KNOTS ( 'NONE', 3,
 ( #1186, #2729, #1949, #3964 ),
 .UNSPECIFIED., .F., .F.,
 ( 4, 4 ),
 ( 2.828455095780643410E-07, 0.005657187921889744384 ),
 .UNSPECIFIED. ) ;
#3467 = ORIENTED_EDGE ( 'NONE', *, *, #822, .F. ) ;
#3468 = DIRECTION ( 'NONE',  ( -1.000000000000000000, 0.000000000000000000, 1.539863046750886426E-16 ) ) ;
#3469 = EDGE_CURVE ( 'NONE', #456, #3388, #1781, .T. ) ;
#3470 = DIRECTION ( 'NONE',  ( 0.000000000000000000, 1.000000000000000000, 0.000000000000000000 ) ) ;
#3471 = ORIENTED_EDGE ( 'NONE', *, *, #539, .F. ) ;
#3472 = CARTESIAN_POINT ( 'NONE',  ( -39.94446206922768994, 9.999999999999989342, -37.94446206922848575 ) ) ;
#3473 = AXIS2_PLACEMENT_3D ( 'NONE', #4895, #2596, #2543 ) ;
#3474 = AXIS2_PLACEMENT_3D ( 'NONE', #57, #1213, #3644 ) ;
#3475 = ORIENTED_EDGE ( 'NONE', *, *, #3597, .F. ) ;
#3476 = CARTESIAN_POINT ( 'NONE',  ( 0.000000000000000000, -12.49999999999999112, 0.000000000000000000 ) ) ;
#3477 = CARTESIAN_POINT ( 'NONE',  ( 37.94446206922793863, 12.49999999999999112, 37.94446206922819442 ) ) ;
#3478 = ORIENTED_EDGE ( 'NONE', *, *, #5038, .T. ) ;
#3479 = FACE_BOUND ( 'NONE', #4487, .T. ) ;
#3480 = CARTESIAN_POINT ( 'NONE',  ( 13.83015437346312559, 12.49999999999999112, -10.72272493381131220 ) ) ;
#3481 = AXIS2_PLACEMENT_3D ( 'NONE', #3098, #2300, #3906 ) ;
#3482 = AXIS2_PLACEMENT_3D ( 'NONE', #4161, #3772, #2874 ) ;
#3483 = EDGE_CURVE ( 'NONE', #3925, #2153, #1054, .T. ) ;
#3484 = VECTOR ( 'NONE', #2357, 1000.000000000000000 ) ;
#3485 = ADVANCED_FACE ( 'NONE', ( #3422 ), #974, .T. ) ;
#3486 = PLANE ( 'NONE',  #3309 ) ;
#3487 = CARTESIAN_POINT ( 'NONE',  ( 19.29537254914641409, -13.00000000000001776, 39.94446206922808074 ) ) ;
#3488 = CALENDAR_DATE ( 2025, 24, 11 ) ;
#3489 = ORIENTED_EDGE ( 'NONE', *, *, #4467, .T. ) ;
#3490 = DIRECTION ( 'NONE',  ( 3.469446951953581155E-16, 1.000000000000000000, 3.469446951953654125E-16 ) ) ;
#3491 = AXIS2_PLACEMENT_3D ( 'NONE', #3955, #4237, #712 ) ;
#3492 = ORIENTED_EDGE ( 'NONE', *, *, #2940, .F. ) ;
#3493 = FACE_OUTER_BOUND ( 'NONE', #224, .T. ) ;
#3494 = DIRECTION ( 'NONE',  ( -1.000000000000000000, 0.000000000000000000, 1.539863046750886426E-16 ) ) ;
#3495 = FACE_OUTER_BOUND ( 'NONE', #4388, .T. ) ;
#3496 = VERTEX_POINT ( 'NONE', #3770 ) ;
#3497 = VERTEX_POINT ( 'NONE', #82 ) ;
#3498 = CARTESIAN_POINT ( 'NONE',  ( 10.42573190781426185, -10.07627313803576108, 38.94446206922807363 ) ) ;
#3499 = CARTESIAN_POINT ( 'NONE',  ( -39.94446206922808074, -12.49999999999999112, -39.94446206922805942 ) ) ;
#3500 = VERTEX_POINT ( 'NONE', #5019 ) ;
#3501 = LINE ( 'NONE', #1041, #4313 ) ;
#3502 = EDGE_CURVE ( 'NONE', #481, #1691, #4398, .T. ) ;
#3503 = ORIENTED_EDGE ( 'NONE', *, *, #4363, .T. ) ;
#3504 = CARTESIAN_POINT ( 'NONE',  ( 0.000000000000000000, 0.000000000000000000, -37.25000000000000000 ) ) ;
#3505 = DIRECTION ( 'NONE',  ( 0.000000000000000000, 0.000000000000000000, 1.000000000000000000 ) ) ;
#3506 = FACE_OUTER_BOUND ( 'NONE', #1756, .T. ) ;
#3507 = CARTESIAN_POINT ( 'NONE',  ( -28.28371534040727653, -6.000000000000001776, 27.93016194981350253 ) ) ;
#3508 = EDGE_CURVE ( 'NONE', #1021, #4099, #178, .T. ) ;
#3509 = DIRECTION ( 'NONE',  ( 0.000000000000000000, 1.000000000000000000, 0.000000000000000000 ) ) ;
#3510 = DIRECTION ( 'NONE',  ( -0.000000000000000000, -1.000000000000000000, -0.000000000000000000 ) ) ;
#3511 = EDGE_CURVE ( 'NONE', #1463, #5054, #4965, .T. ) ;
#3512 = CARTESIAN_POINT ( 'NONE',  ( 0.000000000000000000, 0.000000000000000000, 0.000000000000000000 ) ) ;
#3513 = CC_DESIGN_PERSON_AND_ORGANIZATION_ASSIGNMENT ( #690, #1504, ( #3635 ) ) ;
#3514 = ORIENTED_EDGE ( 'NONE', *, *, #4938, .T. ) ;
#3515 = DIRECTION ( 'NONE',  ( -0.000000000000000000, -1.000000000000000000, -0.000000000000000000 ) ) ;
#3516 = ORIENTED_EDGE ( 'NONE', *, *, #164, .T. ) ;
#3517 = PLANE ( 'NONE',  #4211 ) ;
#3518 = DIRECTION ( 'NONE',  ( 0.000000000000000000, 0.000000000000000000, -1.000000000000000000 ) ) ;
#3519 = CARTESIAN_POINT ( 'NONE',  ( -38.94446206922799547, -13.00000000000001776, -23.65942147863210110 ) ) ;
#3520 = ORIENTED_EDGE ( 'NONE', *, *, #4693, .T. ) ;
#3521 = CARTESIAN_POINT ( 'NONE',  ( -11.89051374155036278, 10.40518021378316149, 38.94446206922810205 ) ) ;
#3522 = CARTESIAN_POINT ( 'NONE',  ( 38.94446206922786757, 9.999999999999989342, 19.93467767831904780 ) ) ;
#3523 = ORIENTED_EDGE ( 'NONE', *, *, #4805, .T. ) ;
#3524 = CARTESIAN_POINT ( 'NONE',  ( 0.000000000000000000, 6.000000000000000000, 0.000000000000000000 ) ) ;
#3525 = VERTEX_POINT ( 'NONE', #3345 ) ;
#3526 = CYLINDRICAL_SURFACE ( 'NONE', #1364, 2.000000000000001776 ) ;
#3527 = LINE ( 'NONE', #764, #4859 ) ;
#3528 = DIRECTION ( 'NONE',  ( -0.9034118677180114076, 0.000000000000000000, 0.4287738299689642374 ) ) ;
#3529 = DIRECTION ( 'NONE',  ( -0.7071067811865536790, -0.000000000000000000, 0.7071067811865414665 ) ) ;
#3530 = AXIS2_PLACEMENT_3D ( 'NONE', #4092, #1741, #2054 ) ;
#3531 = CARTESIAN_POINT ( 'NONE',  ( 31.11219329181272641, 9.999999999999989342, -30.75863990121935387 ) ) ;
#3532 = EDGE_CURVE ( 'NONE', #592, #1292, #634, .T. ) ;
#3533 = DIRECTION ( 'NONE',  ( 0.000000000000000000, 1.000000000000000000, 0.000000000000000000 ) ) ;
#3534 = VERTEX_POINT ( 'NONE', #4632 ) ;
#3535 = AXIS2_PLACEMENT_3D ( 'NONE', #1548, #3930, #5123 ) ;
#3536 = AXIS2_PLACEMENT_3D ( 'NONE', #2618, #2951, #3376 ) ;
#3537 = EDGE_LOOP ( 'NONE', ( #567, #3696, #2416, #1851, #2412, #4295, #3762, #665 ) ) ;
#3538 = CARTESIAN_POINT ( 'NONE',  ( -1.453886127284589018E-14, 9.999999999999989342, -39.94446206922808074 ) ) ;
#3539 = DIRECTION ( 'NONE',  ( 0.9632519435253613649, 0.000000000000000000, -0.2685995035263726849 ) ) ;
#3540 = DIRECTION ( 'NONE',  ( -0.000000000000000000, -1.000000000000000000, -0.000000000000000000 ) ) ;
#3541 = AXIS2_PLACEMENT_3D ( 'NONE', #1104, #3102, #1499 ) ;
#3542 = ADVANCED_FACE ( 'NONE', ( #4453 ), #4934, .T. ) ;
#3543 = VERTEX_POINT ( 'NONE', #1000 ) ;
#3544 = CARTESIAN_POINT ( 'NONE',  ( 0.000000000000000000, -6.000000000000000000, 0.000000000000000000 ) ) ;
#3545 = EDGE_CURVE ( 'NONE', #4637, #2160, #2615, .T. ) ;
#3546 = VECTOR ( 'NONE', #2493, 1000.000000000000000 ) ;
#3547 = CONICAL_SURFACE ( 'NONE', #32, 37.25000000000000000, 0.7853981633974504994 ) ;
#3548 = CARTESIAN_POINT ( 'NONE',  ( -30.75863990121944269, -9.999999999999989342, -31.11219329181263049 ) ) ;
#3549 = ORIENTED_EDGE ( 'NONE', *, *, #1355, .T. ) ;
#3550 = DIRECTION ( 'NONE',  ( -0.4287738299689611288, 0.000000000000000000, -0.9034118677180128509 ) ) ;
#3551 = ORIENTED_EDGE ( 'NONE', *, *, #1106, .T. ) ;
#3552 = VERTEX_POINT ( 'NONE', #4181 ) ;
#3553 = DIRECTION ( 'NONE',  ( 0.000000000000000000, 0.000000000000000000, -1.000000000000000000 ) ) ;
#3554 = DIRECTION ( 'NONE',  ( -0.000000000000000000, -1.000000000000000000, -0.000000000000000000 ) ) ;
#3555 = ORIENTED_EDGE ( 'NONE', *, *, #3832, .F. ) ;
#3556 = DIRECTION ( 'NONE',  ( -0.000000000000000000, -1.000000000000000000, -0.000000000000000000 ) ) ;
#3558 = EDGE_CURVE ( 'NONE', #208, #503, #2559, .T. ) ;
#3557 = LOCAL_TIME ( 13, 3, 5.000000000000000000, #3424 ) ;
#3559 = DIRECTION ( 'NONE',  ( 1.000000000000000000, 0.000000000000000000, 1.040834085586083310E-14 ) ) ;
#3560 = AXIS2_PLACEMENT_3D ( 'NONE', #2959, #4114, #4585 ) ;
#3561 = AXIS2_PLACEMENT_3D ( 'NONE', #1963, #3659, #2424 ) ;
#3562 = FACE_OUTER_BOUND ( 'NONE', #3272, .T. ) ;
#3563 = CARTESIAN_POINT ( 'NONE',  ( 17.54578262260415400, -12.49999999999999112, -38.94446206922807363 ) ) ;
#3564 = ORIENTED_EDGE ( 'NONE', *, *, #3334, .F. ) ;
#3565 = AXIS2_PLACEMENT_3D ( 'NONE', #4166, #589, #2178 ) ;
#3566 = VECTOR ( 'NONE', #2470, 1000.000000000000000 ) ;
#3567 = ADVANCED_FACE ( 'NONE', ( #3824 ), #661, .T. ) ;
#3568 = ORIENTED_EDGE ( 'NONE', *, *, #2533, .T. ) ;
#3569 = DIRECTION ( 'NONE',  ( 0.000000000000000000, 0.000000000000000000, -1.000000000000000000 ) ) ;
#3570 = DIRECTION ( 'NONE',  ( 8.659560562354952580E-17, 0.7071067811865460184, -0.7071067811865490160 ) ) ;
#3571 = VECTOR ( 'NONE', #5125, 1000.000000000000000 ) ;
#3572 = CARTESIAN_POINT ( 'NONE',  ( -35.41347045564939577, 8.999999999999991118, 23.88329382618880459 ) ) ;
#3573 = AXIS2_PLACEMENT_3D ( 'NONE', #2992, #2526, #2108 ) ;
#3574 = ORIENTED_EDGE ( 'NONE', *, *, #2446, .F. ) ;
#3575 = DIRECTION ( 'NONE',  ( 0.000000000000000000, 1.000000000000000000, 0.000000000000000000 ) ) ;
#3576 = DIRECTION ( 'NONE',  ( 0.000000000000000000, 1.000000000000000000, 0.000000000000000000 ) ) ;
#3577 = CARTESIAN_POINT ( 'NONE',  ( -36.44446206922806653, -12.49999999999999112, 36.44446206922807363 ) ) ;
#3578 = VERTEX_POINT ( 'NONE', #4842 ) ;
#3579 = VERTEX_POINT ( 'NONE', #1922 ) ;
#3580 = CARTESIAN_POINT ( 'NONE',  ( 38.94446206922798837, 6.000000000000000000, 7.961870015169953518 ) ) ;
#3581 = CARTESIAN_POINT ( 'NONE',  ( 13.83015437346312559, 8.999999999999991118, -10.72272493381131220 ) ) ;
#3582 = VERTEX_POINT ( 'NONE', #2769 ) ;
#3583 = DIRECTION ( 'NONE',  ( 1.000000000000000000, 0.000000000000000000, -1.737135398614549922E-16 ) ) ;
#3584 = ADVANCED_FACE ( 'NONE', ( #2722, #1970 ), #5104, .F. ) ;
#3585 = CARTESIAN_POINT ( 'NONE',  ( -38.94446206922811626, 6.966729888475702737, 12.03064427461426078 ) ) ;
#3586 = DIRECTION ( 'NONE',  ( 0.000000000000000000, 1.000000000000000000, 0.000000000000000000 ) ) ;
#3587 = ORIENTED_EDGE ( 'NONE', *, *, #4884, .F. ) ;
#3588 = VERTEX_POINT ( 'NONE', #4759 ) ;
#3589 = PLANE ( 'NONE',  #4873 ) ;
#3590 = CARTESIAN_POINT ( 'NONE',  ( 42.18013982930517614, 9.999999999999989342, -28.06667514603780589 ) ) ;
#3591 = CARTESIAN_POINT ( 'NONE',  ( 39.94446206922785336, -13.00000000000001776, 21.95680324558086127 ) ) ;
#3592 = ORIENTED_EDGE ( 'NONE', *, *, #4305, .F. ) ;
#3593 = CARTESIAN_POINT ( 'NONE',  ( 0.000000000000000000, 9.999999999999989342, 0.000000000000000000 ) ) ;
#3594 = B_SPLINE_CURVE_WITH_KNOTS ( 'NONE', 3,
 ( #3522, #2710, #1955, #3924 ),
 .UNSPECIFIED., .F., .F.,
 ( 4, 4 ),
 ( 1.664805208453013096E-06, 0.01260111367849632916 ),
 .UNSPECIFIED. ) ;
#3595 = PLANE ( 'NONE',  #1613 ) ;
#3596 = DIRECTION ( 'NONE',  ( -0.000000000000000000, -1.000000000000000000, -0.000000000000000000 ) ) ;
#3597 = EDGE_CURVE ( 'NONE', #3996, #2482, #4232, .T. ) ;
#3598 = B_SPLINE_CURVE_WITH_KNOTS ( 'NONE', 3,
 ( #776, #1561, #3944, #407 ),
 .UNSPECIFIED., .F., .F.,
 ( 4, 4 ),
 ( 2.828455095733682315E-07, 0.005657187921889737445 ),
 .UNSPECIFIED. ) ;
#3599 = ORIENTED_EDGE ( 'NONE', *, *, #2621, .T. ) ;
#3600 = ADVANCED_FACE ( 'NONE', ( #4366, #1107 ), #2383, .F. ) ;
#3601 = ADVANCED_FACE ( 'NONE', ( #3562 ), #3878, .T. ) ;
#3602 = ORIENTED_EDGE ( 'NONE', *, *, #3597, .T. ) ;
#3603 = LINE ( 'NONE', #1672, #3391 ) ;
#3604 = CARTESIAN_POINT ( 'NONE',  ( 23.65942147863196610, 9.999999999999989342, -38.94446206922808784 ) ) ;
#3605 = VERTEX_POINT ( 'NONE', #1579 ) ;
#3606 = LINE ( 'NONE', #1598, #4569 ) ;
#3607 = EDGE_CURVE ( 'NONE', #2576, #3130, #4266, .T. ) ;
#3608 = EDGE_CURVE ( 'NONE', #4260, #654, #5085, .T. ) ;
#3609 = CARTESIAN_POINT ( 'NONE',  ( 31.11219329181271931, 9.999999999999989342, 30.75863990121935387 ) ) ;
#3610 = DESIGN_CONTEXT ( 'detailed design', #4339, 'design' ) ;
#3611 = ADVANCED_FACE ( 'NONE', ( #3450 ), #369, .F. ) ;
#3612 = DIRECTION ( 'NONE',  ( 0.000000000000000000, 1.000000000000000000, 0.000000000000000000 ) ) ;
#3613 = VERTEX_POINT ( 'NONE', #3935 ) ;
#3614 = VERTEX_POINT ( 'NONE', #2749 ) ;
#3615 = VECTOR ( 'NONE', #4823, 1000.000000000000000 ) ;
#3616 = CARTESIAN_POINT ( 'NONE',  ( -11.84333949524133267, 10.46812666257626923, -38.94446206922808074 ) ) ;
#3617 = FACE_OUTER_BOUND ( 'NONE', #4307, .T. ) ;
#3618 = ORIENTED_EDGE ( 'NONE', *, *, #1530, .F. ) ;
#3619 = PLANE ( 'NONE',  #3633 ) ;
#3620 = VERTEX_POINT ( 'NONE', #297 ) ;
#3621 = CARTESIAN_POINT ( 'NONE',  ( -4.421889446897856679, -12.49999999999999112, 50.24325569089367605 ) ) ;
#3622 = CARTESIAN_POINT ( 'NONE',  ( 37.94446206922792442, -9.999999999999989342, 39.94446206922820153 ) ) ;
#3623 = DIRECTION ( 'NONE',  ( 0.000000000000000000, 0.000000000000000000, 1.000000000000000000 ) ) ;
#3624 = VECTOR ( 'NONE', #124, 1000.000000000000000 ) ;
#3625 = ORIENTED_EDGE ( 'NONE', *, *, #3745, .F. ) ;
#3626 = AXIS2_PLACEMENT_3D ( 'NONE', #2044, #1182, #4009 ) ;
#3627 = CIRCLE ( 'NONE', #4460, 0.9999999999999991118 ) ;
#3628 = ORIENTED_EDGE ( 'NONE', *, *, #3286, .T. ) ;
#3629 = CARTESIAN_POINT ( 'NONE',  ( 36.44446206922794573, 12.49999999999999112, 36.44446206922818732 ) ) ;
#3630 = CYLINDRICAL_SURFACE ( 'NONE', #3958, 2.000000000000001776 ) ;
#3631 = VERTEX_POINT ( 'NONE', #1471 ) ;
#3632 = CARTESIAN_POINT ( 'NONE',  ( 10.87486722073962575, 8.999999999999991118, -13.45315066931471293 ) ) ;
#3633 = AXIS2_PLACEMENT_3D ( 'NONE', #4064, #4407, #482 ) ;
#3634 = VECTOR ( 'NONE', #4160, 1000.000000000000000 ) ;
#3635 = SECURITY_CLASSIFICATION ( '', '', #2671 ) ;
#3636 = DIRECTION ( 'NONE',  ( 1.539863046750886426E-16, -0.000000000000000000, 1.000000000000000000 ) ) ;
#3637 = DIRECTION ( 'NONE',  ( -1.000000000000000000, 0.000000000000000000, 1.539863046750886426E-16 ) ) ;
#3638 = ORIENTED_EDGE ( 'NONE', *, *, #3117, .T. ) ;
#3639 = AXIS2_PLACEMENT_3D ( 'NONE', #11, #3999, #1172 ) ;
#3640 = EDGE_CURVE ( 'NONE', #582, #3333, #3959, .T. ) ;
#3641 = AXIS2_PLACEMENT_3D ( 'NONE', #3327, #3347, #4936 ) ;
#3642 = ORIENTED_EDGE ( 'NONE', *, *, #4000, .T. ) ;
#3643 = FACE_BOUND ( 'NONE', #4489, .T. ) ;
#3644 = DIRECTION ( 'NONE',  ( 0.000000000000000000, 0.000000000000000000, 1.000000000000000000 ) ) ;
#3645 = EDGE_LOOP ( 'NONE', ( #3845, #303, #2489, #2927, #2097, #4750 ) ) ;
#3646 = CARTESIAN_POINT ( 'NONE',  ( 38.94446206922798837, 0.000000000000000000, 7.961870015169953518 ) ) ;
#3647 = VECTOR ( 'NONE', #3734, 1000.000000000000000 ) ;
#3648 = ADVANCED_FACE ( 'NONE', ( #3057 ), #3486, .F. ) ;
#3649 = VECTOR ( 'NONE', #2588, 1000.000000000000000 ) ;
#3650 = ORIENTED_EDGE ( 'NONE', *, *, #103, .T. ) ;
#3651 = CARTESIAN_POINT ( 'NONE',  ( -37.94446206922767573, -9.999999999999989342, -37.94446206922846443 ) ) ;
#3652 = CARTESIAN_POINT ( 'NONE',  ( -38.94446206922822284, 9.999999999999989342, 43.74999999999986500 ) ) ;
#3653 = DIRECTION ( 'NONE',  ( 0.000000000000000000, 1.000000000000000000, 0.000000000000000000 ) ) ;
#3654 = DIRECTION ( 'NONE',  ( 0.000000000000000000, 1.000000000000000000, 0.000000000000000000 ) ) ;
#3655 = CIRCLE ( 'NONE', #4328, 4.000000000000000000 ) ;
#3656 = B_SPLINE_CURVE_WITH_KNOTS ( 'NONE', 3,
 ( #608, #975, #2920, #1392 ),
 .UNSPECIFIED., .F., .F.,
 ( 4, 4 ),
 ( 2.831930221065880193E-07, 0.004956710952548553512 ),
 .UNSPECIFIED. ) ;
#3657 = ORIENTED_EDGE ( 'NONE', *, *, #4000, .F. ) ;
#3658 = ORIENTED_EDGE ( 'NONE', *, *, #3431, .F. ) ;
#3659 = DIRECTION ( 'NONE',  ( 0.000000000000000000, 1.000000000000000000, 0.000000000000000000 ) ) ;
#3660 = LINE ( 'NONE', #70, #2775 ) ;
#3661 = ORIENTED_EDGE ( 'NONE', *, *, #382, .F. ) ;
#3662 = CARTESIAN_POINT ( 'NONE',  ( -32.79298045712271659, 10.16652563374944762, -23.56380564931174248 ) ) ;
#3663 = EDGE_CURVE ( 'NONE', #760, #5072, #1967, .T. ) ;
#3664 = DIRECTION ( 'NONE',  ( 0.000000000000000000, 0.000000000000000000, -1.000000000000000000 ) ) ;
#3665 = CARTESIAN_POINT ( 'NONE',  ( 32.20628987742289695, 12.49999999999999112, -28.05851931290440859 ) ) ;
#3666 = ORIENTED_EDGE ( 'NONE', *, *, #1628, .F. ) ;
#3667 = EDGE_CURVE ( 'NONE', #837, #3235, #2693, .T. ) ;
#3668 = EDGE_CURVE ( 'NONE', #1333, #4382, #3135, .T. ) ;
#3669 = EDGE_CURVE ( 'NONE', #4430, #505, #1554, .T. ) ;
#3670 = DIRECTION ( 'NONE',  ( -0.7071067811865536790, 0.000000000000000000, 0.7071067811865414665 ) ) ;
#3671 = FACE_OUTER_BOUND ( 'NONE', #3299, .T. ) ;
#3672 = DIRECTION ( 'NONE',  ( 0.000000000000000000, 1.000000000000000000, 0.000000000000000000 ) ) ;
#3673 = ORIENTED_EDGE ( 'NONE', *, *, #1091, .T. ) ;
#3674 = DIRECTION ( 'NONE',  ( 0.000000000000000000, 0.000000000000000000, -1.000000000000000000 ) ) ;
#3675 = ORIENTED_EDGE ( 'NONE', *, *, #206, .F. ) ;
#3676 = CARTESIAN_POINT ( 'NONE',  ( -36.44446206922768994, 12.49999999999999112, -36.44446206922844311 ) ) ;
#3677 = ADVANCED_FACE ( 'NONE', ( #1161 ), #4346, .F. ) ;
#3678 = CARTESIAN_POINT ( 'NONE',  ( 12.49285457467068383, 8.999999999999991118, 12.25473722999109505 ) ) ;
#3679 = CARTESIAN_POINT ( 'NONE',  ( 39.76909958749416774, 9.999999999999989342, -40.12265297808674092 ) ) ;
#3680 = DIRECTION ( 'NONE',  ( 0.000000000000000000, 0.000000000000000000, -1.000000000000000000 ) ) ;
#3681 = ORIENTED_EDGE ( 'NONE', *, *, #1659, .T. ) ;
#3682 = ORIENTED_EDGE ( 'NONE', *, *, #4693, .F. ) ;
#3683 = LINE ( 'NONE', #2523, #3910 ) ;
#3684 = CARTESIAN_POINT ( 'NONE',  ( 39.94446206922806653, 9.999999999999989342, 21.95680324558050600 ) ) ;
#3685 = VERTEX_POINT ( 'NONE', #2486 ) ;
#3686 = DIRECTION ( 'NONE',  ( 1.032045771185431073E-14, 0.000000000000000000, -1.000000000000000000 ) ) ;
#3687 = B_SPLINE_CURVE_WITH_KNOTS ( 'NONE', 3,
 ( #3444, #5071, #3907, #4235, #685, #5014, #4652, #4677, #2899, #1834 ),
 .UNSPECIFIED., .F., .F.,
 ( 4, 2, 2, 2, 4 ),
 ( 0.07851707559656040392, 0.08076473406406561861, 0.08301239253157083331, 0.08750770946658126270, 0.09649834333660212149 ),
 .UNSPECIFIED. ) ;
#3688 = DIRECTION ( 'NONE',  ( 0.000000000000000000, 1.000000000000000000, 0.000000000000000000 ) ) ;
#3689 = LINE ( 'NONE', #794, #4951 ) ;
#3690 = EDGE_LOOP ( 'NONE', ( #2023, #4763, #3179, #3198 ) ) ;
#3691 = ADVANCED_FACE ( 'NONE', ( #50 ), #1650, .T. ) ;
#3692 = LINE ( 'NONE', #1185, #3786 ) ;
#3693 = FACE_OUTER_BOUND ( 'NONE', #3986, .T. ) ;
#3694 = FACE_OUTER_BOUND ( 'NONE', #1194, .T. ) ;
#3695 = CARTESIAN_POINT ( 'NONE',  ( -27.93016194981400346, 6.000000000000000000, 28.28371534040678625 ) ) ;
#3696 = ORIENTED_EDGE ( 'NONE', *, *, #3062, .F. ) ;
#3697 = CARTESIAN_POINT ( 'NONE',  ( -38.94446206922813047, -11.39893369134656886, 14.72535581843879982 ) ) ;
#3698 = DIRECTION ( 'NONE',  ( 0.7071067811865474617, -0.000000000000000000, -0.7071067811865474617 ) ) ;
#3699 = LINE ( 'NONE', #2083, #458 ) ;
#3700 = AXIS2_PLACEMENT_3D ( 'NONE', #258, #1860, #5041 ) ;
#3701 = EDGE_CURVE ( 'NONE', #1011, #3588, #1335, .T. ) ;
#3702 = ORIENTED_EDGE ( 'NONE', *, *, #4423, .F. ) ;
#3703 = ADVANCED_FACE ( 'NONE', ( #2843 ), #4442, .F. ) ;
#3704 = EDGE_LOOP ( 'NONE', ( #1858, #4567 ) ) ;
#3705 = LINE ( 'NONE', #1012, #4473 ) ;
#3706 = VECTOR ( 'NONE', #3455, 1000.000000000000000 ) ;
#3707 = FACE_OUTER_BOUND ( 'NONE', #731, .T. ) ;
#3708 = ORIENTED_EDGE ( 'NONE', *, *, #2262, .F. ) ;
#3709 = DIRECTION ( 'NONE',  ( 0.000000000000000000, 0.000000000000000000, -1.000000000000000000 ) ) ;
#3710 = AXIS2_PLACEMENT_3D ( 'NONE', #4264, #5044, #4289 ) ;
#3711 = AXIS2_PLACEMENT_3D ( 'NONE', #1360, #2616, #155 ) ;
#3712 = CARTESIAN_POINT ( 'NONE',  ( 0.000000000000000000, 12.49999999999999112, 0.000000000000000000 ) ) ;
#3713 = DIRECTION ( 'NONE',  ( 0.000000000000000000, 1.000000000000000000, 0.000000000000000000 ) ) ;
#3714 = AXIS2_PLACEMENT_3D ( 'NONE', #1669, #108, #4141 ) ;
#3715 = VECTOR ( 'NONE', #2536, 1000.000000000000000 ) ;
#3716 = CARTESIAN_POINT ( 'NONE',  ( -34.22590046608027592, 11.33025757297422231, 23.55214400422876508 ) ) ;
#3717 = VERTEX_POINT ( 'NONE', #2455 ) ;
#3718 = FACE_OUTER_BOUND ( 'NONE', #1074, .T. ) ;
#3719 = B_SPLINE_CURVE_WITH_KNOTS ( 'NONE', 3,
 ( #1746, #2086, #569, #4925, #2161, #4490, #166, #913, #4097, #1769, #3356, #1377, #4983, #2963, #1406, #2989, #677, #4613 ),
 .UNSPECIFIED., .F., .F.,
 ( 4, 2, 2, 2, 2, 2, 2, 2, 4 ),
 ( 0.06049578048029906341, 0.06274594065881800020, 0.06499610083733695087, 0.06949642119437483834, 0.07849706190845059939, 0.08074722208696955006, 0.08299738226548848685, 0.08749770262252637432, 0.09649834333660213537 ),
 .UNSPECIFIED. ) ;
#3720 = CARTESIAN_POINT ( 'NONE',  ( -27.93016194981400346, -6.000000000000000000, 28.28371534040678625 ) ) ;
#3721 =( LENGTH_UNIT ( ) NAMED_UNIT ( * ) SI_UNIT ( .MILLI., .METRE. ) );
#3722 = ORIENTED_EDGE ( 'NONE', *, *, #5010, .T. ) ;
#3723 = CARTESIAN_POINT ( 'NONE',  ( 0.000000000000000000, 8.999999999999991118, 0.000000000000000000 ) ) ;
#3724 = EDGE_CURVE ( 'NONE', #2084, #2451, #842, .T. ) ;
#3725 = AXIS2_PLACEMENT_3D ( 'NONE', #3524, #652, #2633 ) ;
#3726 = ORIENTED_EDGE ( 'NONE', *, *, #433, .F. ) ;
#3727 = DIRECTION ( 'NONE',  ( 0.000000000000000000, 1.000000000000000000, 0.000000000000000000 ) ) ;
#3728 = FACE_OUTER_BOUND ( 'NONE', #1519, .T. ) ;
#3729 = CARTESIAN_POINT ( 'NONE',  ( -6.610734650314263242E-16, 9.999999999999989342, 39.94446206922808074 ) ) ;
#3730 = CONICAL_SURFACE ( 'NONE', #894, 39.75000000000000000, 0.7853981633974491672 ) ;
#3731 = CIRCLE ( 'NONE', #5157, 2.000000000000001776 ) ;
#3732 = ORIENTED_EDGE ( 'NONE', *, *, #3222, .F. ) ;
#3733 = ORIENTED_EDGE ( 'NONE', *, *, #3668, .T. ) ;
#3734 = DIRECTION ( 'NONE',  ( -0.7539902244475467086, -0.000000000000000000, 0.6568856380204535217 ) ) ;
#3735 = EDGE_CURVE ( 'NONE', #2632, #1663, #4420, .T. ) ;
#3736 = CARTESIAN_POINT ( 'NONE',  ( 16.84931615771577995, 12.21391309983943430, 38.94446206922808074 ) ) ;
#3737 = ORIENTED_EDGE ( 'NONE', *, *, #675, .T. ) ;
#3738 = EDGE_CURVE ( 'NONE', #211, #2348, #2484, .T. ) ;
#3739 = DIRECTION ( 'NONE',  ( 0.000000000000000000, 1.000000000000000000, 0.000000000000000000 ) ) ;
#3740 = VECTOR ( 'NONE', #4419, 1000.000000000000000 ) ;
#3741 = DIRECTION ( 'NONE',  ( -0.000000000000000000, -1.000000000000000000, -0.000000000000000000 ) ) ;
#3742 = CARTESIAN_POINT ( 'NONE',  ( -16.14374950211717064, -11.92408812256761230, -38.94446206922807363 ) ) ;
#3743 = FACE_OUTER_BOUND ( 'NONE', #4653, .T. ) ;
#3744 = ORIENTED_EDGE ( 'NONE', *, *, #2739, .F. ) ;
#3745 = EDGE_CURVE ( 'NONE', #4329, #3579, #3264, .T. ) ;
#3746 = DIRECTION ( 'NONE',  ( 1.539863046750886426E-16, -0.000000000000000000, 1.000000000000000000 ) ) ;
#3747 = LINE ( 'NONE', #4888, #2882 ) ;
#3748 = ORIENTED_EDGE ( 'NONE', *, *, #679, .T. ) ;
#3749 = CARTESIAN_POINT ( 'NONE',  ( 36.44446206922794573, -12.49999999999999112, 36.44446206922818732 ) ) ;
#3750 = ORIENTED_EDGE ( 'NONE', *, *, #1825, .T. ) ;
#3751 = CARTESIAN_POINT ( 'NONE',  ( 14.71935677623684846, -11.39659281792751955, -38.94446206922808074 ) ) ;
#3752 = CARTESIAN_POINT ( 'NONE',  ( -19.93467767831863569, -9.999999999999989342, -38.94446206922808074 ) ) ;
#3753 = DIRECTION ( 'NONE',  ( 0.000000000000000000, 0.000000000000000000, 1.000000000000000000 ) ) ;
#3754 = ORIENTED_EDGE ( 'NONE', *, *, #3344, .F. ) ;
#3755 = ORIENTED_EDGE ( 'NONE', *, *, #3640, .F. ) ;
#3756 = DIRECTION ( 'NONE',  ( 0.000000000000000000, 1.000000000000000000, 0.000000000000000000 ) ) ;
#3757 = EDGE_CURVE ( 'NONE', #3620, #1528, #4495, .T. ) ;
#3758 = DIRECTION ( 'NONE',  ( 0.000000000000000000, 0.000000000000000000, -1.000000000000000000 ) ) ;
#3759 = ORIENTED_EDGE ( 'NONE', *, *, #2612, .F. ) ;
#3760 = FACE_OUTER_BOUND ( 'NONE', #1346, .T. ) ;
#3761 = EDGE_CURVE ( 'NONE', #3631, #505, #3819, .T. ) ;
#3762 = ORIENTED_EDGE ( 'NONE', *, *, #3382, .F. ) ;
#3763 = DIRECTION ( 'NONE',  ( 0.5064405351448856285, 0.000000000000000000, -0.8622748890940533650 ) ) ;
#3764 = CARTESIAN_POINT ( 'NONE',  ( -3.788368979924602531, -8.906779106068444918, -38.94446206922807363 ) ) ;
#3765 = DIRECTION ( 'NONE',  ( 0.7071067811865401342, 0.000000000000000000, 0.7071067811865550112 ) ) ;
#3766 = ORIENTED_EDGE ( 'NONE', *, *, #2304, .T. ) ;
#3767 = ADVANCED_FACE ( 'NONE', ( #3260 ), #21, .T. ) ;
#3768 = EDGE_CURVE ( 'NONE', #1410, #884, #4780, .T. ) ;
#3769 = ADVANCED_FACE ( 'NONE', ( #2894 ), #1986, .T. ) ;
#3770 = CARTESIAN_POINT ( 'NONE',  ( -37.94446206922806653, -12.49999999999999112, 39.94446206922807363 ) ) ;
#3771 = FACE_OUTER_BOUND ( 'NONE', #3095, .T. ) ;
#3772 = DIRECTION ( 'NONE',  ( 0.7071067811865475727, 0.000000000000000000, 0.7071067811865475727 ) ) ;
#3773 = VERTEX_POINT ( 'NONE', #4008 ) ;
#3774 = DIRECTION ( 'NONE',  ( 0.7539902244475468196, -0.000000000000000000, -0.6568856380204532996 ) ) ;
#3775 = ORIENTED_EDGE ( 'NONE', *, *, #476, .T. ) ;
#3776 = FACE_OUTER_BOUND ( 'NONE', #1619, .T. ) ;
#3777 = LINE ( 'NONE', #187, #1064 ) ;
#3778 = CARTESIAN_POINT ( 'NONE',  ( -1.273381463113471576E-14, -9.999999999999989342, -38.94446206922808074 ) ) ;
#3779 = AXIS2_PLACEMENT_3D ( 'NONE', #466, #4876, #545 ) ;
#3780 = EDGE_LOOP ( 'NONE', ( #1109, #4777, #4158, #4415, #3807, #3744 ) ) ;
#3781 = VERTEX_POINT ( 'NONE', #4027 ) ;
#3782 = CARTESIAN_POINT ( 'NONE',  ( 10.87486722073962575, 12.49999999999999112, -13.45315066931471293 ) ) ;
#3783 = CARTESIAN_POINT ( 'NONE',  ( 38.94446206922822995, -11.39893369134656886, -14.72535581843851205 ) ) ;
#3784 = ORIENTED_EDGE ( 'NONE', *, *, #4811, .F. ) ;
#3785 = LINE ( 'NONE', #196, #1303 ) ;
#3786 = VECTOR ( 'NONE', #2774, 1000.000000000000000 ) ;
#3787 = EDGE_CURVE ( 'NONE', #3578, #1005, #4808, .T. ) ;
#3788 = AXIS2_PLACEMENT_3D ( 'NONE', #1775, #2584, #576 ) ;
#3789 = ORIENTED_EDGE ( 'NONE', *, *, #4681, .F. ) ;
#3790 = FACE_OUTER_BOUND ( 'NONE', #3074, .T. ) ;
#3791 = CARTESIAN_POINT ( 'NONE',  ( 29.22654217665573029, -7.333332127768784403, 28.87298878606237196 ) ) ;
#3792 = CARTESIAN_POINT ( 'NONE',  ( -34.47145558284450573, 9.999999999999989342, 34.11790219225063225 ) ) ;
#3793 = VERTEX_POINT ( 'NONE', #73 ) ;
#3794 = CIRCLE ( 'NONE', #1545, 2.000000000000001776 ) ;
#3795 = VECTOR ( 'NONE', #80, 1000.000000000000000 ) ;
#3796 = DIRECTION ( 'NONE',  ( -0.8622748890940532540, 0.000000000000000000, -0.5064405351448855175 ) ) ;
#3797 = DIRECTION ( 'NONE',  ( 1.000000000000000000, 0.000000000000000000, -1.539863046750886426E-16 ) ) ;
#3798 = APPLICATION_PROTOCOL_DEFINITION ( 'international standard', 'config_control_design', 1994, #1397 ) ;
#3799 = ORIENTED_EDGE ( 'NONE', *, *, #3370, .T. ) ;
#3800 = FACE_OUTER_BOUND ( 'NONE', #1490, .T. ) ;
#3801 = AXIS2_PLACEMENT_3D ( 'NONE', #453, #2024, #849 ) ;
#3802 = VERTEX_POINT ( 'NONE', #4854 ) ;
#3803 = CARTESIAN_POINT ( 'NONE',  ( 16.14909813132323890, -11.92628517415131029, -38.94446206922808784 ) ) ;
#3804 = LINE ( 'NONE', #4718, #470 ) ;
#3805 = CARTESIAN_POINT ( 'NONE',  ( 0.000000000000000000, 8.999999999999991118, 4.000000000000000000 ) ) ;
#3806 = AXIS2_PLACEMENT_3D ( 'NONE', #1460, #704, #735 ) ;
#3807 = ORIENTED_EDGE ( 'NONE', *, *, #2237, .F. ) ;
#3808 = AXIS2_PLACEMENT_3D ( 'NONE', #1889, #4234, #3846 ) ;
#3809 = EDGE_LOOP ( 'NONE', ( #660, #4841, #1541, #4799 ) ) ;
#3810 = DIRECTION ( 'NONE',  ( 0.000000000000000000, -1.000000000000000000, -0.000000000000000000 ) ) ;
#3811 = CARTESIAN_POINT ( 'NONE',  ( -37.94446206922806653, -12.49999999999999112, 39.94446206922807363 ) ) ;
#3812 = ORIENTED_EDGE ( 'NONE', *, *, #3185, .F. ) ;
#3813 = CARTESIAN_POINT ( 'NONE',  ( -28.28371534040707047, -6.000000000000000000, -27.93016194981370859 ) ) ;
#3814 = AXIS2_PLACEMENT_3D ( 'NONE', #3066, #3429, #2653 ) ;
#3815 = AXIS2_PLACEMENT_3D ( 'NONE', #2668, #4658, #1944 ) ;
#3816 = ORIENTED_EDGE ( 'NONE', *, *, #2794, .F. ) ;
#3817 = DIRECTION ( 'NONE',  ( 0.000000000000000000, 1.000000000000000000, 0.000000000000000000 ) ) ;
#3818 = CARTESIAN_POINT ( 'NONE',  ( 19.93467767831863569, 9.999999999999989342, 38.94446206922808074 ) ) ;
#3819 = CIRCLE ( 'NONE', #54, 39.75000000000000000 ) ;
#3820 = CARTESIAN_POINT ( 'NONE',  ( -1.522564059985231255, -8.752422125469450975, -38.94446206922807363 ) ) ;
#3821 = CARTESIAN_POINT ( 'NONE',  ( 0.000000000000000000, -6.000000000000000000, 0.000000000000000000 ) ) ;
#3822 = VERTEX_POINT ( 'NONE', #1283 ) ;
#3823 = VECTOR ( 'NONE', #518, 1000.000000000000000 ) ;
#3824 = FACE_OUTER_BOUND ( 'NONE', #2816, .T. ) ;
#3825 = ORIENTED_EDGE ( 'NONE', *, *, #2384, .T. ) ;
#3826 = EDGE_CURVE ( 'NONE', #4919, #4533, #4740, .T. ) ;
#3827 = CARTESIAN_POINT ( 'NONE',  ( -23.65942147863196610, -13.00000000000001776, 38.94446206922808074 ) ) ;
#3828 = CALENDAR_DATE ( 2025, 24, 11 ) ;
#3829 = ORIENTED_EDGE ( 'NONE', *, *, #539, .T. ) ;
#3830 = DIRECTION ( 'NONE',  ( 0.000000000000000000, 1.000000000000000000, 0.000000000000000000 ) ) ;
#3831 = EDGE_CURVE ( 'NONE', #474, #3614, #4468, .T. ) ;
#3832 = EDGE_CURVE ( 'NONE', #703, #3543, #997, .T. ) ;
#3833 = VERTEX_POINT ( 'NONE', #2608 ) ;
#3834 = CARTESIAN_POINT ( 'NONE',  ( -1.034469489119402182E-17, -8.729995975160813160, -38.94446206922807363 ) ) ;
#3835 = DIRECTION ( 'NONE',  ( -0.7071067811865474617, 0.000000000000000000, 0.7071067811865474617 ) ) ;
#3836 = DIRECTION ( 'NONE',  ( -0.000000000000000000, -1.000000000000000000, -0.000000000000000000 ) ) ;
#3837 = VERTEX_POINT ( 'NONE', #173 ) ;
#3838 = EDGE_CURVE ( 'NONE', #274, #787, #2485, .T. ) ;
#3839 = EDGE_CURVE ( 'NONE', #3323, #3685, #1485, .T. ) ;
#3840 = ORIENTED_EDGE ( 'NONE', *, *, #599, .F. ) ;
#3841 = CARTESIAN_POINT ( 'NONE',  ( 0.7583156491985484360, -8.729995975160814936, 38.94446206922808074 ) ) ;
#3842 = CARTESIAN_POINT ( 'NONE',  ( 38.94446206922811626, -8.840002612228596846, -3.025274801711425265 ) ) ;
#3843 = ORIENTED_EDGE ( 'NONE', *, *, #4467, .F. ) ;
#3844 = CARTESIAN_POINT ( 'NONE',  ( -38.94446206922804521, 0.000000000000000000, -7.961870015169680848 ) ) ;
#3845 = ORIENTED_EDGE ( 'NONE', *, *, #2579, .T. ) ;
#3846 = DIRECTION ( 'NONE',  ( 0.000000000000000000, 0.000000000000000000, 1.000000000000000000 ) ) ;
#3847 = PLANE ( 'NONE',  #3700 ) ;
#3848 = DIRECTION ( 'NONE',  ( 0.000000000000000000, 1.000000000000000000, 0.000000000000000000 ) ) ;
#3849 = DIRECTION ( 'NONE',  ( 0.000000000000000000, 0.000000000000000000, 1.000000000000000000 ) ) ;
#3850 = ORIENTED_EDGE ( 'NONE', *, *, #5077, .F. ) ;
#3851 = B_SPLINE_CURVE_WITH_KNOTS ( 'NONE', 3,
 ( #2964, #4952, #1430, #4566 ),
 .UNSPECIFIED., .F., .F.,
 ( 4, 4 ),
 ( 2.828450214458972142E-07, 0.005657187921401612279 ),
 .UNSPECIFIED. ) ;
#3852 = DIRECTION ( 'NONE',  ( 0.000000000000000000, 1.000000000000000000, 0.000000000000000000 ) ) ;
#3853 = DIRECTION ( 'NONE',  ( 0.000000000000000000, 1.000000000000000000, 0.000000000000000000 ) ) ;
#3854 = APPROVAL_STATUS ( 'not_yet_approved' ) ;
#3855 = ORIENTED_EDGE ( 'NONE', *, *, #2509, .T. ) ;
#3856 = DIRECTION ( 'NONE',  ( 0.000000000000000000, 1.000000000000000000, 0.000000000000000000 ) ) ;
#3857 = ADVANCED_FACE ( 'NONE', ( #2916 ), #201, .F. ) ;
#3858 = ORIENTED_EDGE ( 'NONE', *, *, #4581, .T. ) ;
#3859 = DIRECTION ( 'NONE',  ( -1.000000000000000000, 0.000000000000000000, -3.337495034168044811E-15 ) ) ;
#3860 = LINE ( 'NONE', #1534, #811 ) ;
#3861 = CARTESIAN_POINT ( 'NONE',  ( -23.12806366154023863, -9.999999999999989342, 54.72695169864640263 ) ) ;
#3862 = ORIENTED_EDGE ( 'NONE', *, *, #4363, .F. ) ;
#3863 = EDGE_LOOP ( 'NONE', ( #4556, #3040, #4001, #2629, #4492, #134, #101, #7, #4802, #1098, #237, #171 ) ) ;
#3864 = CARTESIAN_POINT ( 'NONE',  ( 38.94446206922762599, -9.999999999999989342, 43.75000000000039790 ) ) ;
#3865 = DIRECTION ( 'NONE',  ( 0.000000000000000000, 1.000000000000000000, 0.000000000000000000 ) ) ;
#3866 = ORIENTED_EDGE ( 'NONE', *, *, #2066, .T. ) ;
#3867 = CARTESIAN_POINT ( 'NONE',  ( 23.65942147863196610, -13.00000000000001776, -38.94446206922808074 ) ) ;
#3868 = EDGE_CURVE ( 'NONE', #835, #2379, #940, .T. ) ;
#3869 = EDGE_CURVE ( 'NONE', #1591, #2283, #4156, .T. ) ;
#3870 = EDGE_CURVE ( 'NONE', #3582, #2853, #2113, .T. ) ;
#3871 = VERTEX_POINT ( 'NONE', #4177 ) ;
#3872 = CARTESIAN_POINT ( 'NONE',  ( -12.44929178589171137, 8.999999999999991118, -12.29898914666278742 ) ) ;
#3873 = AXIS2_PLACEMENT_3D ( 'NONE', #4023, #2106, #492 ) ;
#3874 = PLANE ( 'NONE',  #4032 ) ;
#3875 = ORIENTED_EDGE ( 'NONE', *, *, #606, .T. ) ;
#3876 = DIRECTION ( 'NONE',  ( 0.000000000000000000, 0.000000000000000000, -1.000000000000000000 ) ) ;
#3877 = CARTESIAN_POINT ( 'NONE',  ( 36.44446206922806653, 12.49999999999999112, -38.44446206922807363 ) ) ;
#3878 = PLANE ( 'NONE',  #3394 ) ;
#3879 = AXIS2_PLACEMENT_3D ( 'NONE', #4930, #1351, #2938 ) ;
#3880 = DIRECTION ( 'NONE',  ( -0.4287738299689611288, 0.000000000000000000, -0.9034118677180128509 ) ) ;
#3881 = COORDINATED_UNIVERSAL_TIME_OFFSET ( 5, 0, .AHEAD. ) ;
#3882 = ORIENTED_EDGE ( 'NONE', *, *, #1367, .F. ) ;
#3883 = LINE ( 'NONE', #3085, #2532 ) ;
#3884 = VECTOR ( 'NONE', #1386, 1000.000000000000000 ) ;
#3885 = VECTOR ( 'NONE', #3373, 1000.000000000000114 ) ;
#3886 = EDGE_LOOP ( 'NONE', ( #4982, #3127, #225, #300 ) ) ;
#3887 = CARTESIAN_POINT ( 'NONE',  ( 37.94446206922792442, 9.999999999999989342, 39.94446206922820153 ) ) ;
#3888 = CARTESIAN_POINT ( 'NONE',  ( -38.94446206922801679, -12.49999999999999112, -17.54578262260428900 ) ) ;
#3889 = LINE ( 'NONE', #1512, #35 ) ;
#3890 = AXIS2_PLACEMENT_3D ( 'NONE', #802, #2391, #2367 ) ;
#3891 = ADVANCED_FACE ( 'NONE', ( #3320 ), #1806, .F. ) ;
#3892 = AXIS2_PLACEMENT_3D ( 'NONE', #3827, #3746, #3797 ) ;
#3893 = LOCAL_TIME ( 13, 3, 5.000000000000000000, #299 ) ;
#3894 = ORIENTED_EDGE ( 'NONE', *, *, #2384, .F. ) ;
#3895 = VERTEX_POINT ( 'NONE', #4126 ) ;
#3896 = FACE_OUTER_BOUND ( 'NONE', #3690, .T. ) ;
#3897 = DIRECTION ( 'NONE',  ( 0.000000000000000000, 0.000000000000000000, 1.000000000000000000 ) ) ;
#3898 = ORIENTED_EDGE ( 'NONE', *, *, #4527, .T. ) ;
#3899 = DIRECTION ( 'NONE',  ( 0.4287738299689549115, -0.000000000000000000, 0.9034118677180158485 ) ) ;
#3900 = EDGE_CURVE ( 'NONE', #867, #1014, #4762, .T. ) ;
#3901 = VECTOR ( 'NONE', #4338, 1000.000000000000000 ) ;
#3902 = EDGE_CURVE ( 'NONE', #2737, #2005, #1022, .T. ) ;
#3903 = EDGE_CURVE ( 'NONE', #4919, #4625, #1844, .T. ) ;
#3904 = AXIS2_PLACEMENT_3D ( 'NONE', #801, #452, #426 ) ;
#3905 = ORIENTED_EDGE ( 'NONE', *, *, #5103, .F. ) ;
#3906 = DIRECTION ( 'NONE',  ( 0.000000000000000000, 0.000000000000000000, -1.000000000000000000 ) ) ;
#3907 = CARTESIAN_POINT ( 'NONE',  ( 1.516664194670313215, 8.752161220496697425, -38.94446206922807363 ) ) ;
#3908 = CARTESIAN_POINT ( 'NONE',  ( -2.181702514088717617E-15, 8.729995975160770527, 38.94446206922807363 ) ) ;
#3909 = DIRECTION ( 'NONE',  ( 1.032045771185431231E-14, 0.000000000000000000, -1.000000000000000000 ) ) ;
#3910 = VECTOR ( 'NONE', #2550, 1000.000000000000000 ) ;
#3911 = AXIS2_PLACEMENT_3D ( 'NONE', #903, #502, #2096 ) ;
#3912 = CIRCLE ( 'NONE', #1068, 43.75000000000000000 ) ;
#3913 = CARTESIAN_POINT ( 'NONE',  ( -12.97088306486674547, 8.999999999999991118, -11.44579366044805901 ) ) ;
#3914 = CARTESIAN_POINT ( 'NONE',  ( 34.11790219225099463, 9.999999999999989342, 34.47145558284414335 ) ) ;
#3915 = ORIENTED_EDGE ( 'NONE', *, *, #5167, .F. ) ;
#3916 = FACE_OUTER_BOUND ( 'NONE', #3432, .T. ) ;
#3917 = AXIS2_PLACEMENT_3D ( 'NONE', #1019, #1352, #577 ) ;
#3918 = ORIENTED_EDGE ( 'NONE', *, *, #4591, .T. ) ;
#3919 = FACE_OUTER_BOUND ( 'NONE', #1237, .T. ) ;
#3920 = LINE ( 'NONE', #329, #2807 ) ;
#3921 = PLANE ( 'NONE',  #1884 ) ;
#3922 = ORIENTED_EDGE ( 'NONE', *, *, #1143, .F. ) ;
#3923 = DIRECTION ( 'NONE',  ( 0.000000000000000000, 1.000000000000000000, 0.000000000000000000 ) ) ;
#3924 = CARTESIAN_POINT ( 'NONE',  ( 38.94446206922798837, 6.000000000000000000, 7.961870015169953518 ) ) ;
#3925 = VERTEX_POINT ( 'NONE', #5015 ) ;
#3926 = CARTESIAN_POINT ( 'NONE',  ( 34.47145558284426414, 9.999999999999989342, -34.11790219225087384 ) ) ;
#3927 = EDGE_CURVE ( 'NONE', #4132, #592, #3316, .T. ) ;
#3928 = ORIENTED_EDGE ( 'NONE', *, *, #3787, .F. ) ;
#3929 = DIRECTION ( 'NONE',  ( -1.047444401652940007E-14, 0.000000000000000000, 1.000000000000000000 ) ) ;
#3930 = DIRECTION ( 'NONE',  ( -0.000000000000000000, 1.000000000000000000, -0.000000000000000000 ) ) ;
#3931 = EDGE_LOOP ( 'NONE', ( #1408, #1854 ) ) ;
#3932 = PLANE ( 'NONE',  #3491 ) ;
#3933 = FACE_OUTER_BOUND ( 'NONE', #971, .T. ) ;
#3934 = EDGE_CURVE ( 'NONE', #1679, #654, #3146, .T. ) ;
#3935 = CARTESIAN_POINT ( 'NONE',  ( 38.94446206922825127, 12.49999999999999112, -17.54578262260373478 ) ) ;
#3936 = FACE_OUTER_BOUND ( 'NONE', #1832, .T. ) ;
#3937 = EDGE_LOOP ( 'NONE', ( #2479, #2831 ) ) ;
#3938 = CARTESIAN_POINT ( 'NONE',  ( -36.44446206922768994, -9.999999999999989342, -36.44446206922844311 ) ) ;
#3939 = ADVANCED_FACE ( 'NONE', ( #4909 ), #969, .F. ) ;
#3940 = ADVANCED_FACE ( 'NONE', ( #1919, #1156 ), #3932, .F. ) ;
#3941 = ORIENTED_EDGE ( 'NONE', *, *, #2892, .F. ) ;
#3942 = CARTESIAN_POINT ( 'NONE',  ( -37.94446206922806653, -12.49999999999999112, 37.94446206922807363 ) ) ;
#3943 = LINE ( 'NONE', #1977, #553 ) ;
#3944 = CARTESIAN_POINT ( 'NONE',  ( -29.81581469192590106, -8.666665571327992978, 30.16936808251865187 ) ) ;
#3945 = ORIENTED_EDGE ( 'NONE', *, *, #176, .T. ) ;
#3946 = FACE_OUTER_BOUND ( 'NONE', #3246, .T. ) ;
#3947 = CARTESIAN_POINT ( 'NONE',  ( -36.44446206922806653, 9.999999999999987566, 38.44446206922807363 ) ) ;
#3948 = EDGE_LOOP ( 'NONE', ( #1626, #112, #464, #1910 ) ) ;
#3949 = CARTESIAN_POINT ( 'NONE',  ( 56.62088447776145017, -12.49999999999999112, 15.84128193379748240 ) ) ;
#3950 = ORIENTED_EDGE ( 'NONE', *, *, #111, .T. ) ;
#3951 = VERTEX_POINT ( 'NONE', #1523 ) ;
#3952 = DIRECTION ( 'NONE',  ( -0.000000000000000000, 1.000000000000000000, -0.000000000000000000 ) ) ;
#3953 = CARTESIAN_POINT ( 'NONE',  ( 38.94446206922827258, 9.560590553430687422, -18.97031980920094796 ) ) ;
#3954 = VERTEX_POINT ( 'NONE', #745 ) ;
#3955 = CARTESIAN_POINT ( 'NONE',  ( 0.000000000000000000, 9.999999999999989342, 43.75000000000000000 ) ) ;
#3956 = CARTESIAN_POINT ( 'NONE',  ( 39.76909958749416774, 9.999999999999989342, -40.12265297808674092 ) ) ;
#3957 = ADVANCED_FACE ( 'NONE', ( #1103 ), #1965, .T. ) ;
#3958 = AXIS2_PLACEMENT_3D ( 'NONE', #1647, #2501, #4463 ) ;
#3959 = LINE ( 'NONE', #3163, #1396 ) ;
#3960 = CARTESIAN_POINT ( 'NONE',  ( -39.94446206922767573, 12.49999999999999112, -37.94446206922848575 ) ) ;
#3961 = VERTEX_POINT ( 'NONE', #2331 ) ;
#3962 = VECTOR ( 'NONE', #3490, 1000.000000000000000 ) ;
#3963 = ORIENTED_EDGE ( 'NONE', *, *, #4277, .T. ) ;
#3964 = CARTESIAN_POINT ( 'NONE',  ( 30.75863990121944980, -9.999999999999989342, -31.11219329181263049 ) ) ;
#3965 = CARTESIAN_POINT ( 'NONE',  ( -15.03708780354969399, -7.986030918081032937, 38.94446206922806653 ) ) ;
#3966 = CARTESIAN_POINT ( 'NONE',  ( 0.000000000000000000, 8.999999999999991118, 0.000000000000000000 ) ) ;
#3967 = VECTOR ( 'NONE', #1602, 1000.000000000000114 ) ;
#3968 = ORIENTED_EDGE ( 'NONE', *, *, #560, .F. ) ;
#3969 = CARTESIAN_POINT ( 'NONE',  ( 36.44446206922794573, -13.00000000000001776, 36.44446206922818732 ) ) ;
#3970 = CIRCLE ( 'NONE', #1552, 16.50000000000000000 ) ;
#3971 = AXIS2_PLACEMENT_3D ( 'NONE', #5131, #324, #2278 ) ;
#3972 = DIRECTION ( 'NONE',  ( 0.000000000000000000, -1.000000000000000000, -0.000000000000000000 ) ) ;
#3973 = CARTESIAN_POINT ( 'NONE',  ( 13.17326873544267229, 8.999999999999991118, -11.47671515825885891 ) ) ;
#3974 = ADVANCED_FACE ( 'NONE', ( #3506 ), #2691, .F. ) ;
#3975 = ORIENTED_EDGE ( 'NONE', *, *, #1045, .T. ) ;
#3976 = VERTEX_POINT ( 'NONE', #5074 ) ;
#3977 = CARTESIAN_POINT ( 'NONE',  ( -37.94446206922806653, 12.49999999999999112, 37.94446206922807363 ) ) ;
#3978 = DIRECTION ( 'NONE',  ( 0.000000000000000000, 0.000000000000000000, 1.000000000000000000 ) ) ;
#3979 = ORIENTED_EDGE ( 'NONE', *, *, #4152, .F. ) ;
#3980 = CARTESIAN_POINT ( 'NONE',  ( 38.94446206922829390, -12.49999999999999112, -21.40233851715624880 ) ) ;
#3981 = CC_DESIGN_APPROVAL ( #2360, ( #2040 ) ) ;
#3982 = AXIS2_PLACEMENT_3D ( 'NONE', #3274, #2157, #1321 ) ;
#3983 = AXIS2_PLACEMENT_3D ( 'NONE', #1428, #1488, #3468 ) ;
#3984 = CARTESIAN_POINT ( 'NONE',  ( 39.94446206922794573, -12.49999999999999112, 37.94446206922820153 ) ) ;
#3985 = CARTESIAN_POINT ( 'NONE',  ( -28.28371534040727298, 1.226634733346684519E-16, 27.93016194981350964 ) ) ;
#3986 = EDGE_LOOP ( 'NONE', ( #4675, #3918, #537, #2492 ) ) ;
#3987 = VECTOR ( 'NONE', #2340, 1000.000000000000000 ) ;
#3988 = AXIS2_PLACEMENT_3D ( 'NONE', #1501, #4324, #747 ) ;
#3989 = EDGE_CURVE ( 'NONE', #1506, #4260, #480, .T. ) ;
#3990 = ORIENTED_EDGE ( 'NONE', *, *, #2262, .T. ) ;
#3991 = DIRECTION ( 'NONE',  ( -1.000000000000000000, 0.000000000000000000, 1.737135398614550415E-16 ) ) ;
#3992 = DIRECTION ( 'NONE',  ( -0.000000000000000000, -1.000000000000000000, -0.000000000000000000 ) ) ;
#3993 = CIRCLE ( 'NONE', #2814, 2.000000000000001776 ) ;
#3994 = CARTESIAN_POINT ( 'NONE',  ( -38.44446206922768994, -13.00000000000001776, -36.44446206922846443 ) ) ;
#3995 = ADVANCED_FACE ( 'NONE', ( #3051 ), #1498, .T. ) ;
#3996 = VERTEX_POINT ( 'NONE', #5101 ) ;
#3997 = DIRECTION ( 'NONE',  ( -0.000000000000000000, -1.000000000000000000, -0.000000000000000000 ) ) ;
#3998 = DIRECTION ( 'NONE',  ( 0.000000000000000000, 1.000000000000000000, 0.000000000000000000 ) ) ;
#3999 = DIRECTION ( 'NONE',  ( 0.000000000000000000, 1.000000000000000000, 0.000000000000000000 ) ) ;
#4000 = EDGE_CURVE ( 'NONE', #4254, #2374, #818, .T. ) ;
#4001 = ORIENTED_EDGE ( 'NONE', *, *, #900, .F. ) ;
#4002 = EDGE_CURVE ( 'NONE', #4819, #4214, #1129, .T. ) ;
#4003 = VERTEX_POINT ( 'NONE', #3908 ) ;
#4004 = DIRECTION ( 'NONE',  ( -0.000000000000000000, 1.000000000000000000, -0.000000000000000000 ) ) ;
#4005 = CARTESIAN_POINT ( 'NONE',  ( 38.94446206922823706, 8.355473816029789447, -16.03156396492866520 ) ) ;
#4006 = ORIENTED_EDGE ( 'NONE', *, *, #3735, .T. ) ;
#4007 = DIRECTION ( 'NONE',  ( 0.000000000000000000, 1.000000000000000000, 0.000000000000000000 ) ) ;
#4008 = CARTESIAN_POINT ( 'NONE',  ( 3.987142242049877439, 8.999999999999991118, 16.01101797955587713 ) ) ;
#4009 = DIRECTION ( 'NONE',  ( 0.000000000000000000, 0.000000000000000000, -1.000000000000000000 ) ) ;
#4010 = ORIENTED_EDGE ( 'NONE', *, *, #9, .T. ) ;
#4011 = ORIENTED_EDGE ( 'NONE', *, *, #1886, .T. ) ;
#4012 = CARTESIAN_POINT ( 'NONE',  ( -6.001133331754357592, 9.086248118903329285, -38.94446206922807363 ) ) ;
#4013 = CARTESIAN_POINT ( 'NONE',  ( -39.94446206922806653, -9.999999999999989342, 37.94446206922806653 ) ) ;
#4014 = CARTESIAN_POINT ( 'NONE',  ( -34.29467888754793137, 0.000000000000000000, 34.29467888754721372 ) ) ;
#4015 = EDGE_CURVE ( 'NONE', #1989, #3433, #5043, .T. ) ;
#4016 = ORIENTED_EDGE ( 'NONE', *, *, #728, .T. ) ;
#4017 = DIRECTION ( 'NONE',  ( -0.000000000000000000, 1.000000000000000000, -0.000000000000000000 ) ) ;
#4018 = CARTESIAN_POINT ( 'NONE',  ( 38.94446206922815890, 0.000000000000000000, -7.961870015169147941 ) ) ;
#4019 = DIRECTION ( 'NONE',  ( -0.000000000000000000, -1.000000000000000000, -0.000000000000000000 ) ) ;
#4020 = ORIENTED_EDGE ( 'NONE', *, *, #738, .F. ) ;
#4021 = ORIENTED_EDGE ( 'NONE', *, *, #3449, .F. ) ;
#4022 = CARTESIAN_POINT ( 'NONE',  ( 20.18253399317072549, -9.999999999999989342, 55.60382230812773940 ) ) ;
#4023 = CARTESIAN_POINT ( 'NONE',  ( 10.21798158271917245, 12.49999999999999112, -14.20714089376225964 ) ) ;
#4024 = ORIENTED_EDGE ( 'NONE', *, *, #798, .T. ) ;
#4025 = FACE_OUTER_BOUND ( 'NONE', #2241, .T. ) ;
#4026 = EDGE_CURVE ( 'NONE', #848, #1274, #3993, .T. ) ;
#4027 = CARTESIAN_POINT ( 'NONE',  ( 37.94446206922806653, -12.49999999999999112, -39.94446206922807363 ) ) ;
#4028 = CARTESIAN_POINT ( 'NONE',  ( -7.965169371644953422, 8.999999999999991118, 14.45012376697892442 ) ) ;
#4029 = ORIENTED_EDGE ( 'NONE', *, *, #4055, .F. ) ;
#4030 = CIRCLE ( 'NONE', #944, 4.000000000000000000 ) ;
#4031 = DIRECTION ( 'NONE',  ( 0.5064405351448885151, 0.000000000000000000, -0.8622748890940515887 ) ) ;
#4032 = AXIS2_PLACEMENT_3D ( 'NONE', #131, #630, #234 ) ;
#4033 = CARTESIAN_POINT ( 'NONE',  ( 0.000000000000000000, 7.035533905932745746, 37.25000000000000000 ) ) ;
#4034 = CARTESIAN_POINT ( 'NONE',  ( -18.97031980920132099, -9.560590553430683869, 38.94446206922808074 ) ) ;
#4035 = ORIENTED_EDGE ( 'NONE', *, *, #1215, .F. ) ;
#4036 = DIRECTION ( 'NONE',  ( -0.7071067811865401342, 0.000000000000000000, -0.7071067811865550112 ) ) ;
#4037 = VECTOR ( 'NONE', #3018, 1000.000000000000000 ) ;
#4038 = ORIENTED_EDGE ( 'NONE', *, *, #3902, .F. ) ;
#4039 = CARTESIAN_POINT ( 'NONE',  ( 39.94446206922785336, -13.00000000000001776, 21.95680324558086127 ) ) ;
#4040 = EDGE_CURVE ( 'NONE', #1005, #2155, #4655, .T. ) ;
#4041 = LINE ( 'NONE', #431, #372 ) ;
#4042 = DIRECTION ( 'NONE',  ( 0.000000000000000000, 0.000000000000000000, -1.000000000000000000 ) ) ;
#4043 = CYLINDRICAL_SURFACE ( 'NONE', #2793, 2.000000000000001776 ) ;
#4044 = ORIENTED_EDGE ( 'NONE', *, *, #1505, .T. ) ;
#4045 = VECTOR ( 'NONE', #1296, 1000.000000000000000 ) ;
#4046 = CIRCLE ( 'NONE', #4715, 4.000000000000000000 ) ;
#4047 = ORIENTED_EDGE ( 'NONE', *, *, #3218, .F. ) ;
#4048 = CYLINDRICAL_SURFACE ( 'NONE', #1304, 4.000000000000000000 ) ;
#4049 = ADVANCED_FACE ( 'NONE', ( #4705 ), #1079, .F. ) ;
#4050 = CYLINDRICAL_SURFACE ( 'NONE', #4857, 2.000000000000001776 ) ;
#4051 = ORIENTED_EDGE ( 'NONE', *, *, #1980, .T. ) ;
#4052 = CYLINDRICAL_SURFACE ( 'NONE', #4150, 0.9999999999999991118 ) ;
#4053 = AXIS2_PLACEMENT_3D ( 'NONE', #2050, #1243, #2122 ) ;
#4054 = EDGE_CURVE ( 'NONE', #1790, #2376, #2401, .T. ) ;
#4055 = EDGE_CURVE ( 'NONE', #3773, #147, #1892, .T. ) ;
#4056 = DIRECTION ( 'NONE',  ( 0.000000000000000000, 0.000000000000000000, 1.000000000000000000 ) ) ;
#4057 = DIRECTION ( 'NONE',  ( 0.000000000000000000, 1.000000000000000000, 0.000000000000000000 ) ) ;
#4058 = ORIENTED_EDGE ( 'NONE', *, *, #3259, .T. ) ;
#4059 = VECTOR ( 'NONE', #1668, 1000.000000000000000 ) ;
#4060 = ORIENTED_EDGE ( 'NONE', *, *, #5140, .T. ) ;
#4061 = CARTESIAN_POINT ( 'NONE',  ( -14.72563434312155550, 11.41580359353348761, -38.94446206922807363 ) ) ;
#4062 = PLANE ( 'NONE',  #3482 ) ;
#4063 = ORIENTED_EDGE ( 'NONE', *, *, #4758, .T. ) ;
#4064 = CARTESIAN_POINT ( 'NONE',  ( 34.29467888754756899, 0.000000000000000000, 34.29467888754756899 ) ) ;
#4065 = AXIS2_PLACEMENT_3D ( 'NONE', #607, #4212, #2226 ) ;
#4066 = ORIENTED_EDGE ( 'NONE', *, *, #1601, .T. ) ;
#4067 = DIRECTION ( 'NONE',  ( 0.000000000000000000, 1.000000000000000000, 0.000000000000000000 ) ) ;
#4068 = CARTESIAN_POINT ( 'NONE',  ( 0.000000000000000000, 12.49999999999999112, 0.000000000000000000 ) ) ;
#4069 = CARTESIAN_POINT ( 'NONE',  ( -38.94446206922803810, -6.409746836726043284, -10.00754982767955070 ) ) ;
#4070 = LINE ( 'NONE', #3160, #2381 ) ;
#4071 = AXIS2_PLACEMENT_3D ( 'NONE', #2842, #2407, #2820 ) ;
#4072 = ORIENTED_EDGE ( 'NONE', *, *, #1980, .F. ) ;
#4073 = ORIENTED_EDGE ( 'NONE', *, *, #2575, .T. ) ;
#4074 = LINE ( 'NONE', #1299, #4807 ) ;
#4075 = DIRECTION ( 'NONE',  ( 0.000000000000000000, 0.000000000000000000, 1.000000000000000000 ) ) ;
#4076 = ORIENTED_EDGE ( 'NONE', *, *, #4587, .T. ) ;
#4077 = CARTESIAN_POINT ( 'NONE',  ( -12.44929178589171137, 8.999999999999991118, -12.29898914666278742 ) ) ;
#4078 = EDGE_CURVE ( 'NONE', #4798, #2598, #1941, .T. ) ;
#4079 = CARTESIAN_POINT ( 'NONE',  ( -38.94446206922810205, 6.000000000000000000, 7.961870015169420611 ) ) ;
#4080 = B_SPLINE_CURVE_WITH_KNOTS ( 'NONE', 3,
 ( #1566, #1245, #2735, #3148 ),
 .UNSPECIFIED., .F., .F.,
 ( 4, 4 ),
 ( 2.828450214530465958E-07, 0.005657187921401614014 ),
 .UNSPECIFIED. ) ;
#4081 = FACE_OUTER_BOUND ( 'NONE', #3157, .T. ) ;
#4082 = ORIENTED_EDGE ( 'NONE', *, *, #353, .F. ) ;
#4083 = CARTESIAN_POINT ( 'NONE',  ( 40.12265297808743725, 9.999999999999989342, -39.76909958749346430 ) ) ;
#4084 = CYLINDRICAL_SURFACE ( 'NONE', #455, 2.000000000000001776 ) ;
#4085 = DIRECTION ( 'NONE',  ( -0.000000000000000000, 1.000000000000000000, 0.000000000000000000 ) ) ;
#4086 = ORIENTED_EDGE ( 'NONE', *, *, #1045, .F. ) ;
#4087 = ADVANCED_FACE ( 'NONE', ( #3479, #1550 ), #3131, .F. ) ;
#4088 = LINE ( 'NONE', #428, #3546 ) ;
#4089 = EDGE_CURVE ( 'NONE', #3525, #829, #2452, .T. ) ;
#4090 = EDGE_CURVE ( 'NONE', #4882, #2084, #2037, .T. ) ;
#4091 = EDGE_LOOP ( 'NONE', ( #1070, #2647, #3862, #2718 ) ) ;
#4092 = CARTESIAN_POINT ( 'NONE',  ( 0.000000000000000000, 7.035533905932745746, 0.000000000000000000 ) ) ;
#4093 = FACE_OUTER_BOUND ( 'NONE', #2030, .T. ) ;
#4094 = CARTESIAN_POINT ( 'NONE',  ( -36.44446206922806653, -12.49999999999999112, 34.44446206922806653 ) ) ;
#4095 = EDGE_LOOP ( 'NONE', ( #5007, #1876, #3126, #2565 ) ) ;
#4096 = EDGE_LOOP ( 'NONE', ( #2251, #4508, #4154, #1846 ) ) ;
#4097 = CARTESIAN_POINT ( 'NONE',  ( -38.94446206922808784, 8.731568212001223017, 3.044739555767971950 ) ) ;
#4098 = CARTESIAN_POINT ( 'NONE',  ( -38.94446206922799547, 12.49999999999999112, -23.65942147863210110 ) ) ;
#4099 = VERTEX_POINT ( 'NONE', #2380 ) ;
#4100 = CARTESIAN_POINT ( 'NONE',  ( 10.21798158271917245, 12.49999999999999112, -13.20714089376225964 ) ) ;
#4101 = CARTESIAN_POINT ( 'NONE',  ( 0.000000000000000000, 8.999999999999991118, 0.000000000000000000 ) ) ;
#4102 = CARTESIAN_POINT ( 'NONE',  ( -38.94446206922814468, 9.560590553430689198, 18.97031980920121086 ) ) ;
#4103 = EDGE_CURVE ( 'NONE', #2860, #3951, #3606, .T. ) ;
#4104 = CARTESIAN_POINT ( 'NONE',  ( -21.40233851715665736, -13.00000000000001776, -38.94446206922807363 ) ) ;
#4105 = ORIENTED_EDGE ( 'NONE', *, *, #4151, .T. ) ;
#4106 = LINE ( 'NONE', #523, #2779 ) ;
#4107 = DIRECTION ( 'NONE',  ( -0.000000000000000000, -1.000000000000000000, -0.000000000000000000 ) ) ;
#4108 = DIRECTION ( 'NONE',  ( 0.000000000000000000, 1.000000000000000000, 0.000000000000000000 ) ) ;
#4109 = LINE ( 'NONE', #826, #3795 ) ;
#4110 = EDGE_CURVE ( 'NONE', #2682, #3416, #2014, .T. ) ;
#4111 = VECTOR ( 'NONE', #4386, 1000.000000000000000 ) ;
#4112 = ORIENTED_EDGE ( 'NONE', *, *, #4517, .T. ) ;
#4113 = CARTESIAN_POINT ( 'NONE',  ( -38.94446206922813047, -12.49999999999999112, 17.54578262260403321 ) ) ;
#4114 = DIRECTION ( 'NONE',  ( -0.8622748890940480360, 0.000000000000000000, -0.5064405351448945103 ) ) ;
#4115 = FACE_OUTER_BOUND ( 'NONE', #2617, .T. ) ;
#4116 = ORIENTED_EDGE ( 'NONE', *, *, #3449, .T. ) ;
#4117 = EDGE_LOOP ( 'NONE', ( #1383, #4503, #4116, #2507 ) ) ;
#4118 = CARTESIAN_POINT ( 'NONE',  ( 36.44446206922806653, -12.49999999999999112, -36.44446206922807363 ) ) ;
#4119 = VECTOR ( 'NONE', #1476, 1000.000000000000000 ) ;
#4120 = CARTESIAN_POINT ( 'NONE',  ( 0.000000000000000000, -7.035533905932742194, 0.000000000000000000 ) ) ;
#4121 = ORIENTED_EDGE ( 'NONE', *, *, #1053, .T. ) ;
#4122 = DIRECTION ( 'NONE',  ( -0.000000000000000000, -1.000000000000000000, -0.000000000000000000 ) ) ;
#4123 = EDGE_CURVE ( 'NONE', #4285, #851, #45, .T. ) ;
#4124 = AXIS2_PLACEMENT_3D ( 'NONE', #260, #746, #341 ) ;
#4125 = DIRECTION ( 'NONE',  ( 0.000000000000000000, 1.000000000000000000, 0.000000000000000000 ) ) ;
#4126 = CARTESIAN_POINT ( 'NONE',  ( -34.11790219225125043, -9.999999999999989342, 34.47145558284390177 ) ) ;
#4127 = CIRCLE ( 'NONE', #4794, 39.21446609406724804 ) ;
#4128 = DIRECTION ( 'NONE',  ( 0.9034118677180114076, 0.000000000000000000, -0.4287738299689642374 ) ) ;
#4129 = ORIENTED_EDGE ( 'NONE', *, *, #827, .T. ) ;
#4130 = DIRECTION ( 'NONE',  ( -0.000000000000000000, -1.000000000000000000, -0.000000000000000000 ) ) ;
#4131 =( NAMED_UNIT ( * ) PLANE_ANGLE_UNIT ( ) SI_UNIT ( $, .RADIAN. ) );
#4132 = VERTEX_POINT ( 'NONE', #1620 ) ;
#4133 = AXIS2_PLACEMENT_3D ( 'NONE', #2913, #4493, #992 ) ;
#4134 = LINE ( 'NONE', #1395, #5037 ) ;
#4135 = EDGE_CURVE ( 'NONE', #4625, #68, #1649, .T. ) ;
#4136 = VECTOR ( 'NONE', #4837, 1000.000000000000000 ) ;
#4137 = VERTEX_POINT ( 'NONE', #3980 ) ;
#4138 = DIRECTION ( 'NONE',  ( -0.9034118677180158485, 0.000000000000000000, 0.4287738299689549115 ) ) ;
#4139 = CARTESIAN_POINT ( 'NONE',  ( -21.40233851715665736, -13.00000000000001776, -38.94446206922807363 ) ) ;
#4140 = VECTOR ( 'NONE', #415, 1000.000000000000000 ) ;
#4141 = DIRECTION ( 'NONE',  ( 0.7071067811865487940, 0.000000000000000000, 0.7071067811865463515 ) ) ;
#4142 = ADVANCED_FACE ( 'NONE', ( #3202 ), #4052, .F. ) ;
#4143 = CC_DESIGN_PERSON_AND_ORGANIZATION_ASSIGNMENT ( #664, #3453, ( #2040 ) ) ;
#4144 = ORIENTED_EDGE ( 'NONE', *, *, #706, .F. ) ;
#4145 = ORIENTED_EDGE ( 'NONE', *, *, #2131, .F. ) ;
#4146 = LINE ( 'NONE', #2933, #5060 ) ;
#4147 = CARTESIAN_POINT ( 'NONE',  ( 38.94446206922822995, -11.92366392593489444, -16.14271681334620112 ) ) ;
#4148 = ORIENTED_EDGE ( 'NONE', *, *, #693, .T. ) ;
#4149 = LINE ( 'NONE', #938, #5162 ) ;
#4150 = AXIS2_PLACEMENT_3D ( 'NONE', #4077, #396, #841 ) ;
#4151 = EDGE_CURVE ( 'NONE', #1323, #4329, #1398, .T. ) ;
#4152 = EDGE_CURVE ( 'NONE', #4838, #1021, #4853, .T. ) ;
#4153 = EDGE_CURVE ( 'NONE', #3496, #1913, #1278, .T. ) ;
#4154 = ORIENTED_EDGE ( 'NONE', *, *, #1265, .F. ) ;
#4155 = LINE ( 'NONE', #4494, #3624 ) ;
#4156 = LINE ( 'NONE', #549, #230 ) ;
#4157 = DIRECTION ( 'NONE',  ( 1.032045771185431231E-14, 0.000000000000000000, -1.000000000000000000 ) ) ;
#4158 = ORIENTED_EDGE ( 'NONE', *, *, #289, .T. ) ;
#4159 = DIRECTION ( 'NONE',  ( 0.000000000000000000, -1.000000000000000000, 0.000000000000000000 ) ) ;
#4160 = DIRECTION ( 'NONE',  ( 1.032045771185431073E-14, 0.000000000000000000, -1.000000000000000000 ) ) ;
#4161 = CARTESIAN_POINT ( 'NONE',  ( -34.29467888754756899, 0.000000000000000000, -34.29467888754756899 ) ) ;
#4162 = ORIENTED_EDGE ( 'NONE', *, *, #2168, .T. ) ;
#4163 = CARTESIAN_POINT ( 'NONE',  ( 37.94446206922793863, 12.49999999999999112, 39.94446206922807363 ) ) ;
#4164 = VERTEX_POINT ( 'NONE', #2865 ) ;
#4165 = DIRECTION ( 'NONE',  ( 0.000000000000000000, 1.000000000000000000, 0.000000000000000000 ) ) ;
#4166 = CARTESIAN_POINT ( 'NONE',  ( 0.000000000000000000, 8.999999999999991118, 0.000000000000000000 ) ) ;
#4167 = CARTESIAN_POINT ( 'NONE',  ( -38.94446206922815179, -13.00000000000001776, 21.40233851715652236 ) ) ;
#4168 = ADVANCED_FACE ( 'NONE', ( #3180 ), #2089, .F. ) ;
#4169 = ORIENTED_EDGE ( 'NONE', *, *, #1218, .T. ) ;
#4170 = ORIENTED_EDGE ( 'NONE', *, *, #5111, .F. ) ;
#4171 = DIRECTION ( 'NONE',  ( 0.000000000000000000, 0.000000000000000000, 1.000000000000000000 ) ) ;
#4172 = CARTESIAN_POINT ( 'NONE',  ( 38.94446206922815890, -9.419827888013440287, -7.498849234884170656 ) ) ;
#4173 = VERTEX_POINT ( 'NONE', #4465 ) ;
#4174 = CARTESIAN_POINT ( 'NONE',  ( 10.21798158271917245, 8.999999999999991118, -14.20714089376225964 ) ) ;
#4175 = ORIENTED_EDGE ( 'NONE', *, *, #4811, .T. ) ;
#4176 = CARTESIAN_POINT ( 'NONE',  ( -17.54578262260415400, -12.49999999999999112, 38.94446206922807363 ) ) ;
#4177 = CARTESIAN_POINT ( 'NONE',  ( 37.94446206922806653, 9.999999999999989342, -39.94446206922808784 ) ) ;
#4178 = ADVANCED_FACE ( 'NONE', ( #2427 ), #4778, .F. ) ;
#4179 = DIRECTION ( 'NONE',  ( -0.4287738299689642374, 0.000000000000000000, -0.9034118677180114076 ) ) ;
#4180 = ORIENTED_EDGE ( 'NONE', *, *, #4423, .T. ) ;
#4181 = CARTESIAN_POINT ( 'NONE',  ( -34.11790219225100884, -9.999999999999989342, -34.47145558284415046 ) ) ;
#4182 = CARTESIAN_POINT ( 'NONE',  ( 0.000000000000000000, 12.49999999999999112, 0.000000000000000000 ) ) ;
#4183 = PERSON_AND_ORGANIZATION ( #1357, #39 ) ;
#4184 = VERTEX_POINT ( 'NONE', #418 ) ;
#4185 = CYLINDRICAL_SURFACE ( 'NONE', #3536, 39.75000000000000000 ) ;
#4186 = EDGE_LOOP ( 'NONE', ( #2438, #3628, #1674, #2488 ) ) ;
#4187 = CARTESIAN_POINT ( 'NONE',  ( 19.29537254914641409, -13.00000000000001776, 39.94446206922808074 ) ) ;
#4188 = DIRECTION ( 'NONE',  ( 0.000000000000000000, 0.000000000000000000, -1.000000000000000000 ) ) ;
#4189 = CARTESIAN_POINT ( 'NONE',  ( 3.987142242049877439, 12.49999999999999112, 16.01101797955587713 ) ) ;
#4190 = CIRCLE ( 'NONE', #2190, 2.000000000000001776 ) ;
#4191 = ORIENTED_EDGE ( 'NONE', *, *, #1773, .F. ) ;
#4192 = EDGE_CURVE ( 'NONE', #2283, #1238, #3655, .T. ) ;
#4193 = ORIENTED_EDGE ( 'NONE', *, *, #4660, .F. ) ;
#4194 = CARTESIAN_POINT ( 'NONE',  ( 6.030382533163400005, -9.166144386675593836, 38.94446206922807363 ) ) ;
#4195 = CARTESIAN_POINT ( 'NONE',  ( 4.896411372381327286E-15, 7.035533905932745746, -37.25000000000000000 ) ) ;
#4196 = ORIENTED_EDGE ( 'NONE', *, *, #3287, .T. ) ;
#4197 = DIRECTION ( 'NONE',  ( -0.5331516006552283748, -0.7071067811865460184, 0.4644882891083152998 ) ) ;
#4198 = VECTOR ( 'NONE', #4732, 1000.000000000000000 ) ;
#4199 = EDGE_CURVE ( 'NONE', #1151, #4132, #270, .T. ) ;
#4200 = AXIS2_PLACEMENT_3D ( 'NONE', #2648, #1868, #2201 ) ;
#4201 = ORIENTED_EDGE ( 'NONE', *, *, #1271, .F. ) ;
#4202 = DIRECTION ( 'NONE',  ( -0.8550409052762899531, 0.000000000000000000, -0.5185605560629370503 ) ) ;
#4203 = DIRECTION ( 'NONE',  ( -0.000000000000000000, 1.000000000000000000, -0.000000000000000000 ) ) ;
#4204 = DIRECTION ( 'NONE',  ( 0.000000000000000000, 0.000000000000000000, 1.000000000000000000 ) ) ;
#4205 = LINE ( 'NONE', #2169, #3884 ) ;
#4206 = ORIENTED_EDGE ( 'NONE', *, *, #3869, .T. ) ;
#4207 = AXIS2_PLACEMENT_3D ( 'NONE', #3480, #4706, #3079 ) ;
#4208 = EDGE_CURVE ( 'NONE', #618, #2836, #4987, .T. ) ;
#4209 = ADVANCED_FACE ( 'NONE', ( #4025 ), #2232, .T. ) ;
#4210 = VECTOR ( 'NONE', #4979, 1000.000000000000000 ) ;
#4211 = AXIS2_PLACEMENT_3D ( 'NONE', #2339, #378, #800 ) ;
#4212 = DIRECTION ( 'NONE',  ( -0.000000000000000000, -1.000000000000000000, -0.000000000000000000 ) ) ;
#4213 = DIRECTION ( 'NONE',  ( -0.000000000000000000, -1.000000000000000000, -0.000000000000000000 ) ) ;
#4214 = VERTEX_POINT ( 'NONE', #3339 ) ;
#4215 = DIRECTION ( 'NONE',  ( 0.8622748890940532540, -0.000000000000000000, 0.5064405351448855175 ) ) ;
#4216 = EDGE_CURVE ( 'NONE', #3465, #3781, #4149, .T. ) ;
#4217 = ADVANCED_FACE ( 'NONE', ( #3389 ), #4986, .F. ) ;
#4218 = ORIENTED_EDGE ( 'NONE', *, *, #2993, .T. ) ;
#4219 = CARTESIAN_POINT ( 'NONE',  ( 17.54578262260415400, -12.49999999999999112, -38.94446206922807363 ) ) ;
#4220 = LINE ( 'NONE', #2260, #3055 ) ;
#4221 = DIRECTION ( 'NONE',  ( -0.7071067811865500152, 0.000000000000000000, 0.7071067811865451302 ) ) ;
#4222 = B_SPLINE_CURVE_WITH_KNOTS ( 'NONE', 3,
 ( #2390, #4788, #4817, #3965, #1584, #5, #4034, #1607 ),
 .UNSPECIFIED., .F., .F.,
 ( 4, 2, 2, 4 ),
 ( 0.02852102708812617043, 0.03477605972726581507, 0.03790357604683564086, 0.04103109236640546664 ),
 .UNSPECIFIED. ) ;
#4223 = CIRCLE ( 'NONE', #2132, 2.000000000000001776 ) ;
#4224 = EDGE_LOOP ( 'NONE', ( #1273, #3775, #5036, #16, #3295, #4730, #228, #245 ) ) ;
#4225 = AXIS2_PLACEMENT_3D ( 'NONE', #784, #2377, #42 ) ;
#4226 = EDGE_LOOP ( 'NONE', ( #427, #447, #1076, #3147 ) ) ;
#4227 = CARTESIAN_POINT ( 'NONE',  ( 3.788368979924602531, -8.906779106068444918, 38.94446206922807363 ) ) ;
#4228 = CARTESIAN_POINT ( 'NONE',  ( -21.95680324558044205, -13.00000000000001776, 39.94446206922808074 ) ) ;
#4229 = VERTEX_POINT ( 'NONE', #4100 ) ;
#4230 = CARTESIAN_POINT ( 'NONE',  ( 7.961870015169545844, -6.000000000000000000, -38.94446206922807363 ) ) ;
#4231 = CIRCLE ( 'NONE', #4885, 43.75000000000000000 ) ;
#4232 = CIRCLE ( 'NONE', #3815, 43.75000000000000000 ) ;
#4233 = EDGE_LOOP ( 'NONE', ( #1924, #2583, #3661, #1820, #3708, #3894, #1982, #3397, #543, #3784, #3201, #4516, #185, #1738, #2063, #4389, #2841, #1100, #4562, #4245, #5174, #1024, #1349, #911, #5108 ) ) ;
#4234 = DIRECTION ( 'NONE',  ( -0.000000000000000000, 1.000000000000000000, -0.000000000000000000 ) ) ;
#4235 = CARTESIAN_POINT ( 'NONE',  ( 3.033646321628436837, 8.840633240046033237, -38.94446206922807363 ) ) ;
#4236 = AXIS2_PLACEMENT_3D ( 'NONE', #1436, #4598, #4543 ) ;
#4237 = DIRECTION ( 'NONE',  ( 0.000000000000000000, 1.000000000000000000, 0.000000000000000000 ) ) ;
#4238 = LINE ( 'NONE', #4679, #371 ) ;
#4239 = VERTEX_POINT ( 'NONE', #574 ) ;
#4240 = EDGE_CURVE ( 'NONE', #2680, #1399, #1995, .T. ) ;
#4241 = AXIS2_PLACEMENT_3D ( 'NONE', #1409, #119, #547 ) ;
#4242 = CARTESIAN_POINT ( 'NONE',  ( 38.44446206922794573, -13.00000000000001776, 36.44446206922819442 ) ) ;
#4243 = DIRECTION ( 'NONE',  ( -0.8622748890940532540, 0.000000000000000000, -0.5064405351448855175 ) ) ;
#4244 = PERSON_AND_ORGANIZATION_ROLE ( 'design_owner' ) ;
#4245 = ORIENTED_EDGE ( 'NONE', *, *, #5179, .F. ) ;
#4246 = CARTESIAN_POINT ( 'NONE',  ( -39.94446206922808074, -12.49999999999999112, 39.94446206922808784 ) ) ;
#4247 = VERTEX_POINT ( 'NONE', #2214 ) ;
#4248 = EDGE_CURVE ( 'NONE', #1151, #4981, #4897, .T. ) ;
#4249 = LINE ( 'NONE', #4187, #1961 ) ;
#4250 = CARTESIAN_POINT ( 'NONE',  ( 30.15610134663980446, 12.49999999999999112, -30.25120105503930645 ) ) ;
#4251 = EDGE_CURVE ( 'NONE', #284, #2311, #2650, .T. ) ;
#4252 = LINE ( 'NONE', #2960, #375 ) ;
#4253 = ORIENTED_EDGE ( 'NONE', *, *, #1200, .F. ) ;
#4254 = VERTEX_POINT ( 'NONE', #4594 ) ;
#4255 = DIRECTION ( 'NONE',  ( 0.7071067811865463515, -4.906538933386801186E-16, -0.7071067811865487940 ) ) ;
#4256 = PLANE ( 'NONE',  #4700 ) ;
#4257 = ORIENTED_EDGE ( 'NONE', *, *, #2307, .T. ) ;
#4258 = CARTESIAN_POINT ( 'NONE',  ( 13.01141513073362077, 8.999999999999991118, 11.39969632471480665 ) ) ;
#4259 = EDGE_LOOP ( 'NONE', ( #1767, #2010, #3574, #249, #4852, #546, #2991, #2103, #1440, #4835, #3789, #2571 ) ) ;
#4260 = VERTEX_POINT ( 'NONE', #3813 ) ;
#4261 = CARTESIAN_POINT ( 'NONE',  ( -33.52351109286236408, 12.49999999999999112, 26.47073511838979343 ) ) ;
#4262 = CARTESIAN_POINT ( 'NONE',  ( -34.11790219225125043, 9.999999999999989342, 34.47145558284390177 ) ) ;
#4263 = DIRECTION ( 'NONE',  ( -0.4287738299689642374, 0.000000000000000000, -0.9034118677180114076 ) ) ;
#4264 = CARTESIAN_POINT ( 'NONE',  ( 40.12265297808715303, 9.999999999999989342, 39.76909958749373430 ) ) ;
#4265 = ADVANCED_FACE ( 'NONE', ( #148 ), #1750, .T. ) ;
#4266 = LINE ( 'NONE', #3984, #2971 ) ;
#4267 = CARTESIAN_POINT ( 'NONE',  ( 38.94446206922798837, -6.000000000000000000, 7.961870015169953518 ) ) ;
#4268 = APPROVAL_DATE_TIME ( #2978, #177 ) ;
#4269 = ORIENTED_EDGE ( 'NONE', *, *, #4848, .T. ) ;
#4270 = PRODUCT ( 'housing_Default_sldprt', 'housing_Default_sldprt', '', ( #2590 ) ) ;
#4271 = CARTESIAN_POINT ( 'NONE',  ( 38.44446206922794573, 9.999999999999987566, 36.44446206922819442 ) ) ;
#4272 = ORIENTED_EDGE ( 'NONE', *, *, #2519, .F. ) ;
#4273 = LINE ( 'NONE', #695, #2787 ) ;
#4274 = CARTESIAN_POINT ( 'NONE',  ( -38.94446206922810205, -6.000000000000000000, 7.961870015169420611 ) ) ;
#4275 = DIRECTION ( 'NONE',  ( -0.000000000000000000, -1.000000000000000000, -0.000000000000000000 ) ) ;
#4276 = ADVANCED_FACE ( 'NONE', ( #3760 ), #3315, .F. ) ;
#4277 = EDGE_CURVE ( 'NONE', #851, #5113, #389, .T. ) ;
#4278 = ORIENTED_EDGE ( 'NONE', *, *, #1813, .F. ) ;
#4279 = ORIENTED_EDGE ( 'NONE', *, *, #3724, .F. ) ;
#4280 = DIRECTION ( 'NONE',  ( 6.394884621840902935E-14, 0.000000000000000000, -1.000000000000000000 ) ) ;
#4281 = DIRECTION ( 'NONE',  ( 0.000000000000000000, 0.000000000000000000, -1.000000000000000000 ) ) ;
#4282 = ORIENTED_EDGE ( 'NONE', *, *, #3222, .T. ) ;
#4283 = CARTESIAN_POINT ( 'NONE',  ( -7.399870279355399299E-16, -9.999999999999989342, 38.94446206922808074 ) ) ;
#4284 = EDGE_CURVE ( 'NONE', #1558, #3165, #964, .T. ) ;
#4285 = VERTEX_POINT ( 'NONE', #2186 ) ;
#4286 = DIRECTION ( 'NONE',  ( 0.000000000000000000, 0.000000000000000000, 1.000000000000000000 ) ) ;
#4287 = CARTESIAN_POINT ( 'NONE',  ( 34.11790219225099463, 9.999999999999989342, 34.47145558284415046 ) ) ;
#4288 = DIRECTION ( 'NONE',  ( 0.000000000000000000, 0.000000000000000000, -1.000000000000000000 ) ) ;
#4289 = DIRECTION ( 'NONE',  ( 0.7071067811865487940, 0.000000000000000000, 0.7071067811865463515 ) ) ;
#4290 = ORIENTED_EDGE ( 'NONE', *, *, #239, .F. ) ;
#4291 = VECTOR ( 'NONE', #1306, 1000.000000000000000 ) ;
#4292 = CARTESIAN_POINT ( 'NONE',  ( -38.94446206922799547, -13.00000000000001776, -23.65942147863210110 ) ) ;
#4293 = AXIS2_PLACEMENT_3D ( 'NONE', #1101, #4731, #2328 ) ;
#4294 = FACE_OUTER_BOUND ( 'NONE', #2361, .T. ) ;
#4295 = ORIENTED_EDGE ( 'NONE', *, *, #2675, .F. ) ;
#4296 = CARTESIAN_POINT ( 'NONE',  ( -8.179307405794032704, 12.49999999999999112, 16.28914078729088999 ) ) ;
#4297 = VECTOR ( 'NONE', #3183, 1000.000000000000000 ) ;
#4298 = CIRCLE ( 'NONE', #2043, 42.71446609406726935 ) ;
#4299 = VERTEX_POINT ( 'NONE', #1725 ) ;
#4300 = DIRECTION ( 'NONE',  ( 0.000000000000000000, 0.000000000000000000, -1.000000000000000000 ) ) ;
#4301 = DIRECTION ( 'NONE',  ( 0.000000000000000000, 0.000000000000000000, -1.000000000000000000 ) ) ;
#4302 = DIRECTION ( 'NONE',  ( -0.7071067811865487940, -0.000000000000000000, -0.7071067811865463515 ) ) ;
#4303 = AXIS2_PLACEMENT_3D ( 'NONE', #66, #855, #3680 ) ;
#4304 = AXIS2_PLACEMENT_3D ( 'NONE', #2750, #3853, #373 ) ;
#4305 = EDGE_CURVE ( 'NONE', #2902, #3588, #1803, .T. ) ;
#4306 = EDGE_LOOP ( 'NONE', ( #3338, #4635, #2656, #3232 ) ) ;
#4307 = EDGE_LOOP ( 'NONE', ( #815, #4927, #4673, #4373 ) ) ;
#4308 = DIRECTION ( 'NONE',  ( -0.000000000000000000, -1.000000000000000000, -0.000000000000000000 ) ) ;
#4309 = ADVANCED_FACE ( 'NONE', ( #1302 ), #4553, .T. ) ;
#4310 = CARTESIAN_POINT ( 'NONE',  ( -36.44446206922768994, -12.49999999999999112, -36.44446206922844311 ) ) ;
#4311 = ORIENTED_EDGE ( 'NONE', *, *, #1539, .F. ) ;
#4312 = DIRECTION ( 'NONE',  ( -0.000000000000000000, -1.000000000000000000, -0.000000000000000000 ) ) ;
#4313 = VECTOR ( 'NONE', #3016, 1000.000000000000000 ) ;
#4314 = VECTOR ( 'NONE', #5001, 1000.000000000000000 ) ;
#4315 = EDGE_LOOP ( 'NONE', ( #1266, #1149 ) ) ;
#4316 = FACE_OUTER_BOUND ( 'NONE', #1763, .T. ) ;
#4317 = CYLINDRICAL_SURFACE ( 'NONE', #1780, 0.9999999999999991118 ) ;
#4318 = CARTESIAN_POINT ( 'NONE',  ( 3.987142242049877439, 8.999999999999991118, 16.01101797955587713 ) ) ;
#4319 = EDGE_CURVE ( 'NONE', #2155, #3465, #169, .T. ) ;
#4320 = LINE ( 'NONE', #4345, #2619 ) ;
#4321 = CIRCLE ( 'NONE', #1062, 39.21446609406724804 ) ;
#4322 = ADVANCED_FACE ( 'NONE', ( #2936, #1380 ), #2966, .F. ) ;
#4323 = AXIS2_PLACEMENT_3D ( 'NONE', #1997, #3636, #2429 ) ;
#4324 = DIRECTION ( 'NONE',  ( 0.000000000000000000, -1.000000000000000000, -0.000000000000000000 ) ) ;
#4325 = DIRECTION ( 'NONE',  ( 0.000000000000000000, 0.000000000000000000, 1.000000000000000000 ) ) ;
#4326 = ORIENTED_EDGE ( 'NONE', *, *, #789, .T. ) ;
#4327 = LINE ( 'NONE', #4685, #3962 ) ;
#4328 = AXIS2_PLACEMENT_3D ( 'NONE', #440, #4830, #4878 ) ;
#4329 = VERTEX_POINT ( 'NONE', #2582 ) ;
#4330 = DIRECTION ( 'NONE',  ( 0.000000000000000000, 1.000000000000000000, 0.000000000000000000 ) ) ;
#4331 = PLANE ( 'NONE',  #1981 ) ;
#4332 = CARTESIAN_POINT ( 'NONE',  ( 21.95680324558047758, -9.999999999999989342, -39.94446206922808784 ) ) ;
#4333 = VERTEX_POINT ( 'NONE', #598 ) ;
#4334 = DIRECTION ( 'NONE',  ( 0.000000000000000000, 1.000000000000000000, 0.000000000000000000 ) ) ;
#4335 = EDGE_CURVE ( 'NONE', #1670, #1572, #3785, .T. ) ;
#4336 = FACE_OUTER_BOUND ( 'NONE', #3004, .T. ) ;
#4337 = VERTEX_POINT ( 'NONE', #916 ) ;
#4338 = DIRECTION ( 'NONE',  ( 0.000000000000000000, 1.000000000000000000, 0.000000000000000000 ) ) ;
#4339 = APPLICATION_CONTEXT ( 'configuration controlled 3d designs of mechanical parts and assemblies' ) ;
#4340 = ORIENTED_EDGE ( 'NONE', *, *, #2986, .F. ) ;
#4341 = ORIENTED_EDGE ( 'NONE', *, *, #1281, .F. ) ;
#4342 = DIRECTION ( 'NONE',  ( -0.000000000000000000, 1.000000000000000000, -0.000000000000000000 ) ) ;
#4343 = DIRECTION ( 'NONE',  ( 0.000000000000000000, 0.000000000000000000, 1.000000000000000000 ) ) ;
#4344 = DIRECTION ( 'NONE',  ( 0.000000000000000000, 0.000000000000000000, 1.000000000000000000 ) ) ;
#4345 = CARTESIAN_POINT ( 'NONE',  ( -1.257435659159437318E-14, -12.49999999999999112, -38.94446206922807363 ) ) ;
#4346 = CYLINDRICAL_SURFACE ( 'NONE', #4648, 2.000000000000001776 ) ;
#4347 = CARTESIAN_POINT ( 'NONE',  ( 38.94446206922791021, -9.142480079136406701, 17.99735995162540547 ) ) ;
#4348 = VERTEX_POINT ( 'NONE', #254 ) ;
#4349 = ORIENTED_EDGE ( 'NONE', *, *, #1207, .T. ) ;
#4350 = DIRECTION ( 'NONE',  ( 0.000000000000000000, -1.000000000000000000, -0.000000000000000000 ) ) ;
#4351 = DIRECTION ( 'NONE',  ( 0.2685995035263727404, -0.000000000000000000, 0.9632519435253614759 ) ) ;
#4352 = LINE ( 'NONE', #352, #3368 ) ;
#4353 = ORIENTED_EDGE ( 'NONE', *, *, #3118, .F. ) ;
#4354 = CARTESIAN_POINT ( 'NONE',  ( 0.000000000000000000, -9.999999999999989342, 43.75000000000000000 ) ) ;
#4355 = CARTESIAN_POINT ( 'NONE',  ( 28.28371534040707047, 0.000000000000000000, 27.93016194981370859 ) ) ;
#4356 = CARTESIAN_POINT ( 'NONE',  ( 7.961870015169555614, 6.000000000000000000, 38.94446206922807363 ) ) ;
#4357 = ORIENTED_EDGE ( 'NONE', *, *, #4319, .T. ) ;
#4358 = VERTEX_POINT ( 'NONE', #1432 ) ;
#4359 = LINE ( 'NONE', #2404, #639 ) ;
#4360 = DIRECTION ( 'NONE',  ( 0.000000000000000000, 1.000000000000000000, 0.000000000000000000 ) ) ;
#4361 = ORIENTED_EDGE ( 'NONE', *, *, #1886, .F. ) ;
#4362 = CARTESIAN_POINT ( 'NONE',  ( 36.52261575746466349, 12.49999999999999112, 22.15003728967099050 ) ) ;
#4363 = EDGE_CURVE ( 'NONE', #3631, #3578, #1461, .T. ) ;
#4364 = AXIS2_PLACEMENT_3D ( 'NONE', #3313, #2450, #1348 ) ;
#4365 = B_SPLINE_CURVE_WITH_KNOTS ( 'NONE', 3,
 ( #4754, #318, #2818, #416 ),
 .UNSPECIFIED., .F., .F.,
 ( 4, 4 ),
 ( 2.828450214518199862E-07, 0.005657187921401615749 ),
 .UNSPECIFIED. ) ;
#4366 = FACE_BOUND ( 'NONE', #4315, .T. ) ;
#4367 = DIRECTION ( 'NONE',  ( -1.032045771185431231E-14, 0.000000000000000000, 1.000000000000000000 ) ) ;
#4368 = EDGE_CURVE ( 'NONE', #4538, #1771, #1075, .T. ) ;
#4369 = EDGE_CURVE ( 'NONE', #654, #2153, #1957, .T. ) ;
#4370 = ORIENTED_EDGE ( 'NONE', *, *, #3532, .F. ) ;
#4371 = VECTOR ( 'NONE', #3554, 1000.000000000000000 ) ;
#4372 = CIRCLE ( 'NONE', #4200, 2.000000000000001776 ) ;
#4373 = ORIENTED_EDGE ( 'NONE', *, *, #353, .T. ) ;
#4374 = CARTESIAN_POINT ( 'NONE',  ( 0.000000000000000000, 9.999999999999989342, 0.000000000000000000 ) ) ;
#4375 = CARTESIAN_POINT ( 'NONE',  ( 40.12265297808743725, -9.999999999999989342, -39.76909958749346430 ) ) ;
#4376 = EDGE_CURVE ( 'NONE', #921, #1506, #3439, .T. ) ;
#4377 = CARTESIAN_POINT ( 'NONE',  ( 21.95680324558047758, 9.999999999999989342, -39.94446206922808784 ) ) ;
#4378 = EDGE_CURVE ( 'NONE', #3047, #3871, #3501, .T. ) ;
#4379 = EDGE_CURVE ( 'NONE', #1691, #4430, #4804, .T. ) ;
#4380 = VECTOR ( 'NONE', #4057, 1000.000000000000000 ) ;
#4381 = AXIS2_PLACEMENT_3D ( 'NONE', #3228, #1222, #1687 ) ;
#4382 = VERTEX_POINT ( 'NONE', #3472 ) ;
#4383 = CARTESIAN_POINT ( 'NONE',  ( 39.94446206922806653, -9.999999999999989342, -19.29537254914644251 ) ) ;
#4384 = VECTOR ( 'NONE', #3654, 1000.000000000000000 ) ;
#4385 = AXIS2_PLACEMENT_3D ( 'NONE', #4182, #1840, #2227 ) ;
#4386 = DIRECTION ( 'NONE',  ( 0.000000000000000000, 1.000000000000000000, 0.000000000000000000 ) ) ;
#4387 = CARTESIAN_POINT ( 'NONE',  ( -38.94446206922804521, -6.000000000000000000, -7.961870015169680848 ) ) ;
#4388 = EDGE_LOOP ( 'NONE', ( #1345, #367, #2961, #898 ) ) ;
#4389 = ORIENTED_EDGE ( 'NONE', *, *, #122, .F. ) ;
#4390 = CARTESIAN_POINT ( 'NONE',  ( -11.73790368384075578, 8.999999999999991118, -11.59618976685348635 ) ) ;
#4391 = CARTESIAN_POINT ( 'NONE',  ( 14.57405087252043430, 12.49999999999999112, 7.736086941418536256 ) ) ;
#4392 = ORIENTED_EDGE ( 'NONE', *, *, #1093, .T. ) ;
#4393 = CARTESIAN_POINT ( 'NONE',  ( -34.78901994710675893, 12.49999999999999112, -24.78406150777209049 ) ) ;
#4394 = CIRCLE ( 'NONE', #3639, 4.000000000000000000 ) ;
#4395 = VECTOR ( 'NONE', #564, 1000.000000000000000 ) ;
#4396 = CIRCLE ( 'NONE', #2142, 16.50000000000000000 ) ;
#4397 = CARTESIAN_POINT ( 'NONE',  ( 0.000000000000000000, 9.999999999999989342, 0.000000000000000000 ) ) ;
#4398 = B_SPLINE_CURVE_WITH_KNOTS ( 'NONE', 3,
 ( #485, #2080, #1812, #1023 ),
 .UNSPECIFIED., .F., .F.,
 ( 4, 4 ),
 ( 1.664805208474467594E-06, 0.01260111367849633436 ),
 .UNSPECIFIED. ) ;
#4399 = EDGE_CURVE ( 'NONE', #3433, #991, #2296, .T. ) ;
#4400 = CARTESIAN_POINT ( 'NONE',  ( 0.000000000000000000, -12.49999999999999112, 0.000000000000000000 ) ) ;
#4401 = ORIENTED_EDGE ( 'NONE', *, *, #738, .T. ) ;
#4402 = VECTOR ( 'NONE', #4426, 1000.000000000000114 ) ;
#4403 = DIRECTION ( 'NONE',  ( 0.000000000000000000, 0.000000000000000000, -1.000000000000000000 ) ) ;
#4404 = CARTESIAN_POINT ( 'NONE',  ( -39.94446206922808074, -9.999999999999989342, 43.75000000000000000 ) ) ;
#4405 = DIRECTION ( 'NONE',  ( 0.000000000000000000, 1.000000000000000000, 0.000000000000000000 ) ) ;
#4406 = AXIS2_PLACEMENT_3D ( 'NONE', #766, #3556, #4288 ) ;
#4407 = DIRECTION ( 'NONE',  ( -0.7071067811865475727, 0.000000000000000000, -0.7071067811865475727 ) ) ;
#4408 = ADVANCED_FACE ( 'NONE', ( #281 ), #966, .F. ) ;
#4409 = ORIENTED_EDGE ( 'NONE', *, *, #4966, .T. ) ;
#4410 = DIRECTION ( 'NONE',  ( 0.000000000000000000, -1.000000000000000000, -0.000000000000000000 ) ) ;
#4411 = EDGE_CURVE ( 'NONE', #331, #417, #5117, .T. ) ;
#4412 = CARTESIAN_POINT ( 'NONE',  ( -38.94446206922808074, -8.751930796953100611, 1.510247782104064740 ) ) ;
#4413 = CARTESIAN_POINT ( 'NONE',  ( 0.000000000000000000, 12.49999999999999112, 0.000000000000000000 ) ) ;
#4414 = ORIENTED_EDGE ( 'NONE', *, *, #3669, .F. ) ;
#4415 = ORIENTED_EDGE ( 'NONE', *, *, #5051, .F. ) ;
#4416 = FACE_OUTER_BOUND ( 'NONE', #1152, .T. ) ;
#4417 = CARTESIAN_POINT ( 'NONE',  ( 38.94446206922827969, 9.999999999999989342, -19.93467767831824489 ) ) ;
#4418 = ORIENTED_EDGE ( 'NONE', *, *, #4284, .T. ) ;
#4419 = DIRECTION ( 'NONE',  ( 0.7071067811865487940, -0.000000000000000000, 0.7071067811865463515 ) ) ;
#4420 = LINE ( 'NONE', #2795, #315 ) ;
#4421 = CARTESIAN_POINT ( 'NONE',  ( 23.65942147863196610, -13.00000000000001776, -38.94446206922808074 ) ) ;
#4422 = ORIENTED_EDGE ( 'NONE', *, *, #25, .F. ) ;
#4423 = EDGE_CURVE ( 'NONE', #4137, #2682, #2346, .T. ) ;
#4424 = ORIENTED_EDGE ( 'NONE', *, *, #2181, .F. ) ;
#4425 = DIRECTION ( 'NONE',  ( 0.000000000000000000, 1.000000000000000000, 0.000000000000000000 ) ) ;
#4426 = DIRECTION ( 'NONE',  ( -0.9034118677180114076, 0.000000000000000000, 0.4287738299689642374 ) ) ;
#4427 = ORIENTED_EDGE ( 'NONE', *, *, #4078, .T. ) ;
#4428 = CARTESIAN_POINT ( 'NONE',  ( 38.94446206922821574, 11.41693772395862183, -14.72880613752428935 ) ) ;
#4429 = EDGE_CURVE ( 'NONE', #3620, #1947, #2661, .T. ) ;
#4430 = VERTEX_POINT ( 'NONE', #1542 ) ;
#4431 = CARTESIAN_POINT ( 'NONE',  ( -28.28371534040707047, 0.000000000000000000, -27.93016194981370859 ) ) ;
#4432 = DIRECTION ( 'NONE',  ( 0.000000000000000000, 0.000000000000000000, -1.000000000000000000 ) ) ;
#4433 = CARTESIAN_POINT ( 'NONE',  ( -38.94446206922800258, -9.999999999999989342, -19.93467767831877424 ) ) ;
#4434 = CARTESIAN_POINT ( 'NONE',  ( -38.94446206922822284, -9.999999999999989342, 43.74999999999986500 ) ) ;
#4435 = EDGE_CURVE ( 'NONE', #5087, #857, #1883, .T. ) ;
#4436 = ORIENTED_EDGE ( 'NONE', *, *, #2634, .T. ) ;
#4437 = ORIENTED_EDGE ( 'NONE', *, *, #4435, .F. ) ;
#4438 = LINE ( 'NONE', #3154, #1477 ) ;
#4439 = CARTESIAN_POINT ( 'NONE',  ( -2.181702514088717617E-15, 8.729995975160770527, 38.94446206922807363 ) ) ;
#4440 = ORIENTED_EDGE ( 'NONE', *, *, #3787, .T. ) ;
#4441 = CARTESIAN_POINT ( 'NONE',  ( -33.79105035276877089, 11.33320390135035183, -24.17396423756930446 ) ) ;
#4442 = PLANE ( 'NONE',  #4323 ) ;
#4443 = LINE ( 'NONE', #75, #4380 ) ;
#4444 = ORIENTED_EDGE ( 'NONE', *, *, #3469, .T. ) ;
#4445 = AXIS2_PLACEMENT_3D ( 'NONE', #2685, #2399, #356 ) ;
#4446 = PLANE ( 'NONE',  #4703 ) ;
#4447 = CARTESIAN_POINT ( 'NONE',  ( -36.44446206922806653, 9.999999999999987566, 36.44446206922807363 ) ) ;
#4448 = CARTESIAN_POINT ( 'NONE',  ( 23.65942147863196610, -13.00000000000001776, -38.94446206922808074 ) ) ;
#4449 = VERTEX_POINT ( 'NONE', #4258 ) ;
#4450 = DIRECTION ( 'NONE',  ( -0.000000000000000000, -1.000000000000000000, -0.000000000000000000 ) ) ;
#4451 = VECTOR ( 'NONE', #947, 1000.000000000000000 ) ;
#4452 = ORIENTED_EDGE ( 'NONE', *, *, #1160, .F. ) ;
#4453 = FACE_OUTER_BOUND ( 'NONE', #1714, .T. ) ;
#4454 = CARTESIAN_POINT ( 'NONE',  ( -38.94446206922802389, -11.92670713091501433, -16.15012536722753467 ) ) ;
#4455 = CARTESIAN_POINT ( 'NONE',  ( -23.12806366154023863, 9.999999999999989342, 54.72695169864640263 ) ) ;
#4456 = EDGE_CURVE ( 'NONE', #3614, #3582, #5096, .T. ) ;
#4457 = CARTESIAN_POINT ( 'NONE',  ( -38.94446206922799547, -13.00000000000001776, -23.65942147863210110 ) ) ;
#4458 = EDGE_LOOP ( 'NONE', ( #4471, #1761, #3922, #2121, #2137, #1168, #2622, #1263, #191, #4144, #3107, #1546, #1774, #2047, #3732, #1648 ) ) ;
#4459 = VECTOR ( 'NONE', #85, 1000.000000000000000 ) ;
#4460 = AXIS2_PLACEMENT_3D ( 'NONE', #2364, #4350, #4300 ) ;
#4461 = EDGE_LOOP ( 'NONE', ( #1051, #2766, #4716, #691 ) ) ;
#4462 = DIRECTION ( 'NONE',  ( 0.000000000000000000, 0.000000000000000000, 1.000000000000000000 ) ) ;
#4463 = DIRECTION ( 'NONE',  ( 0.000000000000000000, 0.000000000000000000, 1.000000000000000000 ) ) ;
#4464 = ORIENTED_EDGE ( 'NONE', *, *, #1470, .T. ) ;
#4465 = CARTESIAN_POINT ( 'NONE',  ( 38.94446206922783205, 9.999999999999989342, 23.65942147863237821 ) ) ;
#4466 = AXIS2_PLACEMENT_3D ( 'NONE', #1664, #4450, #528 ) ;
#4467 = EDGE_CURVE ( 'NONE', #760, #4924, #1058, .T. ) ;
#4468 = LINE ( 'NONE', #4931, #3823 ) ;
#4469 = ADVANCED_FACE ( 'NONE', ( #5065, #4647, #3073, #4674, #3125, #1099, #1518, #4726, #3096, #4699 ), #1124, .F. ) ;
#4470 = CARTESIAN_POINT ( 'NONE',  ( -38.94446206922814468, -9.999999999999989342, 19.93467767831851845 ) ) ;
#4471 = ORIENTED_EDGE ( 'NONE', *, *, #3558, .T. ) ;
#4472 = AXIS2_PLACEMENT_3D ( 'NONE', #4413, #4019, #4042 ) ;
#4473 = VECTOR ( 'NONE', #1326, 1000.000000000000000 ) ;
#4474 = VECTOR ( 'NONE', #1872, 1000.000000000000114 ) ;
#4475 = ORIENTED_EDGE ( 'NONE', *, *, #4103, .F. ) ;
#4476 = DIRECTION ( 'NONE',  ( 0.000000000000000000, 0.000000000000000000, -1.000000000000000000 ) ) ;
#4477 = CARTESIAN_POINT ( 'NONE',  ( 0.000000000000000000, 8.999999999999991118, 0.000000000000000000 ) ) ;
#4478 = ORIENTED_EDGE ( 'NONE', *, *, #1246, .T. ) ;
#4479 = CARTESIAN_POINT ( 'NONE',  ( 38.94446206922810916, 8.731568212001215912, -3.044739555767677075 ) ) ;
#4480 = CIRCLE ( 'NONE', #475, 39.75000000000000000 ) ;
#4481 = AXIS2_PLACEMENT_3D ( 'NONE', #3158, #2666, #365 ) ;
#4482 = ORIENTED_EDGE ( 'NONE', *, *, #3159, .T. ) ;
#4483 = DIRECTION ( 'NONE',  ( -0.000000000000000000, -1.000000000000000000, -0.000000000000000000 ) ) ;
#4484 = CARTESIAN_POINT ( 'NONE',  ( 38.94446206922783205, -9.999999999999989342, 23.65942147863237821 ) ) ;
#4485 = CARTESIAN_POINT ( 'NONE',  ( 36.44446206922794573, -13.00000000000001776, 36.44446206922818732 ) ) ;
#4486 = AXIS2_PLACEMENT_3D ( 'NONE', #658, #320, #259 ) ;
#4487 = EDGE_LOOP ( 'NONE', ( #1495, #3153 ) ) ;
#4488 = EDGE_CURVE ( 'NONE', #1238, #2283, #4394, .T. ) ;
#4489 = EDGE_LOOP ( 'NONE', ( #3314, #4650 ) ) ;
#4490 = CARTESIAN_POINT ( 'NONE',  ( -38.94446206922811626, 10.47005155120078079, 11.84976713331309739 ) ) ;
#4491 = DIRECTION ( 'NONE',  ( 0.9034118677180114076, 0.000000000000000000, -0.4287738299689642374 ) ) ;
#4492 = ORIENTED_EDGE ( 'NONE', *, *, #3934, .T. ) ;
#4493 = DIRECTION ( 'NONE',  ( 0.000000000000000000, 1.000000000000000000, 0.000000000000000000 ) ) ;
#4494 = CARTESIAN_POINT ( 'NONE',  ( -1.453886127284589018E-14, -9.999999999999989342, -39.94446206922808074 ) ) ;
#4495 = LINE ( 'NONE', #3182, #2318 ) ;
#4496 = CARTESIAN_POINT ( 'NONE',  ( -14.54650875072889882, 8.999999999999991118, -7.787752125290557714 ) ) ;
#4497 = ORIENTED_EDGE ( 'NONE', *, *, #141, .T. ) ;
#4498 = CARTESIAN_POINT ( 'NONE',  ( 34.87674354919337105, 8.999999999999991118, 24.66046173746591919 ) ) ;
#4499 = FACE_OUTER_BOUND ( 'NONE', #4814, .T. ) ;
#4500 = PLANE ( 'NONE',  #3911 ) ;
#4501 = DIRECTION ( 'NONE',  ( -0.000000000000000000, -1.000000000000000000, -0.000000000000000000 ) ) ;
#4502 = EDGE_CURVE ( 'NONE', #243, #2094, #432, .T. ) ;
#4503 = ORIENTED_EDGE ( 'NONE', *, *, #4026, .F. ) ;
#4504 = CARTESIAN_POINT ( 'NONE',  ( -38.94446206922810916, -9.419827888013440287, 7.498849234884456649 ) ) ;
#4505 = PLANE ( 'NONE',  #3560 ) ;
#4506 = DIRECTION ( 'NONE',  ( 0.000000000000000000, 0.000000000000000000, -1.000000000000000000 ) ) ;
#4507 = ORIENTED_EDGE ( 'NONE', *, *, #3483, .F. ) ;
#4508 = ORIENTED_EDGE ( 'NONE', *, *, #4054, .T. ) ;
#4509 = CARTESIAN_POINT ( 'NONE',  ( 38.94446206922786757, -9.999999999999989342, 19.93467767831904780 ) ) ;
#4510 = CARTESIAN_POINT ( 'NONE',  ( -14.71935677623684846, -11.39659281792751955, 38.94446206922808074 ) ) ;
#4511 = ORIENTED_EDGE ( 'NONE', *, *, #2926, .T. ) ;
#4512 = DIRECTION ( 'NONE',  ( 0.000000000000000000, 1.000000000000000000, 0.000000000000000000 ) ) ;
#4513 = CARTESIAN_POINT ( 'NONE',  ( 0.000000000000000000, -6.000000000000000000, 0.000000000000000000 ) ) ;
#4514 = CARTESIAN_POINT ( 'NONE',  ( 34.11790219225099463, 9.999999999999989342, -34.47145558284414335 ) ) ;
#4515 = LINE ( 'NONE', #2999, #955 ) ;
#4516 = ORIENTED_EDGE ( 'NONE', *, *, #3045, .F. ) ;
#4517 = EDGE_CURVE ( 'NONE', #4164, #1956, #4223, .T. ) ;
#4518 = EDGE_CURVE ( 'NONE', #1506, #1679, #1676, .T. ) ;
#4519 = EDGE_CURVE ( 'NONE', #4099, #844, #460, .T. ) ;
#4520 = VERTEX_POINT ( 'NONE', #832 ) ;
#4521 = CARTESIAN_POINT ( 'NONE',  ( 34.87674354919337105, 12.49999999999999112, 24.66046173746591919 ) ) ;
#4522 = DIRECTION ( 'NONE',  ( 1.032045771185431231E-14, 0.000000000000000000, -1.000000000000000000 ) ) ;
#4523 = ORIENTED_EDGE ( 'NONE', *, *, #2347, .T. ) ;
#4524 = CARTESIAN_POINT ( 'NONE',  ( 13.17326873544267229, 8.999999999999991118, -11.47671515825885891 ) ) ;
#4525 = VECTOR ( 'NONE', #311, 1000.000000000000114 ) ;
#4526 = ORIENTED_EDGE ( 'NONE', *, *, #4435, .T. ) ;
#4527 = EDGE_CURVE ( 'NONE', #5177, #604, #1475, .T. ) ;
#4528 = EDGE_CURVE ( 'NONE', #3588, #243, #2008, .T. ) ;
#4529 = CARTESIAN_POINT ( 'NONE',  ( 0.000000000000000000, 9.999999999999989342, 43.75000000000000000 ) ) ;
#4530 = CARTESIAN_POINT ( 'NONE',  ( -34.11790219225098753, -9.999999999999989342, -34.47145558284415046 ) ) ;
#4531 = EDGE_CURVE ( 'NONE', #2315, #1670, #1382, .T. ) ;
#4532 = DIRECTION ( 'NONE',  ( -0.5064405351448946213, 0.000000000000000000, 0.8622748890940480360 ) ) ;
#4533 = VERTEX_POINT ( 'NONE', #4356 ) ;
#4534 = ORIENTED_EDGE ( 'NONE', *, *, #3831, .T. ) ;
#4535 = CARTESIAN_POINT ( 'NONE',  ( 57.02200823561584997, -9.999999999999989342, 16.68643604055709062 ) ) ;
#4536 = AXIS2_PLACEMENT_3D ( 'NONE', #3938, #1110, #5082 ) ;
#4537 = CARTESIAN_POINT ( 'NONE',  ( -39.94446206922808074, -9.999999999999989342, 19.29537254914642830 ) ) ;
#4538 = VERTEX_POINT ( 'NONE', #806 ) ;
#4539 = DIRECTION ( 'NONE',  ( -3.337495034168044811E-15, 0.000000000000000000, 1.000000000000000000 ) ) ;
#4540 = VECTOR ( 'NONE', #4656, 1000.000000000000114 ) ;
#4541 = ORIENTED_EDGE ( 'NONE', *, *, #4192, .F. ) ;
#4542 = CARTESIAN_POINT ( 'NONE',  ( -34.47145558284451994, 9.999999999999989342, 34.11790219225063225 ) ) ;
#4543 = DIRECTION ( 'NONE',  ( 0.000000000000000000, 0.000000000000000000, -1.000000000000000000 ) ) ;
#4544 = AXIS2_PLACEMENT_3D ( 'NONE', #2625, #1424, #565 ) ;
#4545 = VECTOR ( 'NONE', #945, 1000.000000000000114 ) ;
#4546 = LINE ( 'NONE', #2506, #2042 ) ;
#4547 = ORIENTED_EDGE ( 'NONE', *, *, #522, .F. ) ;
#4548 = LOCAL_TIME ( 13, 3, 5.000000000000000000, #1393 ) ;
#4549 = CARTESIAN_POINT ( 'NONE',  ( 38.94446206922762599, 9.999999999999989342, 43.75000000000039790 ) ) ;
#4550 = CYLINDRICAL_SURFACE ( 'NONE', #3711, 2.000000000000001776 ) ;
#4551 = DIRECTION ( 'NONE',  ( 0.000000000000000000, 0.000000000000000000, -1.000000000000000000 ) ) ;
#4552 = ORIENTED_EDGE ( 'NONE', *, *, #255, .T. ) ;
#4553 = CONICAL_SURFACE ( 'NONE', #2139, 43.75000000000000000, 0.7853981633974491672 ) ;
#4554 = CARTESIAN_POINT ( 'NONE',  ( -28.28371534040727298, 6.000000000000000000, 27.93016194981350964 ) ) ;
#4555 = VECTOR ( 'NONE', #3570, 1000.000000000000114 ) ;
#4556 = ORIENTED_EDGE ( 'NONE', *, *, #3334, .T. ) ;
#4557 = DIRECTION ( 'NONE',  ( 0.000000000000000000, -1.000000000000000000, 0.000000000000000000 ) ) ;
#4558 = CYLINDRICAL_SURFACE ( 'NONE', #3473, 1.000000000000000888 ) ;
#4559 = VECTOR ( 'NONE', #491, 1000.000000000000000 ) ;
#4560 = DIRECTION ( 'NONE',  ( 0.000000000000000000, 1.000000000000000000, 0.000000000000000000 ) ) ;
#4561 = AXIS2_PLACEMENT_3D ( 'NONE', #3291, #5181, #420 ) ;
#4562 = ORIENTED_EDGE ( 'NONE', *, *, #1246, .F. ) ;
#4563 = EDGE_CURVE ( 'NONE', #5039, #3525, #2051, .T. ) ;
#4564 = ORIENTED_EDGE ( 'NONE', *, *, #4369, .F. ) ;
#4565 = LINE ( 'NONE', #935, #4559 ) ;
#4566 = CARTESIAN_POINT ( 'NONE',  ( -28.28371534040707047, 6.000000000000000000, -27.93016194981370859 ) ) ;
#4567 = ORIENTED_EDGE ( 'NONE', *, *, #560, .T. ) ;
#4568 = DIRECTION ( 'NONE',  ( 0.000000000000000000, 0.000000000000000000, -1.000000000000000000 ) ) ;
#4569 = VECTOR ( 'NONE', #3257, 1000.000000000000000 ) ;
#4570 = ADVANCED_FACE ( 'NONE', ( #38 ), #1974, .T. ) ;
#4571 = ORIENTED_EDGE ( 'NONE', *, *, #4998, .F. ) ;
#4572 = LINE ( 'NONE', #2893, #448 ) ;
#4573 = CARTESIAN_POINT ( 'NONE',  ( -6.610734650314263242E-16, -9.999999999999989342, 39.94446206922808074 ) ) ;
#4574 = DIRECTION ( 'NONE',  ( 0.000000000000000000, 0.000000000000000000, -1.000000000000000000 ) ) ;
#4575 = VERTEX_POINT ( 'NONE', #3973 ) ;
#4576 = DIRECTION ( 'NONE',  ( -0.000000000000000000, 0.000000000000000000, 1.000000000000000000 ) ) ;
#4577 = DIRECTION ( 'NONE',  ( 0.000000000000000000, 0.000000000000000000, -1.000000000000000000 ) ) ;
#4578 = APPLICATION_PROTOCOL_DEFINITION ( 'international standard', 'config_control_design', 1994, #4339 ) ;
#4579 = ORIENTED_EDGE ( 'NONE', *, *, #2478, .F. ) ;
#4580 = CARTESIAN_POINT ( 'NONE',  ( 38.94446206922783205, -13.00000000000001776, 23.65942147863237821 ) ) ;
#4581 = EDGE_CURVE ( 'NONE', #2549, #3262, #388, .T. ) ;
#4582 = ORIENTED_EDGE ( 'NONE', *, *, #3900, .T. ) ;
#4583 = B_SPLINE_CURVE_WITH_KNOTS ( 'NONE', 3,
 ( #3266, #2900, #451, #2873 ),
 .UNSPECIFIED., .F., .F.,
 ( 4, 4 ),
 ( 2.828450214554998150E-07, 0.005657187921401617484 ),
 .UNSPECIFIED. ) ;
#4584 = PLANE ( 'NONE',  #2292 ) ;
#4585 = DIRECTION ( 'NONE',  ( -0.5064405351448945103, 0.000000000000000000, 0.8622748890940480360 ) ) ;
#4586 = LINE ( 'NONE', #3037, #3462 ) ;
#4587 = EDGE_CURVE ( 'NONE', #676, #377, #1985, .T. ) ;
#4588 = VERTEX_POINT ( 'NONE', #4797 ) ;
#4589 = ORIENTED_EDGE ( 'NONE', *, *, #3738, .T. ) ;
#4590 = CARTESIAN_POINT ( 'NONE',  ( 36.44446206922806653, -13.00000000000001776, -36.44446206922807363 ) ) ;
#4591 = EDGE_CURVE ( 'NONE', #2987, #1528, #2472, .T. ) ;
#4592 = DIRECTION ( 'NONE',  ( 1.000000000000000000, 0.000000000000000000, -1.539863046750886426E-16 ) ) ;
#4593 = ORIENTED_EDGE ( 'NONE', *, *, #2394, .T. ) ;
#4594 = CARTESIAN_POINT ( 'NONE',  ( -7.961870015169545844, 6.000000000000000000, 38.94446206922807363 ) ) ;
#4595 = ORIENTED_EDGE ( 'NONE', *, *, #4784, .F. ) ;
#4596 = CARTESIAN_POINT ( 'NONE',  ( 30.75863990121943914, -9.999999999999989342, 31.11219329181263404 ) ) ;
#4597 = CARTESIAN_POINT ( 'NONE',  ( 16.03156396492905600, 8.355473816029784118, 38.94446206922806653 ) ) ;
#4598 = DIRECTION ( 'NONE',  ( -0.000000000000000000, 1.000000000000000000, 0.000000000000000000 ) ) ;
#4599 = EDGE_CURVE ( 'NONE', #5124, #2931, #5053, .T. ) ;
#4600 = DIRECTION ( 'NONE',  ( 0.000000000000000000, 1.000000000000000000, 0.000000000000000000 ) ) ;
#4601 = ORIENTED_EDGE ( 'NONE', *, *, #3608, .F. ) ;
#4602 = DIRECTION ( 'NONE',  ( -1.000000000000000000, 0.000000000000000000, -1.047444401652940007E-14 ) ) ;
#4603 = ORIENTED_EDGE ( 'NONE', *, *, #4399, .F. ) ;
#4604 = LINE ( 'NONE', #179, #4545 ) ;
#4605 = ORIENTED_EDGE ( 'NONE', *, *, #1091, .F. ) ;
#4606 = CARTESIAN_POINT ( 'NONE',  ( -38.94446206922800258, 9.999999999999989342, -19.93467767831877424 ) ) ;
#4607 = ORIENTED_EDGE ( 'NONE', *, *, #205, .F. ) ;
#4608 = CARTESIAN_POINT ( 'NONE',  ( 10.39646799429292123, -10.06864341760542025, -38.94446206922808074 ) ) ;
#4609 = CARTESIAN_POINT ( 'NONE',  ( -36.44446206922806653, -13.00000000000001776, 36.44446206922807363 ) ) ;
#4610 = CARTESIAN_POINT ( 'NONE',  ( 4.779665783663999953E-15, -8.729995975160813160, 38.94446206922807363 ) ) ;
#4611 = ORIENTED_EDGE ( 'NONE', *, *, #5148, .F. ) ;
#4612 = ORIENTED_EDGE ( 'NONE', *, *, #1539, .T. ) ;
#4613 = CARTESIAN_POINT ( 'NONE',  ( -38.94446206922801679, 12.49999999999999112, -17.54578262260428900 ) ) ;
#4614 = EDGE_CURVE ( 'NONE', #2632, #873, #5168, .T. ) ;
#4615 = DIRECTION ( 'NONE',  ( 0.000000000000000000, 1.000000000000000000, 0.000000000000000000 ) ) ;
#4616 = VERTEX_POINT ( 'NONE', #3174 ) ;
#4617 = CARTESIAN_POINT ( 'NONE',  ( 10.00754982767941748, -6.409746836726043284, -38.94446206922808784 ) ) ;
#4618 = CIRCLE ( 'NONE', #1282, 1.000000000000000888 ) ;
#4619 = VECTOR ( 'NONE', #610, 1000.000000000000000 ) ;
#4620 = ORIENTED_EDGE ( 'NONE', *, *, #59, .T. ) ;
#4621 = LINE ( 'NONE', #317, #4707 ) ;
#4622 = CARTESIAN_POINT ( 'NONE',  ( 21.95680324558044205, -13.00000000000001776, -39.94446206922808074 ) ) ;
#4623 = CARTESIAN_POINT ( 'NONE',  ( 31.11219329181271931, -9.999999999999989342, 30.75863990121935387 ) ) ;
#4624 = DIRECTION ( 'NONE',  ( -1.000000000000000000, 0.000000000000000000, 1.539863046750886426E-16 ) ) ;
#4625 = VERTEX_POINT ( 'NONE', #4771 ) ;
#4626 = VECTOR ( 'NONE', #2148, 1000.000000000000000 ) ;
#4627 = ADVANCED_FACE ( 'NONE', ( #1612 ), #2441, .F. ) ;
#4628 = EDGE_CURVE ( 'NONE', #4838, #67, #2929, .T. ) ;
#4629 = AXIS2_PLACEMENT_3D ( 'NONE', #4839, #4501, #3674 ) ;
#4630 = EDGE_CURVE ( 'NONE', #2686, #1663, #1401, .T. ) ;
#4631 = CIRCLE ( 'NONE', #1631, 2.000000000000001776 ) ;
#4632 = CARTESIAN_POINT ( 'NONE',  ( -38.94446206922801679, 12.49999999999999112, -17.54578262260428900 ) ) ;
#4633 = CARTESIAN_POINT ( 'NONE',  ( 38.94446206922783205, -13.00000000000001776, 23.65942147863237821 ) ) ;
#4634 = DATE_AND_TIME ( #1418, #3893 ) ;
#4635 = ORIENTED_EDGE ( 'NONE', *, *, #4216, .F. ) ;
#4636 = CARTESIAN_POINT ( 'NONE',  ( 39.94446206922827969, -13.00000000000001776, -19.29537254914599487 ) ) ;
#4637 = VERTEX_POINT ( 'NONE', #4977 ) ;
#4638 = CARTESIAN_POINT ( 'NONE',  ( -1.034469489119402182E-17, -8.729995975160813160, -38.94446206922807363 ) ) ;
#4639 = CARTESIAN_POINT ( 'NONE',  ( -38.94446206922814468, -9.999999999999989342, 21.40233851715652236 ) ) ;
#4640 = DIRECTION ( 'NONE',  ( -0.000000000000000000, -1.000000000000000000, -0.000000000000000000 ) ) ;
#4641 = VECTOR ( 'NONE', #2880, 1000.000000000000000 ) ;
#4642 = ORIENTED_EDGE ( 'NONE', *, *, #4599, .F. ) ;
#4643 = ORIENTED_EDGE ( 'NONE', *, *, #3145, .T. ) ;
#4644 = DIRECTION ( 'NONE',  ( 0.000000000000000000, 1.000000000000000000, 0.000000000000000000 ) ) ;
#4645 = CARTESIAN_POINT ( 'NONE',  ( 13.01141513073362077, 8.999999999999991118, 11.39969632471480665 ) ) ;
#4646 = EDGE_LOOP ( 'NONE', ( #1433, #4541 ) ) ;
#4647 = FACE_BOUND ( 'NONE', #3077, .T. ) ;
#4648 = AXIS2_PLACEMENT_3D ( 'NONE', #768, #3688, #2505 ) ;
#4649 = EDGE_CURVE ( 'NONE', #2153, #3552, #1716, .T. ) ;
#4650 = ORIENTED_EDGE ( 'NONE', *, *, #626, .F. ) ;
#4651 = PLANE ( 'NONE',  #129 ) ;
#4652 = CARTESIAN_POINT ( 'NONE',  ( 7.509723583794007951, 9.421907730809399695, -38.94446206922808784 ) ) ;
#4653 = EDGE_LOOP ( 'NONE', ( #3551, #2885, #2577, #840 ) ) ;
#4654 = AXIS2_PLACEMENT_3D ( 'NONE', #1199, #890, #788 ) ;
#4655 = LINE ( 'NONE', #4733, #319 ) ;
#4656 = DIRECTION ( 'NONE',  ( -0.7071067811865401342, 0.000000000000000000, -0.7071067811865550112 ) ) ;
#4657 = B_SPLINE_CURVE_WITH_KNOTS ( 'NONE', 3,
 ( #3048, #2744, #1547, #4261 ),
 .UNSPECIFIED., .F., .F.,
 ( 4, 4 ),
 ( 0.04301914602237144614, 0.04821025478125030850 ),
 .UNSPECIFIED. ) ;
#4658 = DIRECTION ( 'NONE',  ( -0.000000000000000000, -1.000000000000000000, -0.000000000000000000 ) ) ;
#4659 = CARTESIAN_POINT ( 'NONE',  ( -11.73790368384075578, 12.49999999999999112, -11.59618976685348635 ) ) ;
#4660 = EDGE_CURVE ( 'NONE', #3822, #1572, #2877, .T. ) ;
#4661 = APPROVAL_ROLE ( '' ) ;
#4662 = ADVANCED_FACE ( 'NONE', ( #3728 ), #4558, .F. ) ;
#4663 = ORIENTED_EDGE ( 'NONE', *, *, #595, .T. ) ;
#4664 = LINE ( 'NONE', #722, #4119 ) ;
#4665 = ORIENTED_EDGE ( 'NONE', *, *, #4696, .T. ) ;
#4666 = CARTESIAN_POINT ( 'NONE',  ( 0.000000000000000000, -12.49999999999999112, 42.71446609406726935 ) ) ;
#4667 = DIRECTION ( 'NONE',  ( -0.000000000000000000, -1.000000000000000000, -0.000000000000000000 ) ) ;
#4668 = FACE_OUTER_BOUND ( 'NONE', #4226, .T. ) ;
#4669 = EDGE_LOOP ( 'NONE', ( #967, #3866, #5132, #413, #4643, #1365, #4607 ) ) ;
#4670 = ORIENTED_EDGE ( 'NONE', *, *, #4015, .F. ) ;
#4671 = CARTESIAN_POINT ( 'NONE',  ( -14.74279297122547128, 11.34861847487003850, 38.94446206922810205 ) ) ;
#4672 = DIRECTION ( 'NONE',  ( -0.000000000000000000, -1.000000000000000000, -0.000000000000000000 ) ) ;
#4673 = ORIENTED_EDGE ( 'NONE', *, *, #5038, .F. ) ;
#4674 = FACE_BOUND ( 'NONE', #977, .T. ) ;
#4675 = ORIENTED_EDGE ( 'NONE', *, *, #239, .T. ) ;
#4676 = CARTESIAN_POINT ( 'NONE',  ( -38.94446206922799547, -9.999999999999989342, -23.65942147863210110 ) ) ;
#4677 = CARTESIAN_POINT ( 'NONE',  ( 11.89051374155037699, 10.40518021378315794, -38.94446206922808784 ) ) ;
#4678 = CARTESIAN_POINT ( 'NONE',  ( 39.94446206922806653, -9.999999999999989342, 43.75000000000000000 ) ) ;
#4679 = CARTESIAN_POINT ( 'NONE',  ( 0.000000000000000000, -30.21446609406708461, 0.000000000000000000 ) ) ;
#4680 = CARTESIAN_POINT ( 'NONE',  ( 30.16936808251896096, 8.666665571327992978, -29.81581469192558842 ) ) ;
#4681 = EDGE_CURVE ( 'NONE', #275, #481, #107, .T. ) ;
#4682 = DIRECTION ( 'NONE',  ( 0.000000000000000000, 0.000000000000000000, -1.000000000000000000 ) ) ;
#4683 = DATE_AND_TIME ( #3083, #3464 ) ;
#4684 = EDGE_LOOP ( 'NONE', ( #762, #3825, #3975, #2734 ) ) ;
#4685 = CARTESIAN_POINT ( 'NONE',  ( -34.47145558284450573, 9.999999999999989342, 34.11790219225063225 ) ) ;
#4686 = ADVANCED_FACE ( 'NONE', ( #2906 ), #1294, .F. ) ;
#4687 = ORIENTED_EDGE ( 'NONE', *, *, #4714, .T. ) ;
#4688 = FACE_BOUND ( 'NONE', #3704, .T. ) ;
#4689 = CARTESIAN_POINT ( 'NONE',  ( 29.27417061612800353, 11.33320390135035360, -29.48285206082447019 ) ) ;
#4690 = DIRECTION ( 'NONE',  ( 0.000000000000000000, 1.000000000000000000, 0.000000000000000000 ) ) ;
#4691 = ORIENTED_EDGE ( 'NONE', *, *, #4208, .F. ) ;
#4692 = ADVANCED_FACE ( 'NONE', ( #1007 ), #4505, .F. ) ;
#4693 = EDGE_CURVE ( 'NONE', #3388, #1463, #931, .T. ) ;
#4694 = ORIENTED_EDGE ( 'NONE', *, *, #5084, .T. ) ;
#4695 = CARTESIAN_POINT ( 'NONE',  ( -17.54578262260413268, 12.49999999999999112, 38.94446206922808074 ) ) ;
#4696 = EDGE_CURVE ( 'NONE', #4999, #2348, #2518, .T. ) ;
#4697 = PLANE ( 'NONE',  #2937 ) ;
#4698 = ORIENTED_EDGE ( 'NONE', *, *, #2546, .T. ) ;
#4699 = FACE_OUTER_BOUND ( 'NONE', #1403, .T. ) ;
#4700 = AXIS2_PLACEMENT_3D ( 'NONE', #1829, #2162, #4592 ) ;
#4701 = VERTEX_POINT ( 'NONE', #4484 ) ;
#4702 = CYLINDRICAL_SURFACE ( 'NONE', #2392, 0.9999999999999991118 ) ;
#4703 = AXIS2_PLACEMENT_3D ( 'NONE', #4083, #870, #3670 ) ;
#4704 = CARTESIAN_POINT ( 'NONE',  ( 12.49285457467068383, 8.999999999999991118, 12.25473722999109505 ) ) ;
#4705 = FACE_OUTER_BOUND ( 'NONE', #26, .T. ) ;
#4706 = DIRECTION ( 'NONE',  ( -0.000000000000000000, -1.000000000000000000, -0.000000000000000000 ) ) ;
#4707 = VECTOR ( 'NONE', #3929, 1000.000000000000000 ) ;
#4708 = CARTESIAN_POINT ( 'NONE',  ( 29.22654217665574095, 7.333332127768784403, -28.87298878606236485 ) ) ;
#4709 = CONICAL_SURFACE ( 'NONE', #3116, 43.75000000000000000, 0.7853981633974491672 ) ;
#4710 = DIRECTION ( 'NONE',  ( 0.000000000000000000, 1.000000000000000000, 0.000000000000000000 ) ) ;
#4711 = ORIENTED_EDGE ( 'NONE', *, *, #4783, .T. ) ;
#4712 = CARTESIAN_POINT ( 'NONE',  ( -40.12265297808716724, 9.999999999999989342, 39.76909958749376273 ) ) ;
#4713 = VECTOR ( 'NONE', #5057, 1000.000000000000227 ) ;
#4714 = EDGE_CURVE ( 'NONE', #3961, #1095, #140, .T. ) ;
#4715 = AXIS2_PLACEMENT_3D ( 'NONE', #2001, #3242, #2073 ) ;
#4716 = ORIENTED_EDGE ( 'NONE', *, *, #1692, .F. ) ;
#4717 = LINE ( 'NONE', #774, #715 ) ;
#4718 = CARTESIAN_POINT ( 'NONE',  ( 0.000000000000000000, -12.49999999999999112, -42.71446609406726935 ) ) ;
#4719 = DIRECTION ( 'NONE',  ( 0.9034118677180114076, 0.000000000000000000, -0.4287738299689642374 ) ) ;
#4720 = CIRCLE ( 'NONE', #202, 16.50000000000000000 ) ;
#4721 = APPROVAL_PERSON_ORGANIZATION ( #2695, #2360, #1866 ) ;
#4722 = ORIENTED_EDGE ( 'NONE', *, *, #61, .F. ) ;
#4723 = CARTESIAN_POINT ( 'NONE',  ( 16.14374950211717064, -11.92408812256761230, 38.94446206922807363 ) ) ;
#4724 = CARTESIAN_POINT ( 'NONE',  ( 30.75863990121944980, -9.999999999999989342, -31.11219329181263049 ) ) ;
#4725 = ORIENTED_EDGE ( 'NONE', *, *, #4906, .T. ) ;
#4726 = FACE_BOUND ( 'NONE', #2115, .T. ) ;
#4727 = VECTOR ( 'NONE', #3550, 1000.000000000000000 ) ;
#4728 = VERTEX_POINT ( 'NONE', #2082 ) ;
#4729 = AXIS2_PLACEMENT_3D ( 'NONE', #3267, #1315, #2173 ) ;
#4730 = ORIENTED_EDGE ( 'NONE', *, *, #2234, .T. ) ;
#4731 = DIRECTION ( 'NONE',  ( 0.6568856380204534107, -0.000000000000000000, 0.7539902244475468196 ) ) ;
#4732 = DIRECTION ( 'NONE',  ( 0.4287738299689549115, -0.000000000000000000, 0.9034118677180158485 ) ) ;
#4733 = CARTESIAN_POINT ( 'NONE',  ( 42.18013982930517614, -9.999999999999989342, -28.06667514603780589 ) ) ;
#4734 = PLANE ( 'NONE',  #1203 ) ;
#4735 = AXIS2_PLACEMENT_3D ( 'NONE', #3977, #393, #1992 ) ;
#4736 = VECTOR ( 'NONE', #4880, 1000.000000000000000 ) ;
#4737 = CARTESIAN_POINT ( 'NONE',  ( 27.93016194981380806, 0.000000000000000000, -28.28371534040698876 ) ) ;
#4738 = CARTESIAN_POINT ( 'NONE',  ( 38.94446206922791021, -7.986030918081031160, 15.03708780355010610 ) ) ;
#4739 = VERTEX_POINT ( 'NONE', #4139 ) ;
#4740 = CIRCLE ( 'NONE', #4892, 39.75000000000000000 ) ;
#4741 = ORIENTED_EDGE ( 'NONE', *, *, #2398, .T. ) ;
#4742 = DIRECTION ( 'NONE',  ( 0.000000000000000000, 0.000000000000000000, 1.000000000000000000 ) ) ;
#4743 = LINE ( 'NONE', #1950, #4402 ) ;
#4744 = PLANE ( 'NONE',  #3890 ) ;
#4745 = EDGE_LOOP ( 'NONE', ( #4691, #287, #1702, #669 ) ) ;
#4746 = DIRECTION ( 'NONE',  ( 0.000000000000000000, 0.000000000000000000, -1.000000000000000000 ) ) ;
#4747 = LINE ( 'NONE', #2371, #4525 ) ;
#4748 = DIRECTION ( 'NONE',  ( 0.000000000000000000, -1.000000000000000000, -0.000000000000000000 ) ) ;
#4749 = EDGE_CURVE ( 'NONE', #3355, #999, #3304, .T. ) ;
#4750 = ORIENTED_EDGE ( 'NONE', *, *, #566, .T. ) ;
#4751 = EDGE_CURVE ( 'NONE', #1745, #95, #483, .T. ) ;
#4752 = VERTEX_POINT ( 'NONE', #3352 ) ;
#4753 = DIRECTION ( 'NONE',  ( -1.000000000000000000, 0.000000000000000000, -3.469446951953611033E-15 ) ) ;
#4754 = CARTESIAN_POINT ( 'NONE',  ( 30.75863990121944980, 9.999999999999989342, -31.11219329181263049 ) ) ;
#4755 = DIRECTION ( 'NONE',  ( 0.000000000000000000, 1.000000000000000000, 0.000000000000000000 ) ) ;
#4756 = LINE ( 'NONE', #4434, #4045 ) ;
#4757 = ADVANCED_FACE ( 'NONE', ( #4093 ), #2101, .T. ) ;
#4758 = EDGE_CURVE ( 'NONE', #1670, #3717, #2144, .T. ) ;
#4759 = CARTESIAN_POINT ( 'NONE',  ( -38.94446206922814468, 9.999999999999989342, 19.93467767831851845 ) ) ;
#4760 = DIRECTION ( 'NONE',  ( 0.000000000000000000, 1.000000000000000000, 0.000000000000000000 ) ) ;
#4761 = ORIENTED_EDGE ( 'NONE', *, *, #1272, .T. ) ;
#4762 = B_SPLINE_CURVE_WITH_KNOTS ( 'NONE', 3,
 ( #1049, #602, #3820, #125, #3764, #3395, #4990, #1835, #2191, #1412, #3742, #2998 ),
 .UNSPECIFIED., .F., .F.,
 ( 4, 2, 2, 2, 2, 4 ),
 ( 0.08150308776399974031, 0.08375331662766677399, 0.08600354549133379378, 0.09050400321866784725, 0.09500446094600190072, 0.09950491867333595419 ),
 .UNSPECIFIED. ) ;
#4763 = ORIENTED_EDGE ( 'NONE', *, *, #3989, .F. ) ;
#4764 = DIRECTION ( 'NONE',  ( 0.000000000000000000, 1.000000000000000000, 0.000000000000000000 ) ) ;
#4765 = CARTESIAN_POINT ( 'NONE',  ( 38.94446206922789600, 12.49999999999999112, 17.54578262260454480 ) ) ;
#4766 = CARTESIAN_POINT ( 'NONE',  ( -35.41347045564940998, 12.49999999999999112, 23.88329382618881525 ) ) ;
#4767 = B_SPLINE_CURVE_WITH_KNOTS ( 'NONE', 3,
 ( #2770, #4809, #866, #1 ),
 .UNSPECIFIED., .F., .F.,
 ( 4, 4 ),
 ( 2.828450214458972142E-07, 0.005657187921401612279 ),
 .UNSPECIFIED. ) ;
#4768 = ORIENTED_EDGE ( 'NONE', *, *, #382, .T. ) ;
#4769 = CARTESIAN_POINT ( 'NONE',  ( -38.94446206922813758, 12.49999999999999112, 17.54578262260403676 ) ) ;
#4770 = CARTESIAN_POINT ( 'NONE',  ( -33.45760546577872674, 8.999999999999991118, -20.45392352432762806 ) ) ;
#4771 = CARTESIAN_POINT ( 'NONE',  ( 30.75863990121944624, 9.999999999999989342, 31.11219329181262694 ) ) ;
#4772 = EDGE_LOOP ( 'NONE', ( #55, #4829, #709, #4475 ) ) ;
#4773 = EDGE_CURVE ( 'NONE', #4798, #856, #3777, .T. ) ;
#4774 = ORIENTED_EDGE ( 'NONE', *, *, #2478, .T. ) ;
#4775 = CARTESIAN_POINT ( 'NONE',  ( -38.94446206922814468, -9.999999999999989342, 19.93467767831851845 ) ) ;
#4776 = FACE_OUTER_BOUND ( 'NONE', #587, .T. ) ;
#4777 = ORIENTED_EDGE ( 'NONE', *, *, #5148, .T. ) ;
#4778 = PLANE ( 'NONE',  #744 ) ;
#4779 = VECTOR ( 'NONE', #3865, 1000.000000000000000 ) ;
#4780 = LINE ( 'NONE', #1700, #3143 ) ;
#4781 = CARTESIAN_POINT ( 'NONE',  ( 38.94446206922762599, -9.999999999999989342, 43.75000000000039790 ) ) ;
#4782 = ORIENTED_EDGE ( 'NONE', *, *, #2168, .F. ) ;
#4783 = EDGE_CURVE ( 'NONE', #2598, #2222, #4220, .T. ) ;
#4784 = EDGE_CURVE ( 'NONE', #3235, #4099, #130, .T. ) ;
#4785 = AXIS2_PLACEMENT_3D ( 'NONE', #1753, #3763, #2504 ) ;
#4786 = FACE_OUTER_BOUND ( 'NONE', #4815, .T. ) ;
#4787 = DIRECTION ( 'NONE',  ( 0.000000000000000000, 0.000000000000000000, 1.000000000000000000 ) ) ;
#4788 = CARTESIAN_POINT ( 'NONE',  ( -10.00754982767941748, -6.409746836726043284, 38.94446206922808784 ) ) ;
#4789 = CARTESIAN_POINT ( 'NONE',  ( 4.898587196589412829E-16, 12.49999999999999112, -4.000000000000000000 ) ) ;
#4790 = AXIS2_PLACEMENT_3D ( 'NONE', #1551, #3133, #5156 ) ;
#4791 = AXIS2_PLACEMENT_3D ( 'NONE', #425, #3297, #4860 ) ;
#4792 = ORIENTED_EDGE ( 'NONE', *, *, #3110, .F. ) ;
#4793 = DIRECTION ( 'NONE',  ( 0.8622748890940532540, 0.000000000000000000, 0.5064405351448855175 ) ) ;
#4794 = AXIS2_PLACEMENT_3D ( 'NONE', #5002, #1033, #985 ) ;
#4795 = VECTOR ( 'NONE', #3326, 1000.000000000000227 ) ;
#4796 = CARTESIAN_POINT ( 'NONE',  ( -39.94446206922806653, -12.49999999999999112, 37.94446206922807363 ) ) ;
#4797 = CARTESIAN_POINT ( 'NONE',  ( -12.97088306486674547, 12.49999999999999112, -11.44579366044805901 ) ) ;
#4798 = VERTEX_POINT ( 'NONE', #3460 ) ;
#4799 = ORIENTED_EDGE ( 'NONE', *, *, #3868, .T. ) ;
#4800 = CARTESIAN_POINT ( 'NONE',  ( -7.961870015169545844, 6.000000000000000000, 38.94446206922807363 ) ) ;
#4801 = CARTESIAN_POINT ( 'NONE',  ( 38.94446206922820153, 6.966729888475700960, -12.03064427461398544 ) ) ;
#4802 = ORIENTED_EDGE ( 'NONE', *, *, #506, .T. ) ;
#4803 = CARTESIAN_POINT ( 'NONE',  ( -39.94446206922808074, -12.49999999999999112, 39.94446206922808784 ) ) ;
#4804 = CIRCLE ( 'NONE', #3725, 39.75000000000000000 ) ;
#4805 = EDGE_CURVE ( 'NONE', #1010, #3047, #1563, .T. ) ;
#4806 = VECTOR ( 'NONE', #1032, 1000.000000000000000 ) ;
#4807 = VECTOR ( 'NONE', #88, 1000.000000000000227 ) ;
#4808 = LINE ( 'NONE', #1235, #398 ) ;
#4809 = CARTESIAN_POINT ( 'NONE',  ( 30.16936808251896096, -8.666665571327992978, -29.81581469192558487 ) ) ;
#4810 = EDGE_LOOP ( 'NONE', ( #4992, #489, #423, #3226, #4482, #2031, #585, #765, #1426, #312 ) ) ;
#4811 = EDGE_CURVE ( 'NONE', #4575, #3165, #1141, .T. ) ;
#4812 = VECTOR ( 'NONE', #207, 1000.000000000000000 ) ;
#4813 = EDGE_CURVE ( 'NONE', #2591, #29, #5066, .T. ) ;
#4814 = EDGE_LOOP ( 'NONE', ( #2000, #4547, #2884, #2696 ) ) ;
#4815 = EDGE_LOOP ( 'NONE', ( #1497, #4020, #2552, #1466 ) ) ;
#4816 = DIRECTION ( 'NONE',  ( 0.000000000000000000, 1.000000000000000000, 0.000000000000000000 ) ) ;
#4817 = CARTESIAN_POINT ( 'NONE',  ( -12.03064427461437980, -6.966729888475702737, 38.94446206922807363 ) ) ;
#4818 = AXIS2_PLACEMENT_3D ( 'NONE', #1754, #2147, #4204 ) ;
#4819 = VERTEX_POINT ( 'NONE', #2236 ) ;
#4820 = CARTESIAN_POINT ( 'NONE',  ( 38.94446206922825127, 12.49999999999999112, -17.54578262260373478 ) ) ;
#4821 = ORIENTED_EDGE ( 'NONE', *, *, #2140, .T. ) ;
#4822 = CARTESIAN_POINT ( 'NONE',  ( -39.94446206922808074, -12.49999999999999112, 37.94446206922807363 ) ) ;
#4823 = DIRECTION ( 'NONE',  ( -3.337495034168044811E-15, 0.000000000000000000, 1.000000000000000000 ) ) ;
#4824 = CARTESIAN_POINT ( 'NONE',  ( -57.94078437557850947, -12.49999999999999112, 8.684063241083380902 ) ) ;
#4825 = ORIENTED_EDGE ( 'NONE', *, *, #3161, .T. ) ;
#4826 = VERTEX_POINT ( 'NONE', #269 ) ;
#4827 = PLANE ( 'NONE',  #4225 ) ;
#4828 = DIRECTION ( 'NONE',  ( 0.000000000000000000, 0.000000000000000000, 1.000000000000000000 ) ) ;
#4829 = ORIENTED_EDGE ( 'NONE', *, *, #3668, .F. ) ;
#4830 = DIRECTION ( 'NONE',  ( 0.000000000000000000, 1.000000000000000000, 0.000000000000000000 ) ) ;
#4831 = DIRECTION ( 'NONE',  ( 0.7071067811865487940, -0.000000000000000000, 0.7071067811865463515 ) ) ;
#4832 = CARTESIAN_POINT ( 'NONE',  ( -1.257435659159437318E-14, -12.49999999999999112, -38.94446206922807363 ) ) ;
#4833 = ORIENTED_EDGE ( 'NONE', *, *, #4518, .F. ) ;
#4834 = ADVANCED_FACE ( 'NONE', ( #5110 ), #1388, .T. ) ;
#4835 = ORIENTED_EDGE ( 'NONE', *, *, #3276, .F. ) ;
#4836 = CARTESIAN_POINT ( 'NONE',  ( -16.14631928175984754, 11.93928431800851797, -38.94446206922807363 ) ) ;
#4837 = DIRECTION ( 'NONE',  ( -3.337495034168044811E-15, 0.000000000000000000, 1.000000000000000000 ) ) ;
#4838 = VERTEX_POINT ( 'NONE', #3407 ) ;
#4839 = CARTESIAN_POINT ( 'NONE',  ( 36.44446206922806653, -9.999999999999989342, -36.44446206922807363 ) ) ;
#4840 = ADVANCED_FACE ( 'NONE', ( #219 ), #1090, .F. ) ;
#4841 = ORIENTED_EDGE ( 'NONE', *, *, #4864, .T. ) ;
#4842 = CARTESIAN_POINT ( 'NONE',  ( 19.93467767831862147, -9.999999999999989342, -38.94446206922808074 ) ) ;
#4843 = DIRECTION ( 'NONE',  ( 1.000000000000000000, 0.000000000000000000, -1.539863046750886426E-16 ) ) ;
#4844 = CARTESIAN_POINT ( 'NONE',  ( 30.75863990121943914, -9.999999999999989342, 31.11219329181263404 ) ) ;
#4845 = CARTESIAN_POINT ( 'NONE',  ( 39.94446206922785336, -13.00000000000001776, 21.95680324558086127 ) ) ;
#4846 = EDGE_CURVE ( 'NONE', #4285, #2931, #2356, .T. ) ;
#4847 = ORIENTED_EDGE ( 'NONE', *, *, #2741, .T. ) ;
#4848 = EDGE_CURVE ( 'NONE', #2591, #835, #3860, .T. ) ;
#4849 = ORIENTED_EDGE ( 'NONE', *, *, #1536, .T. ) ;
#4850 = DIRECTION ( 'NONE',  ( 0.000000000000000000, 1.000000000000000000, 0.000000000000000000 ) ) ;
#4851 = DIRECTION ( 'NONE',  ( -0.000000000000000000, -1.000000000000000000, -0.000000000000000000 ) ) ;
#4852 = ORIENTED_EDGE ( 'NONE', *, *, #3438, .F. ) ;
#4853 = LINE ( 'NONE', #1996, #2320 ) ;
#4854 = CARTESIAN_POINT ( 'NONE',  ( -37.94446206922806653, -9.999999999999989342, 39.94446206922808784 ) ) ;
#4855 = LINE ( 'NONE', #4028, #869 ) ;
#4856 = ORIENTED_EDGE ( 'NONE', *, *, #3218, .T. ) ;
#4857 = AXIS2_PLACEMENT_3D ( 'NONE', #1723, #2481, #4828 ) ;
#4858 = ORIENTED_EDGE ( 'NONE', *, *, #4630, .F. ) ;
#4859 = VECTOR ( 'NONE', #339, 1000.000000000000114 ) ;
#4860 = DIRECTION ( 'NONE',  ( 0.000000000000000000, 0.000000000000000000, 1.000000000000000000 ) ) ;
#4861 = CARTESIAN_POINT ( 'NONE',  ( 0.000000000000000000, -9.999999999999989342, 0.000000000000000000 ) ) ;
#4862 = VERTEX_POINT ( 'NONE', #4274 ) ;
#4863 = CARTESIAN_POINT ( 'NONE',  ( 40.12265297808716014, -9.999999999999989342, 39.76909958749372720 ) ) ;
#4864 = EDGE_CURVE ( 'NONE', #1685, #1405, #2285, .T. ) ;
#4865 = ORIENTED_EDGE ( 'NONE', *, *, #3435, .T. ) ;
#4866 = CARTESIAN_POINT ( 'NONE',  ( 38.94446206922764020, -12.49999999999999112, 42.71446609406766726 ) ) ;
#4867 = DIRECTION ( 'NONE',  ( 1.000000000000000000, 0.000000000000000000, -1.539863046750886426E-16 ) ) ;
#4868 = FACE_OUTER_BOUND ( 'NONE', #1174, .T. ) ;
#4869 = VECTOR ( 'NONE', #3529, 1000.000000000000000 ) ;
#4870 = CIRCLE ( 'NONE', #3369, 2.000000000000001776 ) ;
#4871 = ORIENTED_EDGE ( 'NONE', *, *, #1492, .T. ) ;
#4872 = VECTOR ( 'NONE', #4690, 1000.000000000000000 ) ;
#4873 = AXIS2_PLACEMENT_3D ( 'NONE', #1212, #2021, #4887 ) ;
#4874 = ORIENTED_EDGE ( 'NONE', *, *, #4913, .T. ) ;
#4875 = DIRECTION ( 'NONE',  ( 0.000000000000000000, 1.000000000000000000, 0.000000000000000000 ) ) ;
#4876 = DIRECTION ( 'NONE',  ( -0.000000000000000000, -1.000000000000000000, -0.000000000000000000 ) ) ;
#4877 = VERTEX_POINT ( 'NONE', #4639 ) ;
#4878 = DIRECTION ( 'NONE',  ( 0.000000000000000000, 0.000000000000000000, 1.000000000000000000 ) ) ;
#4879 = DIRECTION ( 'NONE',  ( 0.000000000000000000, 1.000000000000000000, 0.000000000000000000 ) ) ;
#4880 = DIRECTION ( 'NONE',  ( 0.4287738299689548560, 0.000000000000000000, 0.9034118677180158485 ) ) ;
#4881 = DIRECTION ( 'NONE',  ( -0.000000000000000000, -1.000000000000000000, -0.000000000000000000 ) ) ;
#4882 = VERTEX_POINT ( 'NONE', #3114 ) ;
#4884 = EDGE_CURVE ( 'NONE', #2094, #3279, #2205, .T. ) ;
#4883 = AXIS2_PLACEMENT_3D ( 'NONE', #624, #4928, #4568 ) ;
#4885 = AXIS2_PLACEMENT_3D ( 'NONE', #4861, #1737, #2512 ) ;
#4886 = LINE ( 'NONE', #3418, #785 ) ;
#4887 = DIRECTION ( 'NONE',  ( 0.000000000000000000, 0.000000000000000000, -1.000000000000000000 ) ) ;
#4888 = CARTESIAN_POINT ( 'NONE',  ( 28.28371534040708468, 1.226634733346718785E-16, -27.93016194981371214 ) ) ;
#4889 = ORIENTED_EDGE ( 'NONE', *, *, #3209, .F. ) ;
#4890 = CARTESIAN_POINT ( 'NONE',  ( 38.94446206922804521, 8.839313192552440412, 3.016841341363662998 ) ) ;
#4891 = VECTOR ( 'NONE', #3575, 1000.000000000000000 ) ;
#4892 = AXIS2_PLACEMENT_3D ( 'NONE', #444, #2041, #2867 ) ;
#4893 = ORIENTED_EDGE ( 'NONE', *, *, #176, .F. ) ;
#4894 = CARTESIAN_POINT ( 'NONE',  ( -38.94446206922806653, -8.731043043306929263, -3.048717690949920733 ) ) ;
#4895 = CARTESIAN_POINT ( 'NONE',  ( 13.83015437346312559, 8.999999999999991118, -10.72272493381131220 ) ) ;
#4896 = CARTESIAN_POINT ( 'NONE',  ( 0.000000000000000000, 0.000000000000000000, 0.000000000000000000 ) ) ;
#4897 = CIRCLE ( 'NONE', #3573, 42.71446609406726935 ) ;
#4898 = ORIENTED_EDGE ( 'NONE', *, *, #1438, .T. ) ;
#4899 = ORIENTED_EDGE ( 'NONE', *, *, #4531, .T. ) ;
#4900 = CARTESIAN_POINT ( 'NONE',  ( 37.94446206922806653, 12.49999999999999112, -39.94446206922807363 ) ) ;
#4901 = EDGE_CURVE ( 'NONE', #3685, #867, #3804, .T. ) ;
#4902 = CARTESIAN_POINT ( 'NONE',  ( -12.44929178589171137, 8.999999999999991118, -12.29898914666278742 ) ) ;
#4903 = ORIENTED_EDGE ( 'NONE', *, *, #4002, .T. ) ;
#4904 = CARTESIAN_POINT ( 'NONE',  ( 0.000000000000000000, 9.999999999999989342, 0.000000000000000000 ) ) ;
#4905 = B_SPLINE_CURVE_WITH_KNOTS ( 'NONE', 3,
 ( #1458, #3412, #2551, #5063, #1073, #194, #990, #2266, #1407, #3842, #2580, #1489, #4172, #3014, #2212, #3783, #4147, #1013 ),
 .UNSPECIFIED., .F., .F.,
 ( 4, 2, 2, 2, 2, 2, 2, 2, 4 ),
 ( 0.06347473781120056835, 0.06797851041896749158, 0.07248228302673441481, 0.08148982824226826127, 0.08374171454615171595, 0.08599360085003518450, 0.09049737345780209385, 0.09500114606556901709, 0.09950491867333594032 ),
 .UNSPECIFIED. ) ;
#4906 = EDGE_CURVE ( 'NONE', #641, #1597, #3224, .T. ) ;
#4907 = EDGE_CURVE ( 'NONE', #877, #3605, #1423, .T. ) ;
#4908 = CARTESIAN_POINT ( 'NONE',  ( -27.93016194981400346, 0.000000000000000000, 28.28371534040678625 ) ) ;
#4909 = FACE_OUTER_BOUND ( 'NONE', #699, .T. ) ;
#4910 = CARTESIAN_POINT ( 'NONE',  ( -39.94446206922806653, -12.49999999999999112, 37.94446206922807363 ) ) ;
#4911 = VERTEX_POINT ( 'NONE', #3888 ) ;
#4912 = EDGE_CURVE ( 'NONE', #5072, #3837, #2643, .T. ) ;
#4913 = EDGE_CURVE ( 'NONE', #1095, #3925, #3920, .T. ) ;
#4914 = LINE ( 'NONE', #1078, #524 ) ;
#4915 = CARTESIAN_POINT ( 'NONE',  ( 3.987142242049877439, 8.999999999999991118, 16.01101797955587713 ) ) ;
#4916 = DIRECTION ( 'NONE',  ( -1.000000000000000000, -0.000000000000000000, 1.737135398614549922E-16 ) ) ;
#4917 = ORIENTED_EDGE ( 'NONE', *, *, #3745, .T. ) ;
#4918 = CARTESIAN_POINT ( 'NONE',  ( 38.94446206922795994, 10.40307868511404266, 11.88416472439303639 ) ) ;
#4919 = VERTEX_POINT ( 'NONE', #247 ) ;
#4920 = FACE_OUTER_BOUND ( 'NONE', #3354, .T. ) ;
#4921 = CARTESIAN_POINT ( 'NONE',  ( -19.29537254914641409, -13.00000000000001776, -39.94446206922808074 ) ) ;
#4922 = DIRECTION ( 'NONE',  ( 0.000000000000000000, 1.000000000000000000, 0.000000000000000000 ) ) ;
#4923 = ORIENTED_EDGE ( 'NONE', *, *, #1281, .T. ) ;
#4924 = VERTEX_POINT ( 'NONE', #1848 ) ;
#4925 = CARTESIAN_POINT ( 'NONE',  ( -38.94446206922813758, 11.41693772395864137, 14.72880613752460199 ) ) ;
#4926 = CARTESIAN_POINT ( 'NONE',  ( 14.57405087252043430, 8.999999999999991118, 7.736086941418536256 ) ) ;
#4927 = ORIENTED_EDGE ( 'NONE', *, *, #4813, .F. ) ;
#4928 = DIRECTION ( 'NONE',  ( -0.000000000000000000, -1.000000000000000000, -0.000000000000000000 ) ) ;
#4929 = EDGE_CURVE ( 'NONE', #4239, #2176, #1560, .T. ) ;
#4930 = CARTESIAN_POINT ( 'NONE',  ( 0.000000000000000000, 8.999999999999991118, 0.000000000000000000 ) ) ;
#4931 = CARTESIAN_POINT ( 'NONE',  ( 34.47145558284426414, 9.999999999999989342, -34.11790219225087384 ) ) ;
#4932 = DIRECTION ( 'NONE',  ( 0.000000000000000000, 0.000000000000000000, -1.000000000000000000 ) ) ;
#4933 = ORIENTED_EDGE ( 'NONE', *, *, #5084, .F. ) ;
#4934 = PLANE ( 'NONE',  #4980 ) ;
#4935 = DIRECTION ( 'NONE',  ( 0.000000000000000000, 0.000000000000000000, 1.000000000000000000 ) ) ;
#4936 = DIRECTION ( 'NONE',  ( 0.000000000000000000, 0.000000000000000000, -1.000000000000000000 ) ) ;
#4937 = VERTEX_POINT ( 'NONE', #28 ) ;
#4938 = EDGE_CURVE ( 'NONE', #1046, #2499, #2049, .T. ) ;
#4939 = DIRECTION ( 'NONE',  ( 1.000000000000000000, 0.000000000000000000, -1.737135398614550415E-16 ) ) ;
#4940 = EDGE_CURVE ( 'NONE', #3166, #4616, #5138, .T. ) ;
#4941 = ADVANCED_FACE ( 'NONE', ( #3617 ), #3730, .T. ) ;
#4942 = AXIS2_PLACEMENT_3D ( 'NONE', #4068, #1320, #4432 ) ;
#4943 = ORIENTED_EDGE ( 'NONE', *, *, #3826, .F. ) ;
#4944 = CARTESIAN_POINT ( 'NONE',  ( -36.44446206922768994, -13.00000000000001776, -36.44446206922844311 ) ) ;
#4945 = DIRECTION ( 'NONE',  ( -0.000000000000000000, -1.000000000000000000, -0.000000000000000000 ) ) ;
#4946 = LINE ( 'NONE', #2261, #5046 ) ;
#4947 = CIRCLE ( 'NONE', #948, 2.000000000000001776 ) ;
#4948 = ORIENTED_EDGE ( 'NONE', *, *, #4749, .T. ) ;
#4949 = ORIENTED_EDGE ( 'NONE', *, *, #808, .F. ) ;
#4950 = DIRECTION ( 'NONE',  ( -3.337495034168044811E-15, 0.000000000000000000, 1.000000000000000000 ) ) ;
#4951 = VECTOR ( 'NONE', #400, 1000.000000000000114 ) ;
#4952 = CARTESIAN_POINT ( 'NONE',  ( -30.16936808251895741, 8.666665571327991202, -29.81581469192558487 ) ) ;
#4953 = ORIENTED_EDGE ( 'NONE', *, *, #4135, .F. ) ;
#4954 = DIRECTION ( 'NONE',  ( 0.000000000000000000, 0.000000000000000000, -1.000000000000000000 ) ) ;
#4955 = CONICAL_SURFACE ( 'NONE', #2704, 39.75000000000000000, 0.7853981633974491672 ) ;
#4956 = AXIS2_PLACEMENT_3D ( 'NONE', #1606, #2826, #4787 ) ;
#4957 = ORIENTED_EDGE ( 'NONE', *, *, #3934, .F. ) ;
#4958 = FACE_OUTER_BOUND ( 'NONE', #3809, .T. ) ;
#4959 = CARTESIAN_POINT ( 'NONE',  ( 30.16936808251895741, -8.666665571327991202, 29.81581469192558842 ) ) ;
#4960 = B_SPLINE_CURVE_WITH_KNOTS ( 'NONE', 3,
 ( #556, #2948, #2977, #1814 ),
 .UNSPECIFIED., .F., .F.,
 ( 4, 4 ),
 ( 1.664805208463516517E-06, 0.01260111367849633783 ),
 .UNSPECIFIED. ) ;
#4961 = VECTOR ( 'NONE', #1823, 1000.000000000000000 ) ;
#4962 = EDGE_CURVE ( 'NONE', #4937, #4333, #3943, .T. ) ;
#4963 = LINE ( 'NONE', #2530, #1125 ) ;
#4964 = ORIENTED_EDGE ( 'NONE', *, *, #47, .F. ) ;
#4965 = LINE ( 'NONE', #2976, #1308 ) ;
#4966 = EDGE_CURVE ( 'NONE', #5054, #3605, #4743, .T. ) ;
#4967 = CARTESIAN_POINT ( 'NONE',  ( 0.000000000000000000, 12.49999999999999112, 4.000000000000000000 ) ) ;
#4968 = CARTESIAN_POINT ( 'NONE',  ( 14.93876612691328276, 8.999999999999991118, 9.059981600720190542 ) ) ;
#4969 = ORIENTED_EDGE ( 'NONE', *, *, #3701, .F. ) ;
#4970 = VECTOR ( 'NONE', #1855, 1000.000000000000000 ) ;
#4971 = FACE_OUTER_BOUND ( 'NONE', #267, .T. ) ;
#4972 = EDGE_CURVE ( 'NONE', #3130, #1427, #2057, .T. ) ;
#4973 = EDGE_CURVE ( 'NONE', #3717, #4798, #3213, .T. ) ;
#4974 = CIRCLE ( 'NONE', #2725, 2.000000000000001776 ) ;
#4975 = EDGE_LOOP ( 'NONE', ( #4571, #3350, #4392, #3726, #1837, #2676, #4821, #3425, #915, #2410, #4988, #4418, #1119, #734, #4642, #1126 ) ) ;
#4976 = FACE_BOUND ( 'NONE', #3931, .T. ) ;
#4977 = CARTESIAN_POINT ( 'NONE',  ( 38.44446206922794573, -12.49999999999999112, 36.44446206922819442 ) ) ;
#4978 = CIRCLE ( 'NONE', #2727, 1.000000000000000000 ) ;
#4979 = DIRECTION ( 'NONE',  ( 0.000000000000000000, 1.000000000000000000, 0.000000000000000000 ) ) ;
#4980 = AXIS2_PLACEMENT_3D ( 'NONE', #2645, #4159, #4576 ) ;
#4981 = VERTEX_POINT ( 'NONE', #753 ) ;
#4982 = ORIENTED_EDGE ( 'NONE', *, *, #1651, .T. ) ;
#4983 = CARTESIAN_POINT ( 'NONE',  ( -38.94446206922807363, 8.905070694282816390, -3.771086978017830660 ) ) ;
#4984 = DIRECTION ( 'NONE',  ( 1.000000000000000000, 0.000000000000000000, 3.469446951953611033E-15 ) ) ;
#4985 = ORIENTED_EDGE ( 'NONE', *, *, #1819, .F. ) ;
#4986 = CYLINDRICAL_SURFACE ( 'NONE', #4241, 2.000000000000001776 ) ;
#4987 = CIRCLE ( 'NONE', #4071, 2.000000000000001776 ) ;
#4988 = ORIENTED_EDGE ( 'NONE', *, *, #928, .F. ) ;
#4989 = DIRECTION ( 'NONE',  ( 0.000000000000000000, 0.000000000000000000, -1.000000000000000000 ) ) ;
#4990 = CARTESIAN_POINT ( 'NONE',  ( -7.506423538060204237, -9.421302807121643141, -38.94446206922807363 ) ) ;
#4991 = DIRECTION ( 'NONE',  ( 0.9034118677180114076, 0.000000000000000000, -0.4287738299689642374 ) ) ;
#4992 = ORIENTED_EDGE ( 'NONE', *, *, #1111, .T. ) ;
#4993 = CARTESIAN_POINT ( 'NONE',  ( 39.94446206922806653, 12.49999999999999112, -39.94446206922807363 ) ) ;
#4994 = CARTESIAN_POINT ( 'NONE',  ( -38.44446206922768994, -12.49999999999999112, -36.44446206922846443 ) ) ;
#4995 = PERSON_AND_ORGANIZATION ( #1357, #39 ) ;
#4996 = ORIENTED_EDGE ( 'NONE', *, *, #3735, .F. ) ;
#4997 = CARTESIAN_POINT ( 'NONE',  ( 38.94446206922789600, 12.49999999999999112, 17.54578262260454480 ) ) ;
#4998 = EDGE_CURVE ( 'NONE', #503, #4348, #1241, .T. ) ;
#4999 = VERTEX_POINT ( 'NONE', #350 ) ;
#5000 = FACE_OUTER_BOUND ( 'NONE', #3244, .T. ) ;
#5001 = DIRECTION ( 'NONE',  ( 0.000000000000000000, -0.000000000000000000, 1.000000000000000000 ) ) ;
#5002 = CARTESIAN_POINT ( 'NONE',  ( 0.000000000000000000, 8.999999999999991118, 0.000000000000000000 ) ) ;
#5003 = ORIENTED_EDGE ( 'NONE', *, *, #4335, .F. ) ;
#5004 = ORIENTED_EDGE ( 'NONE', *, *, #498, .F. ) ;
#5005 = CARTESIAN_POINT ( 'NONE',  ( -3.786980859727686610, 8.906623640011476439, 38.94446206922808074 ) ) ;
#5006 = CARTESIAN_POINT ( 'NONE',  ( 0.000000000000000000, -9.999999999999989342, 0.000000000000000000 ) ) ;
#5007 = ORIENTED_EDGE ( 'NONE', *, *, #2655, .F. ) ;
#5008 = DIRECTION ( 'NONE',  ( -3.337495034168044811E-15, 0.000000000000000000, 1.000000000000000000 ) ) ;
#5009 = EDGE_CURVE ( 'NONE', #787, #274, #2224, .T. ) ;
#5010 = EDGE_CURVE ( 'NONE', #2229, #275, #2434, .T. ) ;
#5011 = EDGE_CURVE ( 'NONE', #3092, #4728, #3168, .T. ) ;
#5012 = EDGE_LOOP ( 'NONE', ( #4035, #434, #5004, #721 ) ) ;
#5013 = CARTESIAN_POINT ( 'NONE',  ( 23.65942147863196610, -13.00000000000001776, -38.94446206922808074 ) ) ;
#5014 = CARTESIAN_POINT ( 'NONE',  ( 6.032343797590725032, 9.166361041828272604, -38.94446206922808074 ) ) ;
#5015 = CARTESIAN_POINT ( 'NONE',  ( -34.47145558284427125, 9.999999999999989342, -34.11790219225088805 ) ) ;
#5016 = DIRECTION ( 'NONE',  ( 0.000000000000000000, 0.000000000000000000, 1.000000000000000000 ) ) ;
#5017 = ORIENTED_EDGE ( 'NONE', *, *, #1060, .F. ) ;
#5018 = EDGE_CURVE ( 'NONE', #284, #474, #3243, .T. ) ;
#5019 = CARTESIAN_POINT ( 'NONE',  ( 13.17326873544267229, 12.49999999999999112, -11.47671515825885891 ) ) ;
#5020 = CARTESIAN_POINT ( 'NONE',  ( 9.634096920849502865, 8.999999999999991118, -13.39530427126155843 ) ) ;
#5021 = ORIENTED_EDGE ( 'NONE', *, *, #606, .F. ) ;
#5022 = CARTESIAN_POINT ( 'NONE',  ( -36.44446206922806653, 12.49999999999999112, 34.44446206922806653 ) ) ;
#5023 = ORIENTED_EDGE ( 'NONE', *, *, #3258, .F. ) ;
#5024 = CARTESIAN_POINT ( 'NONE',  ( -39.94446206922768994, -9.999999999999989342, -37.94446206922848575 ) ) ;
#5025 = CARTESIAN_POINT ( 'NONE',  ( 0.000000000000000000, -6.000000000000000000, 0.000000000000000000 ) ) ;
#5026 = DIRECTION ( 'NONE',  ( 0.000000000000000000, 1.000000000000000000, 0.000000000000000000 ) ) ;
#5027 = ADVANCED_FACE ( 'NONE', ( #1262 ), #4331, .T. ) ;
#5028 = CIRCLE ( 'NONE', #1193, 42.71446609406726935 ) ;
#5029 = ORIENTED_EDGE ( 'NONE', *, *, #536, .T. ) ;
#5030 = ORIENTED_EDGE ( 'NONE', *, *, #1530, .T. ) ;
#5031 = CARTESIAN_POINT ( 'NONE',  ( -0.7553606233439771334, 8.729995975160818489, 38.94446206922807363 ) ) ;
#5032 = LINE ( 'NONE', #2659, #4779 ) ;
#5033 = EDGE_LOOP ( 'NONE', ( #4526, #4612, #2514, #4582, #199, #3310, #44 ) ) ;
#5034 = DIRECTION ( 'NONE',  ( 0.000000000000000000, 0.000000000000000000, -1.000000000000000000 ) ) ;
#5035 = AXIS2_PLACEMENT_3D ( 'NONE', #1890, #3076, #2690 ) ;
#5036 = ORIENTED_EDGE ( 'NONE', *, *, #346, .F. ) ;
#5037 = VECTOR ( 'NONE', #559, 1000.000000000000000 ) ;
#5038 = EDGE_CURVE ( 'NONE', #76, #2591, #4222, .T. ) ;
#5039 = VERTEX_POINT ( 'NONE', #4765 ) ;
#5040 = LINE ( 'NONE', #3504, #5127 ) ;
#5041 = DIRECTION ( 'NONE',  ( 0.000000000000000000, -0.000000000000000000, -1.000000000000000000 ) ) ;
#5042 = ORIENTED_EDGE ( 'NONE', *, *, #1340, .F. ) ;
#5043 = LINE ( 'NONE', #4678, #3398 ) ;
#5044 = DIRECTION ( 'NONE',  ( -0.7071067811865463515, -4.906538933386801186E-16, 0.7071067811865487940 ) ) ;
#5045 = CIRCLE ( 'NONE', #294, 2.000000000000001776 ) ;
#5046 = VECTOR ( 'NONE', #645, 1000.000000000000000 ) ;
#5047 = VECTOR ( 'NONE', #4710, 1000.000000000000000 ) ;
#5048 = DIRECTION ( 'NONE',  ( -0.000000000000000000, -1.000000000000000000, -0.000000000000000000 ) ) ;
#5049 = CARTESIAN_POINT ( 'NONE',  ( -38.94446206922799547, 9.999999999999989342, -23.65942147863209755 ) ) ;
#5050 = ORIENTED_EDGE ( 'NONE', *, *, #1218, .F. ) ;
#5051 = EDGE_CURVE ( 'NONE', #29, #3895, #2777, .T. ) ;
#5052 = CARTESIAN_POINT ( 'NONE',  ( -10.00754982767942280, 6.409746836726041508, -38.94446206922808074 ) ) ;
#5053 = CIRCLE ( 'NONE', #2798, 42.71446609406726935 ) ;
#5054 = VERTEX_POINT ( 'NONE', #2414 ) ;
#5055 = PLANE ( 'NONE',  #1969 ) ;
#5056 = DIRECTION ( 'NONE',  ( -0.9632519435253612539, -0.000000000000000000, 0.2685995035263731290 ) ) ;
#5057 = DIRECTION ( 'NONE',  ( 0.9632519435253613649, -0.000000000000000000, -0.2685995035263726849 ) ) ;
#5058 = AXIS2_PLACEMENT_3D ( 'NONE', #5089, #1115, #4301 ) ;
#5059 = ORIENTED_EDGE ( 'NONE', *, *, #1900, .T. ) ;
#5060 = VECTOR ( 'NONE', #4950, 1000.000000000000000 ) ;
#5061 = VERTEX_POINT ( 'NONE', #4013 ) ;
#5062 = DIRECTION ( 'NONE',  ( 0.000000000000000000, 0.000000000000000000, -1.000000000000000000 ) ) ;
#5063 = CARTESIAN_POINT ( 'NONE',  ( 38.94446206922795284, -10.47000680418073948, 11.84916536732294468 ) ) ;
#5064 = EDGE_LOOP ( 'NONE', ( #1863, #1870, #647, #1586 ) ) ;
#5065 = FACE_BOUND ( 'NONE', #4646, .T. ) ;
#5066 = CIRCLE ( 'NONE', #1728, 43.75000000000000000 ) ;
#5067 = AXIS2_PLACEMENT_3D ( 'NONE', #1895, #1181, #791 ) ;
#5068 = EDGE_CURVE ( 'NONE', #1572, #5081, #48, .T. ) ;
#5069 = EDGE_LOOP ( 'NONE', ( #4370, #3638, #527, #4422 ) ) ;
#5070 = DIRECTION ( 'NONE',  ( 0.000000000000000000, 0.000000000000000000, -1.000000000000000000 ) ) ;
#5071 = CARTESIAN_POINT ( 'NONE',  ( 0.7553606233439784656, 8.729995975160816712, -38.94446206922807363 ) ) ;
#5072 = VERTEX_POINT ( 'NONE', #1290 ) ;
#5073 = AXIS2_PLACEMENT_3D ( 'NONE', #2792, #468, #2064 ) ;
#5074 = CARTESIAN_POINT ( 'NONE',  ( -38.44446206922768994, 9.999999999999987566, -36.44446206922846443 ) ) ;
#5075 = CARTESIAN_POINT ( 'NONE',  ( -36.44446206922768994, -13.00000000000001776, -36.44446206922844311 ) ) ;
#5076 = ADVANCED_FACE ( 'NONE', ( #3694 ), #79, .T. ) ;
#5077 = EDGE_CURVE ( 'NONE', #2447, #1011, #2474, .T. ) ;
#5078 = DIRECTION ( 'NONE',  ( -1.000000000000000000, 0.000000000000000000, -3.337495034168044811E-15 ) ) ;
#5079 = CARTESIAN_POINT ( 'NONE',  ( -36.44378966753028948, 12.49999999999999112, -22.27949300074025274 ) ) ;
#5080 = DIRECTION ( 'NONE',  ( 1.000000000000000000, 0.000000000000000000, 0.000000000000000000 ) ) ;
#5081 = VERTEX_POINT ( 'NONE', #1361 ) ;
#5082 = DIRECTION ( 'NONE',  ( -1.000000000000000000, 0.000000000000000000, -1.040834085586083310E-14 ) ) ;
#5083 = EDGE_CURVE ( 'NONE', #3976, #2557, #4974, .T. ) ;
#5084 = EDGE_CURVE ( 'NONE', #1790, #760, #3747, .T. ) ;
#5085 = B_SPLINE_CURVE_WITH_KNOTS ( 'NONE', 3,
 ( #718, #1082, #2309, #688 ),
 .UNSPECIFIED., .F., .F.,
 ( 4, 4 ),
 ( 2.828455095674455125E-07, 0.005657187921889733975 ),
 .UNSPECIFIED. ) ;
#5086 = EDGE_CURVE ( 'NONE', #3184, #829, #584, .T. ) ;
#5087 = VERTEX_POINT ( 'NONE', #4448 ) ;
#5088 = CARTESIAN_POINT ( 'NONE',  ( -12.44929178589171137, 8.999999999999991118, -11.29898914666278920 ) ) ;
#5089 = CARTESIAN_POINT ( 'NONE',  ( 0.000000000000000000, 9.999999999999989342, 0.000000000000000000 ) ) ;
#5090 = CARTESIAN_POINT ( 'NONE',  ( -21.40233851715665736, -13.00000000000001776, -38.94446206922807363 ) ) ;
#5091 = ORIENTED_EDGE ( 'NONE', *, *, #2914, .T. ) ;
#5092 = ORIENTED_EDGE ( 'NONE', *, *, #2304, .F. ) ;
#5093 = DIRECTION ( 'NONE',  ( -0.000000000000000000, -1.000000000000000000, -0.000000000000000000 ) ) ;
#5094 = FACE_BOUND ( 'NONE', #2059, .T. ) ;
#5095 = ORIENTED_EDGE ( 'NONE', *, *, #3080, .F. ) ;
#5096 = LINE ( 'NONE', #3926, #46 ) ;
#5097 = ORIENTED_EDGE ( 'NONE', *, *, #4848, .F. ) ;
#5098 = LINE ( 'NONE', #1464, #4037 ) ;
#5099 = LINE ( 'NONE', #2717, #3278 ) ;
#5100 = ORIENTED_EDGE ( 'NONE', *, *, #2141, .F. ) ;
#5101 = CARTESIAN_POINT ( 'NONE',  ( -19.93467767831862147, 9.999999999999989342, 38.94446206922808074 ) ) ;
#5102 = CYLINDRICAL_SURFACE ( 'NONE', #2866, 2.000000000000001776 ) ;
#5103 = EDGE_CURVE ( 'NONE', #3802, #3496, #2848, .T. ) ;
#5104 = PLANE ( 'NONE',  #3988 ) ;
#5105 = CARTESIAN_POINT ( 'NONE',  ( 38.94446206922825837, -12.49999999999999112, -17.54578262260373833 ) ) ;
#5106 = ORIENTED_EDGE ( 'NONE', *, *, #1259, .F. ) ;
#5107 = CARTESIAN_POINT ( 'NONE',  ( -16.03156396492905600, 8.355473816029784118, -38.94446206922806653 ) ) ;
#5108 = ORIENTED_EDGE ( 'NONE', *, *, #3117, .F. ) ;
#5109 = FACE_BOUND ( 'NONE', #1867, .T. ) ;
#5110 = FACE_OUTER_BOUND ( 'NONE', #4091, .T. ) ;
#5111 = EDGE_CURVE ( 'NONE', #3047, #3951, #1708, .T. ) ;
#5112 = LINE ( 'NONE', #3519, #716 ) ;
#5113 = VERTEX_POINT ( 'NONE', #2567 ) ;
#5114 = CARTESIAN_POINT ( 'NONE',  ( 39.94446206922785336, -13.00000000000001776, 21.95680324558086127 ) ) ;
#5115 = CARTESIAN_POINT ( 'NONE',  ( -34.44446206922768994, -9.999999999999989342, -36.44446206922842890 ) ) ;
#5116 = ORIENTED_EDGE ( 'NONE', *, *, #3508, .F. ) ;
#5117 = LINE ( 'NONE', #4283, #2721 ) ;
#5118 = AXIS2_PLACEMENT_3D ( 'NONE', #2758, #2782, #1611 ) ;
#5119 = ORIENTED_EDGE ( 'NONE', *, *, #771, .F. ) ;
#5120 = ORIENTED_EDGE ( 'NONE', *, *, #4456, .F. ) ;
#5121 = DIRECTION ( 'NONE',  ( 0.000000000000000000, 0.000000000000000000, -1.000000000000000000 ) ) ;
#5122 = VECTOR ( 'NONE', #1229, 1000.000000000000000 ) ;
#5123 = DIRECTION ( 'NONE',  ( 0.000000000000000000, 0.000000000000000000, 1.000000000000000000 ) ) ;
#5124 = VERTEX_POINT ( 'NONE', #3298 ) ;
#5125 = DIRECTION ( 'NONE',  ( 0.000000000000000000, 1.000000000000000000, 0.000000000000000000 ) ) ;
#5126 = FACE_OUTER_BOUND ( 'NONE', #1909, .T. ) ;
#5127 = VECTOR ( 'NONE', #2350, 1000.000000000000000 ) ;
#5128 = EDGE_CURVE ( 'NONE', #1517, #2737, #640, .T. ) ;
#5129 = DIRECTION ( 'NONE',  ( -0.000000000000000000, -1.000000000000000000, -0.000000000000000000 ) ) ;
#5130 = CIRCLE ( 'NONE', #3541, 2.000000000000001776 ) ;
#5131 = CARTESIAN_POINT ( 'NONE',  ( 0.000000000000000000, 6.000000000000000000, 0.000000000000000000 ) ) ;
#5132 = ORIENTED_EDGE ( 'NONE', *, *, #605, .T. ) ;
#5133 = AXIS2_PLACEMENT_3D ( 'NONE', #4896, #1322, #4506 ) ;
#5134 = CONICAL_SURFACE ( 'NONE', #1373, 43.75000000000000000, 0.7853981633974491672 ) ;
#5135 = EDGE_CURVE ( 'NONE', #4229, #2680, #3138, .T. ) ;
#5136 = ORIENTED_EDGE ( 'NONE', *, *, #4411, .T. ) ;
#5137 = DIRECTION ( 'NONE',  ( -0.000000000000000000, -1.000000000000000000, -0.000000000000000000 ) ) ;
#5138 = LINE ( 'NONE', #775, #3987 ) ;
#5139 = FACE_OUTER_BOUND ( 'NONE', #1227, .T. ) ;
#5140 = EDGE_CURVE ( 'NONE', #2632, #417, #4231, .T. ) ;
#5141 = ORIENTED_EDGE ( 'NONE', *, *, #3839, .T. ) ;
#5142 = DIRECTION ( 'NONE',  ( -1.000000000000000000, 0.000000000000000000, -3.469446951953611033E-15 ) ) ;
#5143 = FACE_OUTER_BOUND ( 'NONE', #3119, .T. ) ;
#5144 = EDGE_LOOP ( 'NONE', ( #5091, #4010, #4782, #889 ) ) ;
#5145 = CARTESIAN_POINT ( 'NONE',  ( -38.94446206922802389, -8.355473816029787670, -16.03156396492919455 ) ) ;
#5146 = VECTOR ( 'NONE', #3698, 1000.000000000000114 ) ;
#5147 = ADVANCED_FACE ( 'NONE', ( #976 ), #4062, .F. ) ;
#5148 = EDGE_CURVE ( 'NONE', #2482, #105, #133, .T. ) ;
#5149 = VECTOR ( 'NONE', #2683, 1000.000000000000000 ) ;
#5150 = ORIENTED_EDGE ( 'NONE', *, *, #1170, .T. ) ;
#5151 = AXIS2_PLACEMENT_3D ( 'NONE', #5025, #1822, #3518 ) ;
#5152 = ORIENTED_EDGE ( 'NONE', *, *, #4906, .F. ) ;
#5153 = CARTESIAN_POINT ( 'NONE',  ( -12.08814175137814395, 6.826486521030463273, 38.94446206922808074 ) ) ;
#5154 = CARTESIAN_POINT ( 'NONE',  ( 38.94446206922823706, 7.986030918081036489, -15.03708780354931385 ) ) ;
#5155 = DIRECTION ( 'NONE',  ( 0.000000000000000000, 1.000000000000000000, 0.000000000000000000 ) ) ;
#5156 = DIRECTION ( 'NONE',  ( -1.000000000000000000, 0.000000000000000000, -3.469446951953611033E-15 ) ) ;
#5157 = AXIS2_PLACEMENT_3D ( 'NONE', #3651, #2810, #8 ) ;
#5158 = AXIS2_PLACEMENT_3D ( 'NONE', #2746, #5155, #2249 ) ;
#5159 = CARTESIAN_POINT ( 'NONE',  ( 0.000000000000000000, 0.000000000000000000, 0.000000000000000000 ) ) ;
#5160 = FACE_OUTER_BOUND ( 'NONE', #1959, .T. ) ;
#5161 = EDGE_LOOP ( 'NONE', ( #929, #3766, #86, #2751 ) ) ;
#5162 = VECTOR ( 'NONE', #1802, 1000.000000000000000 ) ;
#5163 = ORIENTED_EDGE ( 'NONE', *, *, #1599, .F. ) ;
#5164 = CARTESIAN_POINT ( 'NONE',  ( 39.94446206922806653, 9.999999999999989342, -19.29537254914644251 ) ) ;
#5165 = DIRECTION ( 'NONE',  ( 0.8622748890940532540, -0.000000000000000000, 0.5064405351448855175 ) ) ;
#5166 = CARTESIAN_POINT ( 'NONE',  ( 31.87602793918352262, 8.999999999999991118, 22.84060406081986727 ) ) ;
#5167 = EDGE_CURVE ( 'NONE', #4173, #1323, #2921, .T. ) ;
#5168 = B_SPLINE_CURVE_WITH_KNOTS ( 'NONE', 3,
 ( #4844, #2856, #3194, #1589 ),
 .UNSPECIFIED., .F., .F.,
 ( 4, 4 ),
 ( 2.828450214542732054E-07, 0.005657187921401614014 ),
 .UNSPECIFIED. ) ;
#5169 = EDGE_LOOP ( 'NONE', ( #4847, #4605, #5092, #175, #2962, #4687, #4874, #4424, #1975, #885, #2531, #3392 ) ) ;
#5170 = CARTESIAN_POINT ( 'NONE',  ( -23.65942147863196610, -13.00000000000001776, 38.94446206922808074 ) ) ;
#5171 = CARTESIAN_POINT ( 'NONE',  ( 39.94446206922806653, -9.999999999999989342, 21.95680324558050600 ) ) ;
#5172 = DIRECTION ( 'NONE',  ( 0.000000000000000000, 0.000000000000000000, -1.000000000000000000 ) ) ;
#5173 = ORIENTED_EDGE ( 'NONE', *, *, #2669, .T. ) ;
#5174 = ORIENTED_EDGE ( 'NONE', *, *, #4773, .F. ) ;
#5175 = FACE_OUTER_BOUND ( 'NONE', #2969, .T. ) ;
#5176 = CARTESIAN_POINT ( 'NONE',  ( -23.65942147863196610, 12.49999999999999112, 38.94446206922808074 ) ) ;
#5177 = VERTEX_POINT ( 'NONE', #557 ) ;
#5178 = DIRECTION ( 'NONE',  ( 0.4287738299689549115, 0.000000000000000000, 0.9034118677180158485 ) ) ;
#5179 = EDGE_CURVE ( 'NONE', #856, #4826, #1644, .T. ) ;
#5180 = ADVANCED_FACE ( 'NONE', ( #2074 ), #4500, .F. ) ;
#5181 = DIRECTION ( 'NONE',  ( 0.000000000000000000, 1.000000000000000000, 0.000000000000000000 ) ) ;
ENDSEC;
END-ISO-10303-21;
