ISO-10303-21;
HEADER;
FILE_DESCRIPTION (( 'STEP AP203' ),
    '1' );
FILE_NAME ('Propeler_Default_sldprt.STEP',
    '2025-11-24T08:03:04',
    ( '' ),
    ( '' ),
    'SwSTEP 2.0',
    'SolidWorks 2025',
    '' );
FILE_SCHEMA (( 'CONFIG_CONTROL_DESIGN' ));
ENDSEC;

DATA;
#1 = CARTESIAN_POINT ( 'NONE',  ( -31.53391037658455431, 15.18593086911480583, 1.995833495980582351 ) ) ;
#2 = EDGE_CURVE ( 'NONE', #712, #608, #2728, .T. ) ;
#3 = CARTESIAN_POINT ( 'NONE',  ( -8.191240861850046073, -12.56834977514208873, -3.221397401971964225 ) ) ;
#4 = CARTESIAN_POINT ( 'NONE',  ( -14.82298966505583415, -2.318190544357300986, -1.516390412386842357 ) ) ;
#5 = EDGE_LOOP ( 'NONE', ( #1806, #1394, #2847, #1064 ) ) ;
#6 = ORIENTED_EDGE ( 'NONE', *, *, #1180, .T. ) ;
#7 = CARTESIAN_POINT ( 'NONE',  ( 29.02817152569254233, -9.947202523541458064, -7.999999999999998224 ) ) ;
#8 = CARTESIAN_POINT ( 'NONE',  ( 3.406122405420037413, -17.58065592458139648, 8.000000000000000000 ) ) ;
#9 = CARTESIAN_POINT ( 'NONE',  ( -14.82462563502369868, -2.296064057223476507, -3.567615167083876493 ) ) ;
#10 = AXIS2_PLACEMENT_3D ( 'NONE', #320, #2388, #776 ) ;
#11 = CARTESIAN_POINT ( 'NONE',  ( 14.67746362771515756, -3.138345664477416364, -1.613423099469488697 ) ) ;
#12 = AXIS2_PLACEMENT_3D ( 'NONE', #227, #240, #1893 ) ;
#13 = CARTESIAN_POINT ( 'NONE',  ( 17.53265052500821852, 14.47417160573064443, 0.2827642305349036822 ) ) ;
#14 = CARTESIAN_POINT ( 'NONE',  ( -5.014305331732304083, 14.15158821297229785, 3.353218786557991660 ) ) ;
#15 = CARTESIAN_POINT ( 'NONE',  ( -24.63925235638915368, -24.85774010883072549, 8.000000000000000000 ) ) ;
#16 = EDGE_CURVE ( 'NONE', #1156, #1441, #1534, .T. ) ;
#17 = CARTESIAN_POINT ( 'NONE',  ( 0.000000000000000000, 0.000000000000000000, -8.500000000000000000 ) ) ;
#18 = CARTESIAN_POINT ( 'NONE',  ( 0.000000000000000000, 0.000000000000000000, -8.000000000000000000 ) ) ;
#19 = ORIENTED_EDGE ( 'NONE', *, *, #704, .F. ) ;
#20 = ORIENTED_EDGE ( 'NONE', *, *, #509, .T. ) ;
#21 = CARTESIAN_POINT ( 'NONE',  ( 33.23026053910521682, -10.98862068246907242, -5.524679704034233474 ) ) ;
#22 = CARTESIAN_POINT ( 'NONE',  ( -9.287086006681530392, -11.60813270127734143, -8.000000000000000000 ) ) ;
#23 = CARTESIAN_POINT ( 'NONE',  ( 8.553754238789656128, 12.32958359513055235, 4.949283202396101977 ) ) ;
#24 = ADVANCED_FACE ( 'NONE', ( #2942 ), #2450, .F. ) ;
#25 = CARTESIAN_POINT ( 'NONE',  ( 13.33012303507605978, -35.57343168517986243, -8.000000000000000000 ) ) ;
#26 = CARTESIAN_POINT ( 'NONE',  ( 12.16966019111336550, 33.57118283669868219, 8.000000000000000000 ) ) ;
#27 = CARTESIAN_POINT ( 'NONE',  ( -11.05441723915792451, 10.14371182126676985, -1.516390412386839248 ) ) ;
#28 = CARTESIAN_POINT ( 'NONE',  ( 1.060292604313635811, 14.96386363766768923, -3.567615167083876937 ) ) ;
#29 = CARTESIAN_POINT ( 'NONE',  ( 3.667654303050012832, -14.54677000784839791, -6.221791264642863695 ) ) ;
#30 = CARTESIAN_POINT ( 'NONE',  ( 35.00000000000001421, -2.688821387764051312E-14, 1.995833495980581018 ) ) ;
#31 = CARTESIAN_POINT ( 'NONE',  ( -12.07051890349795720, 10.31842013744904030, 0.2827642305349036822 ) ) ;
#32 = EDGE_LOOP ( 'NONE', ( #1509, #1765, #373, #2981 ) ) ;
#33 = CARTESIAN_POINT ( 'NONE',  ( -12.34153606165438255, -20.36197517504280086, 0.2827642305349024054 ) ) ;
#34 = CARTESIAN_POINT ( 'NONE',  ( -6.569845802879590302, -6.314579158802830605, -8.000000000000000000 ) ) ;
#35 = CARTESIAN_POINT ( 'NONE',  ( 7.161268078556439320, -6.019522554395150493, 3.224815851137015521 ) ) ;
#36 = ORIENTED_EDGE ( 'NONE', *, *, #1954, .T. ) ;
#37 = ADVANCED_FACE ( 'NONE', ( #658 ), #919, .T. ) ;
#38 = AXIS2_PLACEMENT_3D ( 'NONE', #1667, #2766, #1061 ) ;
#39 = CARTESIAN_POINT ( 'NONE',  ( 13.07042774165128485, -35.69045206243161061, -8.000000000000000000 ) ) ;
#40 = CARTESIAN_POINT ( 'NONE',  ( 2.771160708778174886, 13.20422848159769558, 8.000000000000000000 ) ) ;
#41 = CARTESIAN_POINT ( 'NONE',  ( 9.885938636515513522, 5.482787781254411463, 8.000000000000000000 ) ) ;
#42 = CARTESIAN_POINT ( 'NONE',  ( 3.179433318938756248, 8.539788498365970426, -8.000000000000000000 ) ) ;
#43 = CARTESIAN_POINT ( 'NONE',  ( -6.830174025189395870, -34.34114756434080817, 2.186927751437574674 ) ) ;
#44 = FACE_OUTER_BOUND ( 'NONE', #2818, .T. ) ;
#45 = ORIENTED_EDGE ( 'NONE', *, *, #1005, .T. ) ;
#46 = FACE_OUTER_BOUND ( 'NONE', #313, .T. ) ;
#47 = DIRECTION ( 'NONE',  ( -0.02543806065217166235, -0.9996764001767053376, 0.000000000000000000 ) ) ;
#48 = CARTESIAN_POINT ( 'NONE',  ( 33.22084453904000156, -11.01705442089385656, -8.000000000000000000 ) ) ;
#49 = CARTESIAN_POINT ( 'NONE',  ( -14.66448056957381674, -3.187956398637484146, -2.116152478499253142 ) ) ;
#50 = ORIENTED_EDGE ( 'NONE', *, *, #1419, .T. ) ;
#51 = EDGE_CURVE ( 'NONE', #1937, #444, #2987, .T. ) ;
#52 = CARTESIAN_POINT ( 'NONE',  ( 16.21943034423564356, 31.02983290318072562, 5.417831410484543753 ) ) ;
#53 = CARTESIAN_POINT ( 'NONE',  ( 10.30381821842061107, 4.710270472112605411, -8.000000000000000000 ) ) ;
#54 = B_SPLINE_CURVE_WITH_KNOTS ( 'NONE', 3,
 ( #2202, #537, #2671, #1508 ),
 .UNSPECIFIED., .F., .F.,
 ( 4, 4 ),
 ( 0.0004346786270710446408, 0.0005326445540414779297 ),
 .UNSPECIFIED. ) ;
#55 = CARTESIAN_POINT ( 'NONE',  ( -3.175655345728638945, 17.61688765906977139, 3.224815851137015521 ) ) ;
#56 = B_SPLINE_CURVE_WITH_KNOTS ( 'NONE', 3,
 ( #74, #43, #980, #778, #306, #1269, #2588, #2859, #518, #2876 ),
 .UNSPECIFIED., .F., .F.,
 ( 4, 2, 2, 2, 4 ),
 ( 0.01488204684933954608, 0.01824191049705064030, 0.02160177414476173452, 0.02496163779247282874, 0.02832150144018392296 ),
 .UNSPECIFIED. ) ;
#57 = CIRCLE ( 'NONE', #1138, 15.00000000000000000 ) ;
#58 = VERTEX_POINT ( 'NONE', #2975 ) ;
#59 = CARTESIAN_POINT ( 'NONE',  ( 0.000000000000000000, 0.000000000000000000, -7.500000000000000000 ) ) ;
#60 = ADVANCED_FACE ( 'NONE', ( #918 ), #2263, .T. ) ;
#61 = CARTESIAN_POINT ( 'NONE',  ( 10.38804836347984306, 10.83737377198595730, 0.4665652560019978301 ) ) ;
#62 = CARTESIAN_POINT ( 'NONE',  ( 10.01599999999999646, 4.999999999999999112, 8.000000000000000000 ) ) ;
#63 = ORIENTED_EDGE ( 'NONE', *, *, #2209, .T. ) ;
#64 = CARTESIAN_POINT ( 'NONE',  ( 2.768679694703991334, -10.87272139594347209, 8.000000000000001776 ) ) ;
#65 = CARTESIAN_POINT ( 'NONE',  ( 2.906497745740577177, -17.60002599015138358, 7.999999999999992895 ) ) ;
#66 = DIRECTION ( 'NONE',  ( -0.9009688679024216995, -0.4338837391175525693, 0.000000000000000000 ) ) ;
#67 = ORIENTED_EDGE ( 'NONE', *, *, #2220, .T. ) ;
#68 = ADVANCED_FACE ( 'NONE', ( #218 ), #2049, .T. ) ;
#69 = CARTESIAN_POINT ( 'NONE',  ( 3.428782123509038104, -14.60285770489820223, -7.500000000000000000 ) ) ;
#70 = CARTESIAN_POINT ( 'NONE',  ( -9.945042642430605540, -5.895052002237297195, 3.224815851137018186 ) ) ;
#71 = CARTESIAN_POINT ( 'NONE',  ( 1.652410653405038232, 14.91189354316925275, -2.644588106495990409 ) ) ;
#72 = CARTESIAN_POINT ( 'NONE',  ( -12.87721640888124952, 7.716055769275175003, 0.4665652560019972195 ) ) ;
#73 = ADVANCED_FACE ( 'NONE', ( #2754 ), #1149, .T. ) ;
#74 = CARTESIAN_POINT ( 'NONE',  ( -7.788232688471130594, -34.12247692636378815, 1.645377140003623673 ) ) ;
#75 = CARTESIAN_POINT ( 'NONE',  ( -34.54868476780755771, 5.689314304779882647, 6.839264579719429804 ) ) ;
#76 = ORIENTED_EDGE ( 'NONE', *, *, #1505, .T. ) ;
#77 = CARTESIAN_POINT ( 'NONE',  ( -4.782514487441662965, -17.25013254570962218, 3.224815851137015521 ) ) ;
#78 = CARTESIAN_POINT ( 'NONE',  ( -17.04147993019975260, -17.64103244678726057, 8.000000000000014211 ) ) ;
#79 = CARTESIAN_POINT ( 'NONE',  ( 21.82214306505602508, 27.36410188638075880, 1.995833495980585903 ) ) ;
#80 = AXIS2_PLACEMENT_3D ( 'NONE', #3000, #1843, #1828 ) ;
#81 = CARTESIAN_POINT ( 'NONE',  ( 15.57242611495057716, -8.701045275965675785, 7.999999999999992895 ) ) ;
#82 = FACE_OUTER_BOUND ( 'NONE', #520, .T. ) ;
#83 = CARTESIAN_POINT ( 'NONE',  ( 19.95406969841220501, 12.99071390883051969, 0.2827642305349024054 ) ) ;
#84 = AXIS2_PLACEMENT_3D ( 'NONE', #996, #1690, #532 ) ;
#85 = CARTESIAN_POINT ( 'NONE',  ( 28.53185877123981129, 20.28853653128985712, -5.940280989077894702 ) ) ;
#86 = CARTESIAN_POINT ( 'NONE',  ( 13.99999999999999822, 0.000000000000000000, -8.500000000000000000 ) ) ;
#87 = EDGE_CURVE ( 'NONE', #1548, #340, #256, .T. ) ;
#88 = CARTESIAN_POINT ( 'NONE',  ( 12.96276775551461036, 7.555727907047164571, -5.872181075905481329 ) ) ;
#89 = CARTESIAN_POINT ( 'NONE',  ( 9.984030378790377469, 5.118671233930153441, 8.000000000000001776 ) ) ;
#90 = ORIENTED_EDGE ( 'NONE', *, *, #1103, .F. ) ;
#91 = B_SPLINE_CURVE_WITH_KNOTS ( 'NONE', 3,
 ( #556, #2173, #99, #1031, #570, #349, #2192, #118, #1048, #1970, #874, #1567 ),
 .UNSPECIFIED., .F., .F.,
 ( 4, 2, 2, 2, 2, 4 ),
 ( 0.000000000000000000, 0.003720511712334890857, 0.007441023424669781713, 0.009301279280837222371, 0.01116153513700466650, 0.01488204684933955649 ),
 .UNSPECIFIED. ) ;
#92 = DIRECTION ( 'NONE',  ( -0.000000000000000000, -0.000000000000000000, 1.000000000000000000 ) ) ;
#93 = CARTESIAN_POINT ( 'NONE',  ( -5.117649190108720880, -19.47191850612126984, 3.224815851137015521 ) ) ;
#94 = CARTESIAN_POINT ( 'NONE',  ( 29.07239975754071892, 19.49319181248294441, -5.158510619863070801 ) ) ;
#95 = EDGE_LOOP ( 'NONE', ( #2170, #2310, #2694 ) ) ;
#96 = EDGE_LOOP ( 'NONE', ( #1737, #1609, #2493, #2642, #1835, #1231, #1085, #1494, #997, #839, #2244, #1634, #1282, #1946, #1475, #1533, #602, #2982 ) ) ;
#97 = FACE_OUTER_BOUND ( 'NONE', #412, .T. ) ;
#98 = CARTESIAN_POINT ( 'NONE',  ( -23.61445511079424975, -3.046482432323938561, 0.2827642305349024054 ) ) ;
#99 = CARTESIAN_POINT ( 'NONE',  ( 13.43092470038948782, -32.33112960006077685, -5.940280989077890261 ) ) ;
#100 = ORIENTED_EDGE ( 'NONE', *, *, #457, .T. ) ;
#101 = CARTESIAN_POINT ( 'NONE',  ( 15.00000000000000000, 1.061650767297805942E-11, 1.792143648982074788 ) ) ;
#102 = AXIS2_PLACEMENT_3D ( 'NONE', #1364, #907, #2277 ) ;
#103 = B_SPLINE_CURVE_WITH_KNOTS ( 'NONE', 3,
 ( #203, #2051, #1556, #1783 ),
 .UNSPECIFIED., .F., .F.,
 ( 4, 4 ),
 ( 0.1065940371341894816, 0.8108127872970233296 ),
 .UNSPECIFIED. ) ;
#104 = AXIS2_PLACEMENT_3D ( 'NONE', #1322, #425, #2234 ) ;
#105 = CARTESIAN_POINT ( 'NONE',  ( 3.285200184374422960, -14.49848857828120430, -8.000000000000000000 ) ) ;
#106 = CARTESIAN_POINT ( 'NONE',  ( -27.22827437507654835, -26.43144102306095533, 8.000000000000000000 ) ) ;
#107 = CARTESIAN_POINT ( 'NONE',  ( -12.41666935306744612, -8.454244921554767700, 5.842662742232567652 ) ) ;
#108 = CARTESIAN_POINT ( 'NONE',  ( -14.52749770198932922, -3.757701636602992057, 0.6273122612027047795 ) ) ;
#109 = ORIENTED_EDGE ( 'NONE', *, *, #2351, .T. ) ;
#110 = CARTESIAN_POINT ( 'NONE',  ( -4.694331251592730680, 7.810252103915818367, -8.000000000000000000 ) ) ;
#111 = CARTESIAN_POINT ( 'NONE',  ( -37.74272127741458149, -4.609113203701427075, -8.000000000000000000 ) ) ;
#112 = FACE_OUTER_BOUND ( 'NONE', #357, .T. ) ;
#113 = EDGE_LOOP ( 'NONE', ( #67, #693, #2475, #2954, #1051 ) ) ;
#114 = ORIENTED_EDGE ( 'NONE', *, *, #116, .T. ) ;
#115 = CARTESIAN_POINT ( 'NONE',  ( 13.99999999999999822, 0.000000000000000000, -7.500000000000000000 ) ) ;
#116 = EDGE_CURVE ( 'NONE', #444, #1198, #2819, .T. ) ;
#117 = CARTESIAN_POINT ( 'NONE',  ( -14.94409912205375157, -0.5423478926054851046, -7.847903733154811157 ) ) ;
#118 = CARTESIAN_POINT ( 'NONE',  ( 18.35731484974621353, -29.80379312423864491, -0.9441851375371543842 ) ) ;
#119 = ORIENTED_EDGE ( 'NONE', *, *, #223, .F. ) ;
#120 = CARTESIAN_POINT ( 'NONE',  ( 22.59044646025599690, -26.75140037412078442, 2.186927751437579559 ) ) ;
#121 = CARTESIAN_POINT ( 'NONE',  ( -9.813301395116612369, 11.34467987622512020, -7.676535189758888933 ) ) ;
#122 = CARTESIAN_POINT ( 'NONE',  ( -24.99271642429096474, -24.50232898593472086, 8.000000000000000000 ) ) ;
#123 = CARTESIAN_POINT ( 'NONE',  ( 3.365711462450335922, 15.86023114073207019, -8.000000000000007105 ) ) ;
#124 = CARTESIAN_POINT ( 'NONE',  ( 9.952060757580717620, 5.237342467860327311, 8.000000000000000000 ) ) ;
#125 = VERTEX_POINT ( 'NONE', #461 ) ;
#126 = CARTESIAN_POINT ( 'NONE',  ( -11.26158053232283862, -0.5214353667362765510, 8.000000000000007105 ) ) ;
#127 = CARTESIAN_POINT ( 'NONE',  ( -5.181366870813073788, -17.97504258427817447, 3.224815851137015521 ) ) ;
#128 = LINE ( 'NONE', #2850, #1739 ) ;
#129 = VERTEX_POINT ( 'NONE', #2073 ) ;
#130 = CARTESIAN_POINT ( 'NONE',  ( -13.99999999999999822, 1.714505518806294441E-15, -7.500000000000000000 ) ) ;
#131 = CARTESIAN_POINT ( 'NONE',  ( -18.80212096139122835, -2.112602447013878226, 0.2827642305349036822 ) ) ;
#132 = CARTESIAN_POINT ( 'NONE',  ( 22.57444830550714698, 14.94364079399559131, 0.2827642305349036822 ) ) ;
#133 = EDGE_CURVE ( 'NONE', #1156, #808, #1391, .T. ) ;
#134 = VERTEX_POINT ( 'NONE', #539 ) ;
#135 = B_SPLINE_CURVE_WITH_KNOTS ( 'NONE', 3,
 ( #1473, #107, #2602, #1961, #291, #1021 ),
 .UNSPECIFIED., .F., .F.,
 ( 4, 2, 4 ),
 ( 0.000000000000000000, 0.002697738454498586208, 0.005395476908997172416 ),
 .UNSPECIFIED. ) ;
#136 = CARTESIAN_POINT ( 'NONE',  ( 17.79589120888049081, 26.33340496821385912, 3.224815851137011968 ) ) ;
#137 = CARTESIAN_POINT ( 'NONE',  ( -9.957268162964352243, 27.73844300047909783, 3.224815851137015077 ) ) ;
#138 = AXIS2_PLACEMENT_3D ( 'NONE', #2334, #1631, #1833 ) ;
#139 = CARTESIAN_POINT ( 'NONE',  ( -34.70721404747430228, -4.517664558464133506, -5.524679704034233474 ) ) ;
#140 = DIRECTION ( 'NONE',  ( -0.000000000000000000, -0.000000000000000000, 1.000000000000000000 ) ) ;
#141 = CARTESIAN_POINT ( 'NONE',  ( -25.32118394622754920, -24.18180237441647051, 7.397404424007219426 ) ) ;
#142 = ORIENTED_EDGE ( 'NONE', *, *, #1346, .F. ) ;
#143 = CARTESIAN_POINT ( 'NONE',  ( -24.99271642429096474, -24.50232898593472086, 8.000000000000000000 ) ) ;
#144 = CARTESIAN_POINT ( 'NONE',  ( 34.17747725912121126, 7.602804634639944936, 5.909000145677005378 ) ) ;
#145 = CARTESIAN_POINT ( 'NONE',  ( 33.83466666666665645, 11.41666666666666607, 8.000000000000000000 ) ) ;
#146 = ORIENTED_EDGE ( 'NONE', *, *, #1009, .T. ) ;
#147 = CARTESIAN_POINT ( 'NONE',  ( -9.852087968102756221, 11.31089575006174996, -7.500000000000000000 ) ) ;
#148 = B_SPLINE_CURVE_WITH_KNOTS ( 'NONE', 3,
 ( #1975, #2896, #830, #2436 ),
 .UNSPECIFIED., .F., .F.,
 ( 4, 4 ),
 ( 0.000000000000000000, 0.0005438207838968588635 ),
 .UNSPECIFIED. ) ;
#149 = CARTESIAN_POINT ( 'NONE',  ( 18.57368135372894713, 29.68216402781904151, 3.732457164071004474 ) ) ;
#150 = ADVANCED_FACE ( 'NONE', ( #2852 ), #455, .T. ) ;
#151 = CARTESIAN_POINT ( 'NONE',  ( 26.17750489026483152, 16.09443962014950458, -8.000000000000001776 ) ) ;
#152 = VERTEX_POINT ( 'NONE', #69 ) ;
#153 = ORIENTED_EDGE ( 'NONE', *, *, #1050, .T. ) ;
#154 = DIRECTION ( 'NONE',  ( -0.9828165428345654320, 0.1845850566289503614, 0.000000000000000000 ) ) ;
#155 = CARTESIAN_POINT ( 'NONE',  ( -34.44135367226687805, -6.243883186774629834, -4.069711605607346350 ) ) ;
#156 = DIRECTION ( 'NONE',  ( 0.000000000000000000, 0.000000000000000000, 1.000000000000000000 ) ) ;
#157 = EDGE_CURVE ( 'NONE', #2204, #1144, #1401, .T. ) ;
#158 = CARTESIAN_POINT ( 'NONE',  ( -11.36983586938820956, -33.10587977855353614, -0.5940682183808290162 ) ) ;
#159 = PERSON_AND_ORGANIZATION ( #2223, #334 ) ;
#160 = VECTOR ( 'NONE', #154, 1000.000000000000000 ) ;
#161 = CARTESIAN_POINT ( 'NONE',  ( -25.25410125384634341, 25.07973675281616011, -8.000000000000000000 ) ) ;
#162 = CARTESIAN_POINT ( 'NONE',  ( 33.44687347249318776, 10.35225881737567377, 7.449193149968813543 ) ) ;
#163 = CARTESIAN_POINT ( 'NONE',  ( 35.31368718807297569, -6.469865442335605898, 0.2827642305349036822 ) ) ;
#164 = ORIENTED_EDGE ( 'NONE', *, *, #1217, .T. ) ;
#165 = CARTESIAN_POINT ( 'NONE',  ( -14.07285439328876286, 5.191798265080524999, 5.438045384095286039 ) ) ;
#166 = CARTESIAN_POINT ( 'NONE',  ( 0.000000000000000000, 0.000000000000000000, -7.500000000000000000 ) ) ;
#167 = PLANE ( 'NONE',  #1793 ) ;
#168 = ORIENTED_EDGE ( 'NONE', *, *, #2245, .F. ) ;
#169 = EDGE_CURVE ( 'NONE', #1057, #1423, #991, .T. ) ;
#170 = ORIENTED_EDGE ( 'NONE', *, *, #2719, .T. ) ;
#171 = CARTESIAN_POINT ( 'NONE',  ( 25.50985407300676755, -23.98453433512041499, 4.237358947068423198 ) ) ;
#172 = CARTESIAN_POINT ( 'NONE',  ( -25.01228374281123124, 24.48342843873757602, -6.338578789089836185 ) ) ;
#173 = CARTESIAN_POINT ( 'NONE',  ( -4.120234753615964252, 34.76055392516008880, -0.5940682183808281280 ) ) ;
#174 = COORDINATED_UNIVERSAL_TIME_OFFSET ( 5, 0, .AHEAD. ) ;
#175 = CARTESIAN_POINT ( 'NONE',  ( -10.80956991274102208, 4.099842627517448435, 3.224815851137018186 ) ) ;
#176 = DIRECTION ( 'NONE',  ( -0.000000000000000000, -0.000000000000000000, 1.000000000000000000 ) ) ;
#177 = CARTESIAN_POINT ( 'NONE',  ( -7.257397505455893238, -13.12945907269442181, -3.195909463663649586 ) ) ;
#178 = ORIENTED_EDGE ( 'NONE', *, *, #853, .F. ) ;
#179 = ORIENTED_EDGE ( 'NONE', *, *, #1591, .F. ) ;
#180 = CARTESIAN_POINT ( 'NONE',  ( -7.788232688471138587, -34.12247692636379526, -8.500000000000000000 ) ) ;
#181 = CARTESIAN_POINT ( 'NONE',  ( -15.00000000000000000, 0.000000000000000000, 8.500000000000000000 ) ) ;
#182 = DIRECTION ( 'NONE',  ( 1.000000000000000000, 0.000000000000000000, 0.000000000000000000 ) ) ;
#183 = ORIENTED_EDGE ( 'NONE', *, *, #2481, .F. ) ;
#184 = B_SPLINE_SURFACE_WITH_KNOTS ( 'NONE', 3, 3, ( 
 ( #25, #2141, #932, #726 ),
 ( #1215, #2539, #974, #471 ),
 ( #944, #758, #2127, #1412 ),
 ( #2823, #1398, #2594, #961 ),
 ( #1910, #2781, #2793, #1189 ),
 ( #1174, #2581, #2100, #1880 ),
 ( #283, #1680, #35, #525 ) ),
 .UNSPECIFIED., .F., .F., .F.,
 ( 4, 1, 1, 1, 4 ),
 ( 4, 4 ),
 ( 0.006786499710591128998, 0.1295974546841656971, 0.2524084096577401404, 0.3752193646313147779, 0.4980303196048893044 ),
 ( 0.000000000000000000, 1.000000000000000000 ),
 .UNSPECIFIED. ) ;
#185 = CARTESIAN_POINT ( 'NONE',  ( 23.34417574117356509, -26.09716381849600708, 2.706526749215316663 ) ) ;
#186 = B_SPLINE_CURVE_WITH_KNOTS ( 'NONE', 3,
 ( #2913, #850, #1537, #864, #1785, #1557, #1213, #2125, #1856, #908 ),
 .UNSPECIFIED., .F., .F.,
 ( 4, 2, 2, 2, 4 ),
 ( 0.000000000000000000, 0.003238412193772351004, 0.006476824387544702008, 0.009715236581317052145, 0.01295364877508940402 ),
 .UNSPECIFIED. ) ;
#187 = CARTESIAN_POINT ( 'NONE',  ( 2.280879102142354231, -8.892872186962401670, 0.2827642305349036822 ) ) ;
#188 = CARTESIAN_POINT ( 'NONE',  ( -2.597894145260623233, 34.90713450134726514, -1.675414736673144889 ) ) ;
#189 = PERSON_AND_ORGANIZATION ( #2223, #334 ) ;
#190 = CIRCLE ( 'NONE', #1068, 15.00000000000000000 ) ;
#191 = CARTESIAN_POINT ( 'NONE',  ( 0.000000000000000000, 0.000000000000000000, -8.000000000000000000 ) ) ;
#192 = ADVANCED_FACE ( 'NONE', ( #97 ), #2527, .T. ) ;
#193 = LOCAL_TIME ( 13, 3, 4.000000000000000000, #1140 ) ;
#194 = PLANE ( 'NONE',  #104 ) ;
#195 = CYLINDRICAL_SURFACE ( 'NONE', #2075, 35.00000000000000000 ) ;
#196 = ORIENTED_EDGE ( 'NONE', *, *, #1335, .F. ) ;
#197 = VERTEX_POINT ( 'NONE', #165 ) ;
#198 = FACE_OUTER_BOUND ( 'NONE', #2920, .T. ) ;
#199 = DIRECTION ( 'NONE',  ( 1.000000000000000000, 0.000000000000000000, 0.000000000000000000 ) ) ;
#200 = EDGE_CURVE ( 'NONE', #2959, #1541, #565, .T. ) ;
#201 = CARTESIAN_POINT ( 'NONE',  ( 3.330795344949327053, 14.48808178041621098, -8.000000000000000000 ) ) ;
#202 = CARTESIAN_POINT ( 'NONE',  ( 24.17476767349903355, 16.61604542261362027, 0.2827642305349036822 ) ) ;
#203 = CARTESIAN_POINT ( 'NONE',  ( -25.17164638856565517, 24.31847483065107696, -5.524679704034233474 ) ) ;
#204 = CARTESIAN_POINT ( 'NONE',  ( -14.91009128135592832, 5.251604272976662102E-16, -7.914407842107163304 ) ) ;
#205 = CARTESIAN_POINT ( 'NONE',  ( 3.924545892985060735, 37.82155906783032151, -8.000000000000000000 ) ) ;
#206 = APPROVAL_ROLE ( '' ) ;
#207 = EDGE_CURVE ( 'NONE', #152, #635, #955, .T. ) ;
#208 = DIRECTION ( 'NONE',  ( 0.9009688679024158153, -0.4338837391175652258, 0.000000000000000000 ) ) ;
#209 = CARTESIAN_POINT ( 'NONE',  ( 16.51199999999998269, 6.749999999999995559, 7.999999999999992895 ) ) ;
#210 = ORIENTED_EDGE ( 'NONE', *, *, #2833, .F. ) ;
#211 = CIRCLE ( 'NONE', #1762, 14.86602540378443571 ) ;
#212 = ORIENTED_EDGE ( 'NONE', *, *, #558, .F. ) ;
#213 = CARTESIAN_POINT ( 'NONE',  ( 34.99999999999998579, 2.602085213965209853E-15, 1.645377140003621452 ) ) ;
#214 = CIRCLE ( 'NONE', #1141, 15.00000000000000000 ) ;
#215 = CARTESIAN_POINT ( 'NONE',  ( 17.70671543057777697, 30.20732975221756433, 4.237358947068419646 ) ) ;
#216 = CARTESIAN_POINT ( 'NONE',  ( -0.000000000000000000, 0.000000000000000000, -8.500000000000000000 ) ) ;
#217 = EDGE_CURVE ( 'NONE', #1580, #1330, #1985, .T. ) ;
#218 = FACE_OUTER_BOUND ( 'NONE', #2341, .T. ) ;
#219 = CARTESIAN_POINT ( 'NONE',  ( -29.47075037853483437, 18.88734934317720970, -0.9441851375371568267 ) ) ;
#220 = CARTESIAN_POINT ( 'NONE',  ( 10.44542396358295377, -4.317434477211274491, 8.000000000000000000 ) ) ;
#221 = CARTESIAN_POINT ( 'NONE',  ( 3.145494546082087783, -10.85811257262470697, 8.000000000000000000 ) ) ;
#222 = CARTESIAN_POINT ( 'NONE',  ( -32.07975219291472513, 11.10828303453563493, 3.224815851137015521 ) ) ;
#223 = EDGE_CURVE ( 'NONE', #802, #237, #1530, .T. ) ;
#224 = ORIENTED_EDGE ( 'NONE', *, *, #2165, .F. ) ;
#225 = VERTEX_POINT ( 'NONE', #2956 ) ;
#226 = CARTESIAN_POINT ( 'NONE',  ( 29.25868293290787392, 3.535234418193057948, 3.224815851137015077 ) ) ;
#227 = CARTESIAN_POINT ( 'NONE',  ( 0.000000000000000000, 0.000000000000000000, -7.500000000000000000 ) ) ;
#228 = CARTESIAN_POINT ( 'NONE',  ( 13.54023979183381421, -6.454692850509955449, -7.676919441681065770 ) ) ;
#229 = CARTESIAN_POINT ( 'NONE',  ( 13.22885213627215251, 6.972640171630042794, -7.847903733154811157 ) ) ;
#230 = EDGE_CURVE ( 'NONE', #2415, #1330, #2569, .T. ) ;
#231 = CARTESIAN_POINT ( 'NONE',  ( -8.287211835670635907, 12.52706096968735849, 7.545709053802005961 ) ) ;
#232 = DIRECTION ( 'NONE',  ( -0.9009688679024222546, -0.4338837391175517921, 0.000000000000000000 ) ) ;
#233 = B_SPLINE_SURFACE_WITH_KNOTS ( 'NONE', 3, 3, ( 
 ( #1044, #2953, #1562, #2283 ),
 ( #2459, #2734, #665, #1593 ),
 ( #2517, #2687, #2253, #209 ),
 ( #2042, #2491, #441, #2919 ),
 ( #1127, #856, #899, #2028 ),
 ( #410, #163, #1369, #145 ),
 ( #2221, #2505, #1355, #1079 ) ),
 .UNSPECIFIED., .F., .F., .F.,
 ( 4, 1, 1, 1, 4 ),
 ( 4, 4 ),
 ( 0.7525906367204815428, 0.8144429775403594363, 0.8762953183602442131, 0.9381476591801221065, 1.000000000000000000 ),
 ( 0.000000000000000000, 1.000000000000000000 ),
 .UNSPECIFIED. ) ;
#235 = CARTESIAN_POINT ( 'NONE',  ( -9.086377705662629367, -11.93725035081179264, -6.221791264642867247 ) ) ;
#234 = AXIS2_PLACEMENT_3D ( 'NONE', #1160, #2258, #182 ) ;
#236 = CARTESIAN_POINT ( 'NONE',  ( -14.99970937458060938, -0.09337386207385317549, -7.500000000000000000 ) ) ;
#237 = VERTEX_POINT ( 'NONE', #378 ) ;
#238 = ORIENTED_EDGE ( 'NONE', *, *, #2540, .T. ) ;
#239 = CARTESIAN_POINT ( 'NONE',  ( 0.000000000000000000, 0.000000000000000000, 8.000000000000000000 ) ) ;
#240 = DIRECTION ( 'NONE',  ( 0.000000000000000000, 0.000000000000000000, 1.000000000000000000 ) ) ;
#241 = FACE_OUTER_BOUND ( 'NONE', #2736, .T. ) ;
#242 = DIRECTION ( 'NONE',  ( 0.6234898018587319291, -0.7818314824680309139, 0.000000000000000000 ) ) ;
#243 = EDGE_CURVE ( 'NONE', #2832, #2043, #1102, .T. ) ;
#244 = CARTESIAN_POINT ( 'NONE',  ( -13.99999999999999822, 1.714505518806294441E-15, -7.500000000000000000 ) ) ;
#245 = CARTESIAN_POINT ( 'NONE',  ( 2.453582303574893153, 34.91665582365873632, -4.791033894965216255 ) ) ;
#246 = EDGE_CURVE ( 'NONE', #125, #134, #586, .T. ) ;
#247 = CARTESIAN_POINT ( 'NONE',  ( 29.32633776954447669, 19.10408105684724234, -8.000000000000000000 ) ) ;
#248 = CARTESIAN_POINT ( 'NONE',  ( -34.17210670617187418, 11.90755925127530901, 3.224815851137015521 ) ) ;
#249 = ORIENTED_EDGE ( 'NONE', *, *, #2078, .F. ) ;
#250 = VERTEX_POINT ( 'NONE', #147 ) ;
#251 = DIRECTION ( 'NONE',  ( 0.9009688679024158153, -0.4338837391175651703, 0.000000000000000000 ) ) ;
#252 = CARTESIAN_POINT ( 'NONE',  ( 10.61232472508415370, 10.61002219654642609, 2.119968921921238980 ) ) ;
#253 = CARTESIAN_POINT ( 'NONE',  ( -14.98589076743931514, -0.6504443914564506102, -7.500000000000000000 ) ) ;
#254 = VECTOR ( 'NONE', #965, 1000.000000000000227 ) ;
#255 = VERTEX_POINT ( 'NONE', #347 ) ;
#256 = LINE ( 'NONE', #687, #1687 ) ;
#257 = CIRCLE ( 'NONE', #12, 15.00000000000000000 ) ;
#258 = CARTESIAN_POINT ( 'NONE',  ( -9.616049308364756243, 11.51485134281015377, -6.221791264642866359 ) ) ;
#259 = CARTESIAN_POINT ( 'NONE',  ( 1.465960215974777769, 14.92958124056580971, -4.321607816158867799 ) ) ;
#260 = EDGE_CURVE ( 'NONE', #1014, #2000, #2114, .T. ) ;
#261 = CARTESIAN_POINT ( 'NONE',  ( 12.12747896078709076, -32.83175679210095410, -5.524679704034233474 ) ) ;
#262 = CARTESIAN_POINT ( 'NONE',  ( -26.64630558512380176, 22.69750170946566215, -3.714856427062251498 ) ) ;
#263 = EDGE_CURVE ( 'NONE', #640, #1441, #1974, .T. ) ;
#264 = CARTESIAN_POINT ( 'NONE',  ( 0.000000000000000000, 0.000000000000000000, 8.000000000000000000 ) ) ;
#265 = CARTESIAN_POINT ( 'NONE',  ( -14.90571720059467431, -1.707227209892032915, -2.644588106495991742 ) ) ;
#266 = ORIENTED_EDGE ( 'NONE', *, *, #1201, .F. ) ;
#267 = CARTESIAN_POINT ( 'NONE',  ( -7.800927077800187348, -11.67257719672262795, 0.2827642305349010732 ) ) ;
#268 = CARTESIAN_POINT ( 'NONE',  ( 14.48014003377673475, 3.956160335180976872, 5.307625781732952852 ) ) ;
#269 = CARTESIAN_POINT ( 'NONE',  ( -14.88147230501524376, -1.892938828525522199, -4.321607816158866910 ) ) ;
#270 = ORIENTED_EDGE ( 'NONE', *, *, #2503, .F. ) ;
#271 = CARTESIAN_POINT ( 'NONE',  ( -22.07647999176897713, -5.433646039008629636, 0.2827642305349036822 ) ) ;
#272 = CARTESIAN_POINT ( 'NONE',  ( 17.96819160583923392, 28.80362031325259764, 3.224815851137015521 ) ) ;
#273 = CARTESIAN_POINT ( 'NONE',  ( -4.715169862995541195, 14.23963388444726164, 5.438045384095286039 ) ) ;
#274 = CARTESIAN_POINT ( 'NONE',  ( -26.35549722514139859, 23.03433710884299046, -4.069711605607335692 ) ) ;
#275 = FACE_OUTER_BOUND ( 'NONE', #96, .T. ) ;
#276 = FACE_OUTER_BOUND ( 'NONE', #1413, .T. ) ;
#277 = ORIENTED_EDGE ( 'NONE', *, *, #1178, .T. ) ;
#278 = VECTOR ( 'NONE', #2001, 1000.000000000000000 ) ;
#279 = VECTOR ( 'NONE', #92, 1000.000000000000000 ) ;
#280 = CARTESIAN_POINT ( 'NONE',  ( 33.30568926679513453, 10.80060113964555413, 7.397404424007219426 ) ) ;
#281 = CARTESIAN_POINT ( 'NONE',  ( -6.528030478175499418, -9.229169120524050030, 8.000000000000000000 ) ) ;
#282 = CARTESIAN_POINT ( 'NONE',  ( -7.239709670627423321, -8.714466230569497540, -8.000000000000000000 ) ) ;
#283 = CARTESIAN_POINT ( 'NONE',  ( 1.296562164712550258, -8.868175775340560563, -8.000000000000000000 ) ) ;
#284 = ORIENTED_EDGE ( 'NONE', *, *, #1694, .T. ) ;
#285 = CIRCLE ( 'NONE', #2457, 14.86602540378443749 ) ;
#286 = CARTESIAN_POINT ( 'NONE',  ( 13.88971696467319639, -29.45466062493169446, 0.2827642305348989082 ) ) ;
#287 = EDGE_CURVE ( 'NONE', #1144, #2270, #1325, .T. ) ;
#288 = CARTESIAN_POINT ( 'NONE',  ( 11.71110957062935398, 33.77051002614793163, 8.000000000000000000 ) ) ;
#289 = CARTESIAN_POINT ( 'NONE',  ( -8.879292260587870800, 12.10239200217112554, 7.346459557191716172 ) ) ;
#290 = CARTESIAN_POINT ( 'NONE',  ( 5.875175719143205022, -13.80643649697759301, -0.9627315279408840132 ) ) ;
#291 = CARTESIAN_POINT ( 'NONE',  ( -10.36890327938441736, -10.86696743946143329, 7.545709053802005961 ) ) ;
#292 = CARTESIAN_POINT ( 'NONE',  ( 36.00000000000000000, -12.24223798116684492, -8.000000000000000000 ) ) ;
#293 = ADVANCED_FACE ( 'NONE', ( #902 ), #2991, .T. ) ;
#294 = VERTEX_POINT ( 'NONE', #1636 ) ;
#295 = CARTESIAN_POINT ( 'NONE',  ( 32.98456852592984490, 11.70547902301474608, 8.000000000000000000 ) ) ;
#296 = CARTESIAN_POINT ( 'NONE',  ( -22.13487715263811140, -22.03623673492407065, 7.999999999999988454 ) ) ;
#297 = DIRECTION ( 'NONE',  ( 0.000000000000000000, 0.000000000000000000, 1.000000000000000000 ) ) ;
#298 = B_SPLINE_CURVE_WITH_KNOTS ( 'NONE', 3,
 ( #213, #2791, #1396, #1172, #724, #2494, #2983, #1199, #280, #295 ),
 .UNSPECIFIED., .F., .F.,
 ( 4, 2, 2, 2, 4 ),
 ( 0.01488204684933954608, 0.01824191049705064030, 0.02160177414476173452, 0.02496163779247282874, 0.02832150144018392296 ),
 .UNSPECIFIED. ) ;
#299 = ORIENTED_EDGE ( 'NONE', *, *, #2132, .F. ) ;
#300 = CARTESIAN_POINT ( 'NONE',  ( 14.28074232026769863, -4.595166386169746708, -4.003899065775181398 ) ) ;
#301 = CARTESIAN_POINT ( 'NONE',  ( 0.000000000000000000, 0.000000000000000000, 8.000000000000000000 ) ) ;
#302 = CARTESIAN_POINT ( 'NONE',  ( 0.000000000000000000, 0.000000000000000000, -8.500000000000000000 ) ) ;
#303 = ADVANCED_FACE ( 'NONE', ( #429 ), #458, .F. ) ;
#304 = VECTOR ( 'NONE', #1678, 1000.000000000000114 ) ;
#305 = CARTESIAN_POINT ( 'NONE',  ( -13.45253542471635733, 6.662545288587290671, 1.651199456445375802 ) ) ;
#306 = CARTESIAN_POINT ( 'NONE',  ( -2.846730174108445865, -34.89851958772023721, 4.237358947068420534 ) ) ;
#307 = CARTESIAN_POINT ( 'NONE',  ( 21.80909384980212096, -8.621118990583418906, -8.000000000000000000 ) ) ;
#308 = VERTEX_POINT ( 'NONE', #1372 ) ;
#309 = CARTESIAN_POINT ( 'NONE',  ( -16.60200130409949537, -25.85858274664634493, -8.000000000000001776 ) ) ;
#310 = CARTESIAN_POINT ( 'NONE',  ( -19.78944291484959805, -32.45364038728421008, -7.999999999999988454 ) ) ;
#311 = ADVANCED_FACE ( 'NONE', ( #198 ), #2322, .F. ) ;
#312 = CARTESIAN_POINT ( 'NONE',  ( -33.32217036695094947, 10.74957732781731146, 4.444858693057520682 ) ) ;
#313 = EDGE_LOOP ( 'NONE', ( #624, #2255, #1547, #2567 ) ) ;
#314 = CARTESIAN_POINT ( 'NONE',  ( 13.03476193360051383, -35.70652330599570945, -7.999999999999988454 ) ) ;
#315 = CARTESIAN_POINT ( 'NONE',  ( 13.75125818506206699, -32.18844231018365321, -4.069711605607334803 ) ) ;
#316 = CARTESIAN_POINT ( 'NONE',  ( -7.788232688471166121, -34.12247692636379526, 1.995833495980581018 ) ) ;
#317 = FACE_OUTER_BOUND ( 'NONE', #2882, .T. ) ;
#318 = ADVANCED_FACE ( 'NONE', ( #1187 ), #1545, .T. ) ;
#319 = CARTESIAN_POINT ( 'NONE',  ( 1.158989950265790991, 11.29618466706416235, 0.2827642305349036822 ) ) ;
#320 = CARTESIAN_POINT ( 'NONE',  ( 0.000000000000000000, 0.000000000000000000, 8.000000000000000000 ) ) ;
#321 = CARTESIAN_POINT ( 'NONE',  ( 13.21960379459598833, 7.088164467187777262, -7.500000000000000000 ) ) ;
#322 = FACE_OUTER_BOUND ( 'NONE', #1791, .T. ) ;
#323 = ORIENTED_EDGE ( 'NONE', *, *, #207, .T. ) ;
#324 = CARTESIAN_POINT ( 'NONE',  ( 13.40395538615532445, 6.429050576245450621, -8.000000000000000000 ) ) ;
#325 = CARTESIAN_POINT ( 'NONE',  ( -33.49699073758650769, -8.490610045491564506, 0.2827642305349071794 ) ) ;
#326 = CARTESIAN_POINT ( 'NONE',  ( -34.09157629656892396, 7.979161342238262122, 5.909000145677002713 ) ) ;
#327 = ORIENTED_EDGE ( 'NONE', *, *, #1088, .T. ) ;
#328 = CARTESIAN_POINT ( 'NONE',  ( 17.57331181223689143, -32.08096490904313924, 0.2827642305349036822 ) ) ;
#329 = CARTESIAN_POINT ( 'NONE',  ( 0.000000000000000000, 0.000000000000000000, -8.000000000000000000 ) ) ;
#330 = LINE ( 'NONE', #1729, #2750 ) ;
#331 = VECTOR ( 'NONE', #1220, 1000.000000000000000 ) ;
#332 = ORIENTED_EDGE ( 'NONE', *, *, #2587, .T. ) ;
#333 = EDGE_CURVE ( 'NONE', #1983, #589, #2531, .T. ) ;
#334 = ORGANIZATION ( 'UNSPECIFIED', 'UNSPECIFIED', '' ) ;
#335 = CARTESIAN_POINT ( 'NONE',  ( 23.47804951042805044, 25.97827872707051000, 0.4192849016937478801 ) ) ;
#336 = CARTESIAN_POINT ( 'NONE',  ( -34.58719578826125485, -5.377620991920264437, -4.791033894966114204 ) ) ;
#337 = LINE ( 'NONE', #1501, #1181 ) ;
#338 = CARTESIAN_POINT ( 'NONE',  ( -18.75175521953157798, 29.55286240259597008, 8.000000000000000000 ) ) ;
#339 = CARTESIAN_POINT ( 'NONE',  ( -33.39008378282826328, 10.54100787754091506, 4.237358947068418757 ) ) ;
#340 = VERTEX_POINT ( 'NONE', #469 ) ;
#341 = EDGE_CURVE ( 'NONE', #2535, #2270, #2462, .T. ) ;
#342 = FACE_OUTER_BOUND ( 'NONE', #2582, .T. ) ;
#343 = CARTESIAN_POINT ( 'NONE',  ( -28.42678926019725338, -3.980362417634001559, 0.2827642305349036822 ) ) ;
#344 = DIRECTION ( 'NONE',  ( 0.000000000000000000, 0.000000000000000000, -1.000000000000000000 ) ) ;
#345 = ORIENTED_EDGE ( 'NONE', *, *, #1130, .T. ) ;
#346 = ORIENTED_EDGE ( 'NONE', *, *, #2116, .F. ) ;
#347 = CARTESIAN_POINT ( 'NONE',  ( 21.82214306505599311, 27.36410188638076235, 1.645377140003623673 ) ) ;
#348 = CARTESIAN_POINT ( 'NONE',  ( 3.968810802290980710, -14.46542570461092581, -7.500000000000000000 ) ) ;
#349 = CARTESIAN_POINT ( 'NONE',  ( 17.05042912274180367, -30.56989513967192096, -2.058150132034110236 ) ) ;
#350 = ORIENTED_EDGE ( 'NONE', *, *, #906, .F. ) ;
#351 = DIRECTION ( 'NONE',  ( 0.8053986533980361795, -0.5927335059743376044, 0.000000000000000000 ) ) ;
#352 = AXIS2_PLACEMENT_3D ( 'NONE', #792, #1718, #2629 ) ;
#353 = AXIS2_PLACEMENT_3D ( 'NONE', #430, #1147, #2973 ) ;
#354 = CARTESIAN_POINT ( 'NONE',  ( 0.000000000000000000, 0.000000000000000000, -8.500000000000000000 ) ) ;
#355 = CARTESIAN_POINT ( 'NONE',  ( 11.51451786948838674, 9.628403866588213234, -1.437846474134115926 ) ) ;
#356 = CARTESIAN_POINT ( 'NONE',  ( 9.983338724637237149, -5.603519831763905223, -8.000000000000000000 ) ) ;
#357 = EDGE_LOOP ( 'NONE', ( #2518, #2666, #90, #212, #567 ) ) ;
#358 = CARTESIAN_POINT ( 'NONE',  ( 14.88167627055653419, -1.914803442654902543, 1.854022789740233712 ) ) ;
#359 = EDGE_CURVE ( 'NONE', #1049, #2966, #298, .T. ) ;
#360 = CARTESIAN_POINT ( 'NONE',  ( 14.73886872705528539, 2.844540145976945045, 4.308957706953172817 ) ) ;
#361 = CARTESIAN_POINT ( 'NONE',  ( 24.77857884677591827, 24.78936312164371714, -0.1656752426352129937 ) ) ;
#362 = ORIENTED_EDGE ( 'NONE', *, *, #742, .F. ) ;
#363 = EDGE_LOOP ( 'NONE', ( #2762, #1721, #667, #1277 ) ) ;
#364 = CARTESIAN_POINT ( 'NONE',  ( -25.21255595339159683, 10.67707894573054617, 3.224815851137020406 ) ) ;
#365 = CARTESIAN_POINT ( 'NONE',  ( -10.78156404571955562, -0.5561358048304406720, 0.2827642305349036822 ) ) ;
#366 = CYLINDRICAL_SURFACE ( 'NONE', #1447, 35.00000000000000000 ) ;
#367 = EDGE_LOOP ( 'NONE', ( #838, #2353, #1596, #2325 ) ) ;
#368 = CARTESIAN_POINT ( 'NONE',  ( 31.91077881862323906, 20.65340215209500485, -7.999999999999988454 ) ) ;
#369 = CARTESIAN_POINT ( 'NONE',  ( 3.362614978392847398, 35.39413055070104264, -8.000000000000000000 ) ) ;
#370 = CARTESIAN_POINT ( 'NONE',  ( -33.86428577804201012, -8.892849495732621179, -2.025248799603496686 ) ) ;
#371 = LINE ( 'NONE', #281, #304 ) ;
#372 = CARTESIAN_POINT ( 'NONE',  ( -24.63925235638915368, -24.85774010883072549, 8.000000000000000000 ) ) ;
#373 = ORIENTED_EDGE ( 'NONE', *, *, #1896, .F. ) ;
#374 = CARTESIAN_POINT ( 'NONE',  ( -15.90875125282197011, 17.22997100331599540, -8.000000000000000000 ) ) ;
#375 = CARTESIAN_POINT ( 'NONE',  ( 0.000000000000000000, 0.000000000000000000, -7.500000000000000000 ) ) ;
#376 = CARTESIAN_POINT ( 'NONE',  ( 27.23745331074482934, 21.99840625802206162, -2.678269550534967625 ) ) ;
#377 = VERTEX_POINT ( 'NONE', #2862 ) ;
#378 = CARTESIAN_POINT ( 'NONE',  ( -7.788232688484802324, 34.12247692636068308, 1.995833495988298401 ) ) ;
#379 = FACE_OUTER_BOUND ( 'NONE', #1329, .T. ) ;
#380 = CARTESIAN_POINT ( 'NONE',  ( 16.02350178776977430, 10.06132358108291847, 0.2827642305349036822 ) ) ;
#381 = EDGE_LOOP ( 'NONE', ( #1995, #1851, #1080, #2692 ) ) ;
#382 = AXIS2_PLACEMENT_3D ( 'NONE', #115, #1511, #396 ) ;
#383 = ADVANCED_FACE ( 'NONE', ( #1241 ), #1595, .T. ) ;
#384 = CARTESIAN_POINT ( 'NONE',  ( 32.00519759003081077, 20.52862053748922833, -8.000000000000000000 ) ) ;
#385 = CARTESIAN_POINT ( 'NONE',  ( 14.31487918011701233, 4.550992908344511534, 7.108868673853900866 ) ) ;
#386 = CIRCLE ( 'NONE', #38, 14.86602540378443749 ) ;
#387 = B_SPLINE_CURVE_WITH_KNOTS ( 'NONE', 3,
 ( #2130, #2810, #2117, #1914 ),
 .UNSPECIFIED., .F., .F.,
 ( 4, 4 ),
 ( 0.000000000000000000, 0.0005438207838968588635 ),
 .UNSPECIFIED. ) ;
#388 = CARTESIAN_POINT ( 'NONE',  ( -34.35932119936829565, -6.681259754390537431, -3.714856427062253719 ) ) ;
#389 = FACE_OUTER_BOUND ( 'NONE', #466, .T. ) ;
#390 = CARTESIAN_POINT ( 'NONE',  ( 3.551989605961905827, 23.18067378309813975, -8.000000000000000000 ) ) ;
#391 = DIRECTION ( 'NONE',  ( 0.000000000000000000, 0.000000000000000000, 1.000000000000000000 ) ) ;
#392 = CARTESIAN_POINT ( 'NONE',  ( 3.246716554700998181, 14.64441298288977045, -7.500000000000000000 ) ) ;
#393 = EDGE_CURVE ( 'NONE', #928, #411, #476, .T. ) ;
#394 = CARTESIAN_POINT ( 'NONE',  ( 11.53408623737335148, -9.622481855632857517, 6.256391282027653489 ) ) ;
#395 = ORIENTED_EDGE ( 'NONE', *, *, #2230, .F. ) ;
#396 = DIRECTION ( 'NONE',  ( 0.000000000000000000, 0.000000000000000000, -1.000000000000000000 ) ) ;
#397 = CARTESIAN_POINT ( 'NONE',  ( -34.70721404747430228, -4.517664558464133506, -5.524679704034233474 ) ) ;
#398 = CARTESIAN_POINT ( 'NONE',  ( 0.000000000000000000, 0.000000000000000000, 8.000000000000000000 ) ) ;
#399 = ORIENTED_EDGE ( 'NONE', *, *, #950, .F. ) ;
#400 = VERTEX_POINT ( 'NONE', #2834 ) ;
#401 = CARTESIAN_POINT ( 'NONE',  ( -3.130828443480289991, 18.44306459930312414, 3.224815851137015521 ) ) ;
#402 = CARTESIAN_POINT ( 'NONE',  ( -25.17164638856565517, 24.31847483065107696, -5.524679704034233474 ) ) ;
#403 = TOROIDAL_SURFACE ( 'NONE', #1569, 13.99999999999999822, 1.000000000000000000 ) ;
#404 = CARTESIAN_POINT ( 'NONE',  ( -30.63742122379969146, -16.95172325044510586, 2.706526749215311334 ) ) ;
#405 = DIRECTION ( 'NONE',  ( 0.000000000000000000, 0.000000000000000000, 1.000000000000000000 ) ) ;
#406 = B_SPLINE_CURVE_WITH_KNOTS ( 'NONE', 3,
 ( #2195, #120, #185, #878, #171, #1829, #674, #1349, #1101, #2293 ),
 .UNSPECIFIED., .F., .F.,
 ( 4, 2, 2, 2, 4 ),
 ( 0.01488204684933955649, 0.01824191049705064724, 0.02160177414476173799, 0.02496163779247283221, 0.02832150144018392296 ),
 .UNSPECIFIED. ) ;
#407 = VECTOR ( 'NONE', #459, 1000.000000000000227 ) ;
#408 = CARTESIAN_POINT ( 'NONE',  ( -9.573605861615448021, 2.999522667106196749, 3.224815851137015521 ) ) ;
#409 = PLANE ( 'NONE',  #1711 ) ;
#410 = CARTESIAN_POINT ( 'NONE',  ( 36.05319744877613886, -12.03376098690755924, -8.000000000000000000 ) ) ;
#411 = VERTEX_POINT ( 'NONE', #769 ) ;
#412 = EDGE_LOOP ( 'NONE', ( #1240, #2005, #2227, #266, #2208 ) ) ;
#413 = CARTESIAN_POINT ( 'NONE',  ( 3.395719344740186330, -14.61062091584548206, -7.676919441681065770 ) ) ;
#414 = ADVANCED_FACE ( 'NONE', ( #1254 ), #2124, .F. ) ;
#415 = CARTESIAN_POINT ( 'NONE',  ( 12.32150760116807398, 32.77350107859064110, 7.397404424007215873 ) ) ;
#416 = DIRECTION ( 'NONE',  ( -0.9009688679024158153, 0.4338837391175652258, 0.000000000000000000 ) ) ;
#417 = CARTESIAN_POINT ( 'NONE',  ( 15.00000000000000000, 1.836970198721029589E-15, 8.500000000000000000 ) ) ;
#418 = CARTESIAN_POINT ( 'NONE',  ( 3.904992476008978031, 37.82205662984829786, -8.000000000000000000 ) ) ;
#419 = EDGE_CURVE ( 'NONE', #1049, #2082, #2392, .T. ) ;
#420 = CARTESIAN_POINT ( 'NONE',  ( -14.99988190179715808, -0.06565884579484945749, -7.644379773394083699 ) ) ;
#421 = CARTESIAN_POINT ( 'NONE',  ( 2.681509209223974288, 34.90355992369595839, -6.930229541439417495 ) ) ;
#422 = PERSON_AND_ORGANIZATION_ROLE ( 'creator' ) ;
#423 = EDGE_CURVE ( 'NONE', #2776, #821, #1062, .T. ) ;
#424 = LINE ( 'NONE', #2949, #1616 ) ;
#425 = DIRECTION ( 'NONE',  ( 0.000000000000000000, 0.000000000000000000, 1.000000000000000000 ) ) ;
#426 = CARTESIAN_POINT ( 'NONE',  ( -4.657147919356073196, -14.27134164446225384, 0.4665652560019964978 ) ) ;
#427 = VERTEX_POINT ( 'NONE', #2591 ) ;
#428 = ORIENTED_EDGE ( 'NONE', *, *, #601, .T. ) ;
#429 = FACE_OUTER_BOUND ( 'NONE', #5, .T. ) ;
#430 = CARTESIAN_POINT ( 'NONE',  ( -0.000000000000000000, 0.000000000000000000, -8.000000000000000000 ) ) ;
#431 = DIRECTION ( 'NONE',  ( 0.9009688679024218105, 0.4338837391175525693, 0.000000000000000000 ) ) ;
#432 = CARTESIAN_POINT ( 'NONE',  ( 12.46732893104762319, 13.94684293600656133, 3.224815851137015521 ) ) ;
#433 = CARTESIAN_POINT ( 'NONE',  ( -19.70988856860888916, 32.42715363107006254, 8.000000000000000000 ) ) ;
#434 = VECTOR ( 'NONE', #637, 1000.000000000000000 ) ;
#435 = CARTESIAN_POINT ( 'NONE',  ( -14.96909754418988747, -0.03411178012726028691, -7.784822733202111600 ) ) ;
#436 = CARTESIAN_POINT ( 'NONE',  ( -7.103409235415478307, 8.652273298631639520, 8.000000000000000000 ) ) ;
#437 = APPROVAL_STATUS ( 'not_yet_approved' ) ;
#438 = AXIS2_PLACEMENT_3D ( 'NONE', #800, #2623, #1478 ) ;
#439 = CC_DESIGN_SECURITY_CLASSIFICATION ( #2702, ( #2950 ) ) ;
#440 = DIRECTION ( 'NONE',  ( 0.000000000000000000, 0.000000000000000000, 1.000000000000000000 ) ) ;
#441 = CARTESIAN_POINT ( 'NONE',  ( 27.34833893008054062, 1.319602319528806023, 3.224815851137020406 ) ) ;
#442 = ADVANCED_FACE ( 'NONE', ( #46 ), #2378, .F. ) ;
#443 = EDGE_LOOP ( 'NONE', ( #332, #1203, #2578, #20 ) ) ;
#444 = VERTEX_POINT ( 'NONE', #535 ) ;
#445 = CARTESIAN_POINT ( 'NONE',  ( 9.885938636515513522, 5.482787781254411463, 8.000000000000000000 ) ) ;
#446 = CARTESIAN_POINT ( 'NONE',  ( 13.23447691840021001, 32.41648557663589969, 6.839264579719435133 ) ) ;
#447 = CARTESIAN_POINT ( 'NONE',  ( 0.000000000000000000, 0.000000000000000000, -8.000000000000000000 ) ) ;
#448 = CARTESIAN_POINT ( 'NONE',  ( -28.55984883127419494, -7.863610116530325378, 0.2827642305349045704 ) ) ;
#449 = CARTESIAN_POINT ( 'NONE',  ( -10.25502906871382436, 14.59599338174123062, 7.999999999999992895 ) ) ;
#450 = DIRECTION ( 'NONE',  ( 1.000000000000000000, 0.000000000000000000, 0.000000000000000000 ) ) ;
#451 = CARTESIAN_POINT ( 'NONE',  ( -5.361358356660418600, -14.01514707887510447, 1.631853832464077447 ) ) ;
#452 = CARTESIAN_POINT ( 'NONE',  ( -7.447867734110209526, -13.02193156135738050, -3.567615167083876937 ) ) ;
#453 = EDGE_LOOP ( 'NONE', ( #2199, #891, #1171, #1309, #19, #2466 ) ) ;
#454 = AXIS2_PLACEMENT_3D ( 'NONE', #1437, #2805, #510 ) ;
#455 = B_SPLINE_SURFACE_WITH_KNOTS ( 'NONE', 3, 3, ( 
 ( #2115, #1442, #1467, #514 ),
 ( #1697, #1897, #2370, #2354 ),
 ( #803, #2383, #568, #81 ),
 ( #2171, #286, #975, #772 ),
 ( #314, #2397, #1938, #1480 ),
 ( #39, #988, #1913, #554 ),
 ( #1204, #328, #2825, #527 ) ),
 .UNSPECIFIED., .F., .F., .F.,
 ( 4, 1, 1, 1, 4 ),
 ( 4, 4 ),
 ( 0.7525906367204815428, 0.8144429775403594363, 0.8762953183602442131, 0.9381476591801221065, 1.000000000000000000 ),
 ( 0.000000000000000000, 1.000000000000000000 ),
 .UNSPECIFIED. ) ;
#456 = ORIENTED_EDGE ( 'NONE', *, *, #2944, .T. ) ;
#457 = EDGE_CURVE ( 'NONE', #1755, #1299, #2533, .T. ) ;
#458 = PLANE ( 'NONE',  #675 ) ;
#459 = DIRECTION ( 'NONE',  ( 0.4684616830897498918, -0.8834838150621202590, -0.000000000000000000 ) ) ;
#460 = CARTESIAN_POINT ( 'NONE',  ( 13.55478457449368435, -6.424003046315284848, -7.500000000000000000 ) ) ;
#461 = CARTESIAN_POINT ( 'NONE',  ( -31.53391037658476037, -15.18593086911434220, 1.645377140003622118 ) ) ;
#462 = CARTESIAN_POINT ( 'NONE',  ( -7.372095055163611299, 26.36901983415190998, 3.224815851137020406 ) ) ;
#463 = CARTESIAN_POINT ( 'NONE',  ( 9.545685199195524717, -25.33373266133207125, 0.2827642305349036822 ) ) ;
#464 = CARTESIAN_POINT ( 'NONE',  ( -7.131194569018886042, -13.20156969813363368, -0.9627315279408825699 ) ) ;
#465 = CARTESIAN_POINT ( 'NONE',  ( -34.71106746130021037, -4.487961196029495170, -8.000000000000000000 ) ) ;
#466 = EDGE_LOOP ( 'NONE', ( #2006, #2940, #2548, #1675, #1045 ) ) ;
#467 = VERTEX_POINT ( 'NONE', #1892 ) ;
#468 = EDGE_CURVE ( 'NONE', #654, #427, #2329, .T. ) ;
#469 = CARTESIAN_POINT ( 'NONE',  ( 33.14882154010544468, 11.23190235455426667, 8.000000000000000000 ) ) ;
#470 = CARTESIAN_POINT ( 'NONE',  ( -9.469077559787406173, -13.05757813897917785, -8.000000000000000000 ) ) ;
#471 = CARTESIAN_POINT ( 'NONE',  ( 30.31784579378676980, -18.93213303422545124, 8.000000000000000000 ) ) ;
#472 = DIRECTION ( 'NONE',  ( -0.7974388533341516538, -0.6033997639982248140, 0.000000000000000000 ) ) ;
#473 = CARTESIAN_POINT ( 'NONE',  ( 0.000000000000000000, 0.000000000000000000, 8.000000000000000000 ) ) ;
#474 = EDGE_CURVE ( 'NONE', #723, #134, #1318, .T. ) ;
#475 = CARTESIAN_POINT ( 'NONE',  ( 11.88649730509394686, 32.91976886030633409, 8.000000000000000000 ) ) ;
#476 = CIRCLE ( 'NONE', #1208, 14.00000000000000000 ) ;
#478 = CARTESIAN_POINT ( 'NONE',  ( -18.10754163049104548, -29.95191039149312928, -5.524679704034233474 ) ) ;
#477 = AXIS2_PLACEMENT_3D ( 'NONE', #719, #2560, #492 ) ;
#479 = CARTESIAN_POINT ( 'NONE',  ( -13.48981217459617099, -0.2365353297683380207, 8.000000000000000000 ) ) ;
#480 = ORIENTED_EDGE ( 'NONE', *, *, #2799, .T. ) ;
#481 = EDGE_LOOP ( 'NONE', ( #2037, #900, #2428, #1263 ) ) ;
#482 = CARTESIAN_POINT ( 'NONE',  ( 16.38193863651552817, 7.232787781254417681, 8.000000000000000000 ) ) ;
#483 = ADVANCED_FACE ( 'NONE', ( #342 ), #2744, .T. ) ;
#484 = CARTESIAN_POINT ( 'NONE',  ( 11.45841752143891590, 9.688817212406068080, 0.6273122612027055567 ) ) ;
#485 = CARTESIAN_POINT ( 'NONE',  ( -14.97546494829732922, -0.8906496862906363443, -6.674823420700557008 ) ) ;
#486 = ORIENTED_EDGE ( 'NONE', *, *, #601, .F. ) ;
#487 = CARTESIAN_POINT ( 'NONE',  ( -35.04321767077939853, -10.29357419405202023, 0.2827642305349036822 ) ) ;
#488 = CARTESIAN_POINT ( 'NONE',  ( 8.009556616236910287, 13.90730729792448983, 3.224815851137015521 ) ) ;
#489 = CARTESIAN_POINT ( 'NONE',  ( 1.654031209763060728, 14.90955310461433214, -4.704706038726511608 ) ) ;
#490 = CARTESIAN_POINT ( 'NONE',  ( 15.38595673516286944, -31.44965939547970279, -2.678269550534952526 ) ) ;
#491 = CARTESIAN_POINT ( 'NONE',  ( -1.134374693133838319, 34.99408260643834012, -2.025248799599557614 ) ) ;
#492 = DIRECTION ( 'NONE',  ( 0.6234898018587320401, -0.7818314824680310249, 0.000000000000000000 ) ) ;
#493 = CARTESIAN_POINT ( 'NONE',  ( -6.128382133304924650, 6.764576087489482248, 0.2827642305349036822 ) ) ;
#494 = ORIENTED_EDGE ( 'NONE', *, *, #474, .T. ) ;
#495 = DIRECTION ( 'NONE',  ( -1.000000000000000000, 0.000000000000000000, -0.000000000000000000 ) ) ;
#496 = CARTESIAN_POINT ( 'NONE',  ( 8.922574228510761429, 12.06609103785142700, 4.483122568578513878 ) ) ;
#497 = CARTESIAN_POINT ( 'NONE',  ( 34.80587275003396996, -3.718019058223325235, -0.5940682183808307926 ) ) ;
#498 = AXIS2_PLACEMENT_3D ( 'NONE', #1650, #2564, #2338 ) ;
#499 = ORIENTED_EDGE ( 'NONE', *, *, #1433, .T. ) ;
#500 = CARTESIAN_POINT ( 'NONE',  ( -19.03889867938340075, -12.46741872128477269, 3.224815851137015521 ) ) ;
#501 = AXIS2_PLACEMENT_3D ( 'NONE', #1803, #599, #2670 ) ;
#502 = CARTESIAN_POINT ( 'NONE',  ( -12.47074361173029189, 8.345601526643964263, 1.631853832464080556 ) ) ;
#503 = CARTESIAN_POINT ( 'NONE',  ( -0.4308158544806487966, 14.99943028153276359, 0.6273122612027054457 ) ) ;
#504 = EDGE_CURVE ( 'NONE', #411, #928, #1230, .T. ) ;
#505 = CARTESIAN_POINT ( 'NONE',  ( -14.99817925266640017, 0.6036077600880517258, 7.346459557191719725 ) ) ;
#506 = CARTESIAN_POINT ( 'NONE',  ( 10.42656684687983670, -10.78363128948436689, 5.438045384095286039 ) ) ;
#507 = CARTESIAN_POINT ( 'NONE',  ( -8.109094390035933131, 7.949190770809335227, 0.2827642305349036822 ) ) ;
#508 = ORIENTED_EDGE ( 'NONE', *, *, #133, .F. ) ;
#509 = EDGE_CURVE ( 'NONE', #2861, #2101, #787, .T. ) ;
#510 = DIRECTION ( 'NONE',  ( -0.2225209339563182509, -0.9749279121818227312, 0.000000000000000000 ) ) ;
#511 = CARTESIAN_POINT ( 'NONE',  ( -18.38654911642731449, -30.43002577261785646, -8.000000000000000000 ) ) ;
#512 = CARTESIAN_POINT ( 'NONE',  ( 34.74714235982062149, -4.230034386560714843, -0.9441851375371582700 ) ) ;
#513 = ORIENTED_EDGE ( 'NONE', *, *, #2351, .F. ) ;
#514 = CARTESIAN_POINT ( 'NONE',  ( 10.15403126775721354, -4.713375119106136601, 8.000000000000000000 ) ) ;
#515 = DIRECTION ( 'NONE',  ( 0.7974388533341516538, 0.6033997639982248140, 0.000000000000000000 ) ) ;
#516 = DIRECTION ( 'NONE',  ( 0.000000000000000000, 0.000000000000000000, -1.000000000000000000 ) ) ;
#517 = CARTESIAN_POINT ( 'NONE',  ( 9.077430808790262873, -11.95002651497595281, 3.546588811310948053 ) ) ;
#518 = CARTESIAN_POINT ( 'NONE',  ( 3.118594437677076670, -34.87400595353672372, 7.397404424007219426 ) ) ;
#519 = CARTESIAN_POINT ( 'NONE',  ( -31.53391037658455431, 15.18593086911477918, 1.645377140003623673 ) ) ;
#520 = EDGE_LOOP ( 'NONE', ( #486, #1145, #619, #2804, #2297, #913 ) ) ;
#521 = CARTESIAN_POINT ( 'NONE',  ( -5.181366870813073788, -17.97504258427817447, 3.224815851137015521 ) ) ;
#522 = CARTESIAN_POINT ( 'NONE',  ( 21.82214306505601087, 27.36410188638077656, -8.500000000000000000 ) ) ;
#523 = CARTESIAN_POINT ( 'NONE',  ( -29.72033496094116600, -17.97043696495255105, 3.224815851137015521 ) ) ;
#524 = EDGE_CURVE ( 'NONE', #129, #2620, #922, .T. ) ;
#525 = CARTESIAN_POINT ( 'NONE',  ( 10.45039802074438562, -4.310675792407120177, 8.000000000000000000 ) ) ;
#526 = VERTEX_POINT ( 'NONE', #816 ) ;
#527 = CARTESIAN_POINT ( 'NONE',  ( 31.82761065653072308, -20.66405574654433153, 8.000000000000000000 ) ) ;
#528 = CARTESIAN_POINT ( 'NONE',  ( 0.000000000000000000, 0.000000000000000000, -8.500000000000000000 ) ) ;
#529 = CARTESIAN_POINT ( 'NONE',  ( 0.8420304193569217999, 14.97810064282627529, -3.195909463663650030 ) ) ;
#530 = CARTESIAN_POINT ( 'NONE',  ( -0.2167722087950871290, 35.01088045961547834, -2.678269550531688470 ) ) ;
#531 = CARTESIAN_POINT ( 'NONE',  ( -14.99992610721220387, 0.04708267381567810689, 8.000000000000000000 ) ) ;
#532 = DIRECTION ( 'NONE',  ( 1.000000000000000000, 0.000000000000000000, 0.000000000000000000 ) ) ;
#533 = ORIENTED_EDGE ( 'NONE', *, *, #1158, .F. ) ;
#534 = EDGE_CURVE ( 'NONE', #1541, #1967, #2291, .T. ) ;
#535 = CARTESIAN_POINT ( 'NONE',  ( 13.17622284024335855, 6.883739025429998826, -8.000000000000000000 ) ) ;
#536 = CARTESIAN_POINT ( 'NONE',  ( -27.22827437507654835, -26.43144102306095533, 8.000000000000000000 ) ) ;
#537 = CARTESIAN_POINT ( 'NONE',  ( -14.89679271345869793, 0.007687960605045750240, -7.943613155009227711 ) ) ;
#538 = EDGE_CURVE ( 'NONE', #2044, #2636, #2135, .T. ) ;
#539 = CARTESIAN_POINT ( 'NONE',  ( -31.53391037658477458, -15.18593086911431911, 1.995833495980579242 ) ) ;
#540 = CARTESIAN_POINT ( 'NONE',  ( -6.533512876795594337, -9.222815824505646631, 8.000000000000000000 ) ) ;
#541 = CARTESIAN_POINT ( 'NONE',  ( -11.28581540481289558, -0.6504730799278286568, 8.000000000000000000 ) ) ;
#542 = B_SPLINE_CURVE_WITH_KNOTS ( 'NONE', 3,
 ( #2358, #2600, #2800, #491, #530, #1207, #1403, #245, #1418, #2573 ),
 .UNSPECIFIED., .F., .F.,
 ( 4, 2, 2, 2, 4 ),
 ( 0.01295364877507279924, 0.01975498717546373545, 0.02315565637565920182, 0.02485599097575693500, 0.02655632557585466819 ),
 .UNSPECIFIED. ) ;
#543 = VECTOR ( 'NONE', #515, 1000.000000000000114 ) ;
#544 = CARTESIAN_POINT ( 'NONE',  ( -10.03338763794858579, 11.15297896474444173, -6.674823420700560561 ) ) ;
#545 = LINE ( 'NONE', #1472, #848 ) ;
#546 = CARTESIAN_POINT ( 'NONE',  ( 29.59705817977298281, 18.68192032696672911, -8.000000000000000000 ) ) ;
#547 = CARTESIAN_POINT ( 'NONE',  ( 11.51794101581514695, 0.9962660413003449067, 3.224815851137018186 ) ) ;
#548 = ORIENTED_EDGE ( 'NONE', *, *, #2990, .F. ) ;
#549 = CARTESIAN_POINT ( 'NONE',  ( -6.569845802879590302, -6.314579158802830605, -8.000000000000000000 ) ) ;
#550 = CARTESIAN_POINT ( 'NONE',  ( -4.480472383065188247, -34.44067772455218090, 3.224815851137015521 ) ) ;
#551 = CARTESIAN_POINT ( 'NONE',  ( 5.537286479402865780, -13.94201900079388246, -3.567615167083871608 ) ) ;
#552 = VERTEX_POINT ( 'NONE', #2717 ) ;
#553 = EDGE_CURVE ( 'NONE', #1579, #2444, #424, .T. ) ;
#554 = CARTESIAN_POINT ( 'NONE',  ( 30.02147904079959773, -19.33483236092447655, 8.000000000000000000 ) ) ;
#555 = CARTESIAN_POINT ( 'NONE',  ( -14.83766994396543026, -6.735883999049322668, 3.224815851137016409 ) ) ;
#556 = CARTESIAN_POINT ( 'NONE',  ( 12.09937778890737015, -32.84212321274760882, -8.000000000000000000 ) ) ;
#557 = CARTESIAN_POINT ( 'NONE',  ( 24.60797105657440653, 24.89418012483369225, -0.5940682183808293493 ) ) ;
#558 = EDGE_CURVE ( 'NONE', #2535, #1099, #2212, .T. ) ;
#559 = CARTESIAN_POINT ( 'NONE',  ( 35.00000000000001421, -2.688821387764051312E-14, 1.995833495980581018 ) ) ;
#560 = CARTESIAN_POINT ( 'NONE',  ( 3.925882908267000815, 14.48782822281270199, 7.346459557191715284 ) ) ;
#561 = CARTESIAN_POINT ( 'NONE',  ( -31.53391037658455431, 15.18593086911477918, 1.645377140003623673 ) ) ;
#562 = ORIENTED_EDGE ( 'NONE', *, *, #2, .F. ) ;
#563 = CARTESIAN_POINT ( 'NONE',  ( 14.23424211127780659, -4.767392655414134595, -2.260054300047932063 ) ) ;
#564 = CARTESIAN_POINT ( 'NONE',  ( -31.80692357845679652, -6.987194169539082900, 0.2827642305348989082 ) ) ;
#565 = CIRCLE ( 'NONE', #1598, 1.000000000000000888 ) ;
#566 = CARTESIAN_POINT ( 'NONE',  ( 4.481802845815670899, -14.31907173457759797, -5.872181075905480441 ) ) ;
#567 = ORIENTED_EDGE ( 'NONE', *, *, #677, .F. ) ;
#568 = CARTESIAN_POINT ( 'NONE',  ( 14.45302092293916374, -17.90862263055003822, 3.224815851137013745 ) ) ;
#569 = CARTESIAN_POINT ( 'NONE',  ( -18.10754163049104548, -29.95191039149312928, -5.524679704034233474 ) ) ;
#570 = CARTESIAN_POINT ( 'NONE',  ( 15.76893043176171716, -31.26153101687403790, -3.249879930458914767 ) ) ;
#571 = AXIS2_PLACEMENT_3D ( 'NONE', #447, #2727, #657 ) ;
#572 = ORIENTED_EDGE ( 'NONE', *, *, #260, .F. ) ;
#573 = APPROVAL_PERSON_ORGANIZATION ( #1994, #1931, #206 ) ;
#574 = CARTESIAN_POINT ( 'NONE',  ( 31.82761065653072308, -20.66405574654433153, 8.000000000000000000 ) ) ;
#575 = EDGE_CURVE ( 'NONE', #1937, #2193, #1947, .T. ) ;
#576 = CARTESIAN_POINT ( 'NONE',  ( 33.23026053910521682, -10.98862068246907242, -5.524679704034233474 ) ) ;
#577 = CARTESIAN_POINT ( 'NONE',  ( 13.40395538615532445, 6.429050576245450621, -8.000000000000000000 ) ) ;
#578 = CARTESIAN_POINT ( 'NONE',  ( -12.83339253152125892, -7.765567341276129021, 5.438045384095286039 ) ) ;
#579 = CARTESIAN_POINT ( 'NONE',  ( -14.16489029612974271, -4.954784554392833940, 2.119968921921240312 ) ) ;
#580 = VERTEX_POINT ( 'NONE', #1864 ) ;
#581 = CARTESIAN_POINT ( 'NONE',  ( -11.21620876177322756, -0.2798549945857830568, 8.000000000000001776 ) ) ;
#582 = CARTESIAN_POINT ( 'NONE',  ( -25.53047530093040862, -24.96637292701533184, 8.000000000000000000 ) ) ;
#583 = CARTESIAN_POINT ( 'NONE',  ( 12.96266702773529644, -7.572779979280786833, 6.739465476555198009 ) ) ;
#584 = EDGE_LOOP ( 'NONE', ( #696, #2624, #2909, #1040 ) ) ;
#585 = ORIENTED_EDGE ( 'NONE', *, *, #575, .T. ) ;
#586 = LINE ( 'NONE', #2461, #278 ) ;
#587 = CARTESIAN_POINT ( 'NONE',  ( -7.498728991663173638, -5.474636003831279574, 3.224815851137015521 ) ) ;
#588 = CARTESIAN_POINT ( 'NONE',  ( 0.000000000000000000, 0.000000000000000000, -8.500000000000000000 ) ) ;
#589 = VERTEX_POINT ( 'NONE', #22 ) ;
#590 = CARTESIAN_POINT ( 'NONE',  ( 25.62541799572108658, 20.09575135279110825, 0.2827642305348989082 ) ) ;
#591 = CARTESIAN_POINT ( 'NONE',  ( 14.05705951451890634, 5.291900826056483709, 7.545709053802005961 ) ) ;
#592 = AXIS2_PLACEMENT_3D ( 'NONE', #244, #761, #1682 ) ;
#593 = CIRCLE ( 'NONE', #2615, 14.00000000000000000 ) ;
#594 = FACE_OUTER_BOUND ( 'NONE', #1076, .T. ) ;
#595 = CARTESIAN_POINT ( 'NONE',  ( -12.80501629233809702, -32.57742547897368013, -1.675414736673145111 ) ) ;
#596 = COORDINATED_UNIVERSAL_TIME_OFFSET ( 5, 0, .AHEAD. ) ;
#597 = ORIENTED_EDGE ( 'NONE', *, *, #621, .T. ) ;
#598 = CARTESIAN_POINT ( 'NONE',  ( -5.913473698453224792, 7.022564633375836252, 0.2827642305349036822 ) ) ;
#599 = DIRECTION ( 'NONE',  ( 0.000000000000000000, 0.000000000000000000, 1.000000000000000000 ) ) ;
#600 = CARTESIAN_POINT ( 'NONE',  ( 11.10421642787183316, -10.10477869395753814, 3.904338265262627949 ) ) ;
#601 = EDGE_CURVE ( 'NONE', #580, #1299, #2892, .T. ) ;
#602 = ORIENTED_EDGE ( 'NONE', *, *, #1375, .F. ) ;
#603 = CARTESIAN_POINT ( 'NONE',  ( -9.630036736253067886, 33.66285824484842948, 2.987318143452893260 ) ) ;
#604 = B_SPLINE_CURVE_WITH_KNOTS ( 'NONE', 3,
 ( #1903, #2816, #1703, #2617 ),
 .UNSPECIFIED., .F., .F.,
 ( 4, 4 ),
 ( 0.000000000000000000, 0.002531730358250472088 ),
 .UNSPECIFIED. ) ;
#605 = CARTESIAN_POINT ( 'NONE',  ( -6.774392333191083360, -8.943671859011548264, 8.000000000000001776 ) ) ;
#606 = CARTESIAN_POINT ( 'NONE',  ( 9.472555270032421149, 5.179006368170251839, 0.2827642305349036822 ) ) ;
#607 = ORIENTED_EDGE ( 'NONE', *, *, #1525, .T. ) ;
#608 = VERTEX_POINT ( 'NONE', #959 ) ;
#609 = CARTESIAN_POINT ( 'NONE',  ( -11.99625533732606009, 34.14107060334084309, 3.224815851137015521 ) ) ;
#610 = EDGE_CURVE ( 'NONE', #1972, #250, #2632, .T. ) ;
#611 = CARTESIAN_POINT ( 'NONE',  ( -9.741518057455705204, 11.34561879064538736, -7.847903733154811157 ) ) ;
#612 = DIRECTION ( 'NONE',  ( 0.6234898018587431423, 0.7818314824680221431, 0.000000000000000000 ) ) ;
#613 = CARTESIAN_POINT ( 'NONE',  ( -9.881438978027555109, -33.59236428355394111, 0.4192849016937472140 ) ) ;
#614 = APPROVAL_DATE_TIME ( #2215, #2146 ) ;
#615 = ORIENTED_EDGE ( 'NONE', *, *, #2667, .F. ) ;
#616 = CARTESIAN_POINT ( 'NONE',  ( -9.644051737104714306, 10.20273432853432638, 0.2827642305349010732 ) ) ;
#617 = CARTESIAN_POINT ( 'NONE',  ( -25.15082592890189161, 24.34000729445406108, -8.000000000000000000 ) ) ;
#618 = DIRECTION ( 'NONE',  ( 0.6234898018587333723, -0.7818314824680299147, 0.000000000000000000 ) ) ;
#619 = ORIENTED_EDGE ( 'NONE', *, *, #2944, .F. ) ;
#620 = CARTESIAN_POINT ( 'NONE',  ( -1.149861871042759054, -34.99426050609370975, 5.417831410484541976 ) ) ;
#621 = EDGE_CURVE ( 'NONE', #134, #580, #2562, .T. ) ;
#622 = CARTESIAN_POINT ( 'NONE',  ( 2.796624795161112509, 14.69010311609388708, -7.847903733154811157 ) ) ;
#623 = FACE_OUTER_BOUND ( 'NONE', #1957, .T. ) ;
#624 = ORIENTED_EDGE ( 'NONE', *, *, #87, .T. ) ;
#625 = AXIS2_PLACEMENT_3D ( 'NONE', #862, #1117, #2925 ) ;
#626 = ORIENTED_EDGE ( 'NONE', *, *, #2239, .F. ) ;
#627 = CARTESIAN_POINT ( 'NONE',  ( -30.55130654599343387, 17.10869494637778843, 0.4192849016937478246 ) ) ;
#628 = CARTESIAN_POINT ( 'NONE',  ( 14.00000000000000000, 0.000000000000000000, -7.500000000000000000 ) ) ;
#629 = CARTESIAN_POINT ( 'NONE',  ( -7.211991223777251214, 8.594698388764616226, 8.000000000000001776 ) ) ;
#630 = APPROVAL_DATE_TIME ( #2488, #2729 ) ;
#631 = ADVANCED_FACE ( 'NONE', ( #1930 ), #1702, .F. ) ;
#632 = CARTESIAN_POINT ( 'NONE',  ( -11.19352287649842026, -0.1590648085105471343, 8.000000000000000000 ) ) ;
#633 = CARTESIAN_POINT ( 'NONE',  ( 0.000000000000000000, 0.000000000000000000, 8.000000000000000000 ) ) ;
#634 = DIRECTION ( 'NONE',  ( -0.2225209339563182509, -0.9749279121818227312, 0.000000000000000000 ) ) ;
#635 = VERTEX_POINT ( 'NONE', #105 ) ;
#636 = ORIENTED_EDGE ( 'NONE', *, *, #690, .F. ) ;
#637 = DIRECTION ( 'NONE',  ( 0.000000000000000000, 0.000000000000000000, 1.000000000000000000 ) ) ;
#638 = CARTESIAN_POINT ( 'NONE',  ( -7.788232688471130594, -34.12247692636378815, 1.645377140003623673 ) ) ;
#639 = FACE_OUTER_BOUND ( 'NONE', #2955, .T. ) ;
#640 = VERTEX_POINT ( 'NONE', #86 ) ;
#641 = CARTESIAN_POINT ( 'NONE',  ( 5.017701101632408900, 17.11815760105848128, 7.999999999999992895 ) ) ;
#642 = CARTESIAN_POINT ( 'NONE',  ( -16.55826873531052001, 26.48343354796042703, 7.999999999999988454 ) ) ;
#643 = B_SPLINE_CURVE_WITH_KNOTS ( 'NONE', 3,
 ( #2437, #2470, #2022, #2249 ),
 .UNSPECIFIED., .F., .F.,
 ( 4, 4 ),
 ( 0.000000000000000000, 0.002531730358250472088 ),
 .UNSPECIFIED. ) ;
#644 = CARTESIAN_POINT ( 'NONE',  ( 9.865875579781359761, -29.10252992457445131, -8.000000000000001776 ) ) ;
#645 = AXIS2_PLACEMENT_3D ( 'NONE', #2663, #1302, #1991 ) ;
#646 = CARTESIAN_POINT ( 'NONE',  ( -29.05966853740705957, -19.53320779070105218, 4.237358947068417869 ) ) ;
#647 = B_SPLINE_SURFACE_WITH_KNOTS ( 'NONE', 3, 3, ( 
 ( #2538, #973, #1438, #2111 ),
 ( #511, #1173, #2339, #2780 ),
 ( #1637, #757, #2522, #2323 ),
 ( #2806, #1159, #2565, #2071 ),
 ( #470, #2350, #738, #8 ),
 ( #282, #2998, #1214, #2551 ),
 ( #2126, #1397, #1411, #1865 ) ),
 .UNSPECIFIED., .F., .F., .F.,
 ( 4, 1, 1, 1, 4 ),
 ( 4, 4 ),
 ( 0.006786499710591128998, 0.1295974546841656971, 0.2524084096577401404, 0.3752193646313147779, 0.4980303196048893044 ),
 ( 0.000000000000000000, 1.000000000000000000 ),
 .UNSPECIFIED. ) ;
#648 = APPROVAL_ROLE ( '' ) ;
#649 = VECTOR ( 'NONE', #2225, 1000.000000000000000 ) ;
#650 = CARTESIAN_POINT ( 'NONE',  ( 27.13078720436152835, -7.943715339710355927, -0.4362067782112100667 ) ) ;
#651 = CARTESIAN_POINT ( 'NONE',  ( 2.031231811970214185, -14.88217839812384824, 7.545709053802005961 ) ) ;
#652 = CARTESIAN_POINT ( 'NONE',  ( -8.835012162431922889, -12.12198663956036704, -7.500000000000000000 ) ) ;
#653 = ORIENTED_EDGE ( 'NONE', *, *, #2866, .T. ) ;
#654 = VERTEX_POINT ( 'NONE', #2616 ) ;
#655 = CARTESIAN_POINT ( 'NONE',  ( -6.868200611503207043, -34.33246824416134757, 2.497571440916328989 ) ) ;
#656 = CARTESIAN_POINT ( 'NONE',  ( 21.05383966985564115, 27.97680339864109911, 2.186927751437574674 ) ) ;
#657 = DIRECTION ( 'NONE',  ( 1.000000000000000000, 0.000000000000000000, -0.000000000000000000 ) ) ;
#658 = FACE_OUTER_BOUND ( 'NONE', #2676, .T. ) ;
#659 = CARTESIAN_POINT ( 'NONE',  ( 2.081773681212621518, 29.26052931671303980, 0.2827642305349036822 ) ) ;
#660 = CARTESIAN_POINT ( 'NONE',  ( -9.250521526846432252, 11.63729190092415955, -8.000000000000000000 ) ) ;
#661 = EDGE_CURVE ( 'NONE', #635, #2636, #545, .T. ) ;
#662 = CARTESIAN_POINT ( 'NONE',  ( -3.623924368212112501, 9.355118256736254523, 3.224815851137015521 ) ) ;
#663 = APPROVAL_ROLE ( '' ) ;
#664 = DIRECTION ( 'NONE',  ( 0.000000000000000000, 0.000000000000000000, 1.000000000000000000 ) ) ;
#665 = CARTESIAN_POINT ( 'NONE',  ( 20.12250093279119767, -0.6564295482882690491, 3.224815851137015521 ) ) ;
#666 = ORIENTED_EDGE ( 'NONE', *, *, #2856, .T. ) ;
#667 = ORIENTED_EDGE ( 'NONE', *, *, #1912, .F. ) ;
#668 = CARTESIAN_POINT ( 'NONE',  ( 8.456521079102335747, -3.435667104645530046, 0.2827642305349036822 ) ) ;
#669 = CARTESIAN_POINT ( 'NONE',  ( -12.83339253152125892, -7.765567341276129021, 5.438045384095286039 ) ) ;
#670 = FACE_OUTER_BOUND ( 'NONE', #443, .T. ) ;
#671 = ADVANCED_FACE ( 'NONE', ( #1943 ), #2858, .T. ) ;
#672 = CARTESIAN_POINT ( 'NONE',  ( 31.87537177934541432, 20.70019525757221857, -8.000000000000000000 ) ) ;
#673 = B_SPLINE_SURFACE_WITH_KNOTS ( 'NONE', 3, 3, ( 
 ( #2424, #343, #1477, #2185 ),
 ( #111, #2379, #1965, #799 ),
 ( #1043, #1723, #2593, #2849 ),
 ( #1922, #564, #2880, #78 ),
 ( #817, #325, #1679, #296 ),
 ( #2167, #1740, #523, #582 ),
 ( #2634, #2393, #770, #536 ) ),
 .UNSPECIFIED., .F., .F., .F.,
 ( 4, 1, 1, 1, 4 ),
 ( 4, 4 ),
 ( 0.7525906367204815428, 0.8144429775403594363, 0.8762953183602442131, 0.9381476591801221065, 1.000000000000000000 ),
 ( 0.000000000000000000, 1.000000000000000000 ),
 .UNSPECIFIED. ) ;
#674 = CARTESIAN_POINT ( 'NONE',  ( 27.47599971886928927, -21.70367148416612935, 5.767642362634807895 ) ) ;
#675 = AXIS2_PLACEMENT_3D ( 'NONE', #930, #2070, #1863 ) ;
#676 = DIRECTION ( 'NONE',  ( -0.000000000000000000, -0.000000000000000000, -1.000000000000000000 ) ) ;
#677 = EDGE_CURVE ( 'NONE', #2082, #2535, #2785, .T. ) ;
#678 = CIRCLE ( 'NONE', #2357, 35.00000000000000711 ) ;
#679 = DIRECTION ( 'NONE',  ( 0.2225209339563050392, -0.9749279121818257288, 0.000000000000000000 ) ) ;
#680 = CARTESIAN_POINT ( 'NONE',  ( -8.400742713503371206, -12.43180976166626728, -5.872181075905483105 ) ) ;
#681 = ORIENTED_EDGE ( 'NONE', *, *, #2648, .T. ) ;
#682 = ORIENTED_EDGE ( 'NONE', *, *, #538, .T. ) ;
#683 = B_SPLINE_CURVE_WITH_KNOTS ( 'NONE', 3,
 ( #1546, #1109, #394, #2965, #1323, #1821 ),
 .UNSPECIFIED., .F., .F.,
 ( 4, 2, 4 ),
 ( 0.000000000000000000, 0.002697738454498586208, 0.005395476908997172416 ),
 .UNSPECIFIED. ) ;
#684 = CARTESIAN_POINT ( 'NONE',  ( 0.000000000000000000, 0.000000000000000000, -7.500000000000000000 ) ) ;
#685 = LINE ( 'NONE', #2288, #1516 ) ;
#686 = CARTESIAN_POINT ( 'NONE',  ( 14.95380499643193595, 1.198717043097497825, 5.176172048376053603 ) ) ;
#687 = CARTESIAN_POINT ( 'NONE',  ( 36.00000000000000000, 12.00000000000000000, 8.000000000000000000 ) ) ;
#688 = CARTESIAN_POINT ( 'NONE',  ( 0.2656957172376891996, 32.56425456961164855, 0.2827642305348989082 ) ) ;
#689 = CARTESIAN_POINT ( 'NONE',  ( -14.00000000000000000, 1.714505518806294638E-15, -7.500000000000000000 ) ) ;
#690 = EDGE_CURVE ( 'NONE', #608, #2832, #2598, .T. ) ;
#691 = CARTESIAN_POINT ( 'NONE',  ( 3.875566549033062635, 14.49068610949860947, 8.000000000000000000 ) ) ;
#692 = CARTESIAN_POINT ( 'NONE',  ( -27.44475941272113317, 26.26683084744480823, -8.000000000000000000 ) ) ;
#693 = ORIENTED_EDGE ( 'NONE', *, *, #217, .T. ) ;
#694 = AXIS2_PLACEMENT_3D ( 'NONE', #2652, #1756, #1524 ) ;
#695 = B_SPLINE_SURFACE_WITH_KNOTS ( 'NONE', 3, 3, ( 
 ( #2468, #1332, #401, #2926 ),
 ( #418, #659, #2484, #2260 ),
 ( #2513, #1378, #2246, #449 ),
 ( #2755, #688, #462, #2943 ),
 ( #2976, #1389, #2038, #642 ),
 ( #2960, #1799, #1571, #892 ),
 ( #1814, #1586, #2498, #433 ) ),
 .UNSPECIFIED., .F., .F., .F.,
 ( 4, 1, 1, 1, 4 ),
 ( 4, 4 ),
 ( 0.7525906367204815428, 0.8144429775403594363, 0.8762953183602442131, 0.9381476591801221065, 1.000000000000000000 ),
 ( 0.000000000000000000, 1.000000000000000000 ),
 .UNSPECIFIED. ) ;
#696 = ORIENTED_EDGE ( 'NONE', *, *, #419, .F. ) ;
#697 = DIRECTION ( 'NONE',  ( 1.000000000000000000, 0.000000000000000000, 0.000000000000000000 ) ) ;
#698 = FACE_OUTER_BOUND ( 'NONE', #2336, .T. ) ;
#699 = EDGE_CURVE ( 'NONE', #912, #1579, #57, .T. ) ;
#700 = CARTESIAN_POINT ( 'NONE',  ( -14.55183000068435817, -3.678930064037787329, -1.437846474134117036 ) ) ;
#701 = CARTESIAN_POINT ( 'NONE',  ( 15.00000000000000000, 1.061650767297805942E-11, 1.792143648982074788 ) ) ;
#702 = DIRECTION ( 'NONE',  ( 0.000000000000000000, -0.000000000000000000, -1.000000000000000000 ) ) ;
#703 = FACE_OUTER_BOUND ( 'NONE', #113, .T. ) ;
#704 = EDGE_CURVE ( 'NONE', #1032, #2661, #371, .T. ) ;
#705 = DIRECTION ( 'NONE',  ( 0.000000000000000000, 0.000000000000000000, 1.000000000000000000 ) ) ;
#706 = CARTESIAN_POINT ( 'NONE',  ( -37.73377664221221295, 4.316779921986063862, 8.000000000000000000 ) ) ;
#707 = VERTEX_POINT ( 'NONE', #2592 ) ;
#708 = VERTEX_POINT ( 'NONE', #1769 ) ;
#709 = CARTESIAN_POINT ( 'NONE',  ( 36.03906261269948885, -5.930492425423424585, 0.2827642305349036822 ) ) ;
#710 = CARTESIAN_POINT ( 'NONE',  ( 12.15293072048817891, 8.800093941481502924, -0.9627315279408822368 ) ) ;
#711 = CARTESIAN_POINT ( 'NONE',  ( 34.27301644956622084, -7.162599523111894406, -3.249879930458919208 ) ) ;
#712 = VERTEX_POINT ( 'NONE', #2454 ) ;
#713 = CARTESIAN_POINT ( 'NONE',  ( -13.25051564841162666, -9.054834538455514448, 3.224815851137015521 ) ) ;
#714 = CARTESIAN_POINT ( 'NONE',  ( -9.425168450904797268, 11.66902736615476677, -7.500000000000000000 ) ) ;
#715 = CARTESIAN_POINT ( 'NONE',  ( 2.464035207584494902, 14.79818697601687205, -6.674823420700557008 ) ) ;
#716 = CARTESIAN_POINT ( 'NONE',  ( 16.20539969131536040, -31.03639225579168937, -2.025248799603495797 ) ) ;
#717 = CARTESIAN_POINT ( 'NONE',  ( 10.11706581042374964, -11.08288421822042125, 4.949283202396101977 ) ) ;
#719 = CARTESIAN_POINT ( 'NONE',  ( 0.000000000000000000, 0.000000000000000000, -8.000000000000000000 ) ) ;
#718 = AXIS2_PLACEMENT_3D ( 'NONE', #302, #2372, #964 ) ;
#720 = DIRECTION ( 'NONE',  ( 1.000000000000000000, 0.000000000000000000, -0.000000000000000000 ) ) ;
#721 = EDGE_CURVE ( 'NONE', #255, #1423, #2680, .T. ) ;
#722 = ORIENTED_EDGE ( 'NONE', *, *, #2, .T. ) ;
#723 = VERTEX_POINT ( 'NONE', #122 ) ;
#724 = CARTESIAN_POINT ( 'NONE',  ( 34.65699789695675292, 4.990294467163820968, 4.237358947068418757 ) ) ;
#725 = CARTESIAN_POINT ( 'NONE',  ( 13.74970955164304343, 6.016131479566681151, 7.414781149297041019 ) ) ;
#726 = CARTESIAN_POINT ( 'NONE',  ( 32.12397740951789160, -20.26135641984529911, 8.000000000000000000 ) ) ;
#727 = ORIENTED_EDGE ( 'NONE', *, *, #2555, .F. ) ;
#728 = CARTESIAN_POINT ( 'NONE',  ( -28.68620373100310061, -18.15505902600024513, 3.224815851137015521 ) ) ;
#729 = CC_DESIGN_PERSON_AND_ORGANIZATION_ASSIGNMENT ( #1124, #2250, ( #2950 ) ) ;
#730 = CARTESIAN_POINT ( 'NONE',  ( -11.28373870760193576, 9.890026251454065331, -0.9627315279408822368 ) ) ;
#731 = CARTESIAN_POINT ( 'NONE',  ( 0.6970378747936381014, 14.98831266944306684, -0.9627315279408821258 ) ) ;
#732 = CARTESIAN_POINT ( 'NONE',  ( 3.383699779535685348, 14.61336976203538462, 8.000000000000000000 ) ) ;
#733 = EDGE_CURVE ( 'NONE', #1712, #377, #337, .T. ) ;
#734 = CARTESIAN_POINT ( 'NONE',  ( -18.45212981784541384, -29.74113594947037953, -7.164237005979458672 ) ) ;
#735 = CARTESIAN_POINT ( 'NONE',  ( -24.50979602351252140, 1.833153421029102725, 8.000000000000000000 ) ) ;
#736 = VERTEX_POINT ( 'NONE', #1960 ) ;
#737 = CARTESIAN_POINT ( 'NONE',  ( 13.48868350512027448, 6.561750582998437942, -7.676919441681065770 ) ) ;
#738 = CARTESIAN_POINT ( 'NONE',  ( -1.182206665450785010, -16.00526728510873653, 3.224815851137015521 ) ) ;
#739 = CARTESIAN_POINT ( 'NONE',  ( 34.53127511128663230, -5.729455585726959121, -2.058150132034116453 ) ) ;
#740 = CIRCLE ( 'NONE', #2526, 15.00000000000000000 ) ;
#741 = ORIENTED_EDGE ( 'NONE', *, *, #2745, .F. ) ;
#742 = EDGE_CURVE ( 'NONE', #2994, #941, #984, .T. ) ;
#743 = CARTESIAN_POINT ( 'NONE',  ( 20.31445266911233105, 28.51751471479834521, 2.987318143446628049 ) ) ;
#744 = AXIS2_PLACEMENT_3D ( 'NONE', #1625, #2580, #1852 ) ;
#745 = CARTESIAN_POINT ( 'NONE',  ( 7.241135139703742674, 23.48736925387278518, 8.000000000000000000 ) ) ;
#746 = CARTESIAN_POINT ( 'NONE',  ( 2.391529465631502926, 26.96662202228896632, 0.2827642305349036822 ) ) ;
#747 = B_SPLINE_CURVE_WITH_KNOTS ( 'NONE', 3,
 ( #397, #1326, #2241, #669 ),
 .UNSPECIFIED., .F., .F.,
 ( 4, 4 ),
 ( 0.1065940371341894816, 0.8108127872970233296 ),
 .UNSPECIFIED. ) ;
#748 = CARTESIAN_POINT ( 'NONE',  ( -12.57010650164033905, 8.202603569740372080, -0.1465085805720036105 ) ) ;
#749 = B_SPLINE_CURVE_WITH_KNOTS ( 'NONE', 3,
 ( #2425, #2187, #1000, #326, #1013, #312, #1966, #819, #2394, #1243 ),
 .UNSPECIFIED., .F., .F.,
 ( 4, 2, 2, 2, 4 ),
 ( 0.000000000000000000, 0.003238412193772350570, 0.006476824387544698539, 0.009715236581317048675, 0.01295364877508939708 ),
 .UNSPECIFIED. ) ;
#750 = B_SPLINE_CURVE_WITH_KNOTS ( 'NONE', 3,
 ( #1886, #289, #2131, #2827, #1366, #990, #14, #762, #2356, #1683, #2784, #1193, #2585, #529, #28, #259, #489, #2104, #715, #2279 ),
 .UNSPECIFIED., .F., .F.,
 ( 4, 2, 2, 2, 2, 2, 2, 2, 2, 4 ),
 ( 0.000000000000000000, 0.002538198392636499025, 0.005076396785272997182, 0.007614595177909494472, 0.01015279357054599263, 0.01269099196318249079, 0.01522919035581898894, 0.01649828955213724149, 0.01776738874845549057, 0.02030558714109198873 ),
 .UNSPECIFIED. ) ;
#751 = ADVANCED_FACE ( 'NONE', ( #594 ), #1451, .F. ) ;
#752 = CARTESIAN_POINT ( 'NONE',  ( 12.68802959795979035, 8.002780638220780673, -4.704706038726507167 ) ) ;
#753 = CARTESIAN_POINT ( 'NONE',  ( -33.59752145688614888, -9.820497649012299490, -2.058150132034114677 ) ) ;
#754 = ORIENTED_EDGE ( 'NONE', *, *, #2299, .T. ) ;
#755 = CARTESIAN_POINT ( 'NONE',  ( 2.891489503005378658, -10.86796015369218615, 8.000000000000000000 ) ) ;
#756 = DIRECTION ( 'NONE',  ( 0.000000000000000000, 0.000000000000000000, 1.000000000000000000 ) ) ;
#757 = CARTESIAN_POINT ( 'NONE',  ( -11.65875653396896894, -27.23186966426778710, 0.2827642305349045704 ) ) ;
#758 = CARTESIAN_POINT ( 'NONE',  ( 14.02161722870717497, -26.09397592590393700, 0.2827642305349045704 ) ) ;
#759 = ORIENTED_EDGE ( 'NONE', *, *, #2773, .F. ) ;
#760 = CARTESIAN_POINT ( 'NONE',  ( 13.63584395795332149, 32.24850926267131257, 6.924458842694899197 ) ) ;
#761 = DIRECTION ( 'NONE',  ( 1.224646799147353207E-16, 1.000000000000000000, -0.000000000000000000 ) ) ;
#762 = CARTESIAN_POINT ( 'NONE',  ( -3.789003274068173166, 14.52770322860692787, 2.222765198464041525 ) ) ;
#763 = CARTESIAN_POINT ( 'NONE',  ( 9.778109393105667735, -11.38382451083385760, 4.483122568578510325 ) ) ;
#764 = ADVANCED_FACE ( 'NONE', ( #389 ), #1734, .T. ) ;
#765 = CARTESIAN_POINT ( 'NONE',  ( 12.36030131706299251, 8.500846235810085361, -3.567615167083873828 ) ) ;
#766 = CARTESIAN_POINT ( 'NONE',  ( 9.131476909975729583, 1.678900029017693196, 3.224815851137015521 ) ) ;
#767 = ORIENTED_EDGE ( 'NONE', *, *, #1832, .T. ) ;
#768 = VECTOR ( 'NONE', #472, 1000.000000000000114 ) ;
#769 = CARTESIAN_POINT ( 'NONE',  ( 14.00000000000000000, 0.000000000000000000, 8.500000000000000000 ) ) ;
#770 = CARTESIAN_POINT ( 'NONE',  ( -30.85091235786919128, -18.95354032563411550, 3.224815851137015521 ) ) ;
#771 = CARTESIAN_POINT ( 'NONE',  ( 4.978782023066480100, -14.15070042750447321, -4.704706038726510720 ) ) ;
#772 = CARTESIAN_POINT ( 'NONE',  ( 20.99082096214399940, -12.68871543282525494, 8.000000000000014211 ) ) ;
#773 = CARTESIAN_POINT ( 'NONE',  ( -9.033168642768368173, 1.199436575108467684, -8.000000000000000000 ) ) ;
#774 = CARTESIAN_POINT ( 'NONE',  ( -2.993560372386460777, 14.70515148150063567, 3.546588811310946721 ) ) ;
#775 = CARTESIAN_POINT ( 'NONE',  ( -1.311288757534385674, 29.59361166070130267, 0.2827642305349045704 ) ) ;
#776 = DIRECTION ( 'NONE',  ( -0.6234898018587320401, 0.7818314824680310249, 0.000000000000000000 ) ) ;
#777 = EDGE_CURVE ( 'NONE', #2320, #802, #1520, .T. ) ;
#778 = CARTESIAN_POINT ( 'NONE',  ( -3.855700348558344981, -34.80152403597203659, 3.732457164071003586 ) ) ;
#779 = CARTESIAN_POINT ( 'NONE',  ( 7.618187699604258789, -5.000000000000001776, -8.000000000000000000 ) ) ;
#780 = ORIENTED_EDGE ( 'NONE', *, *, #553, .T. ) ;
#781 = CARTESIAN_POINT ( 'NONE',  ( -13.25794947035952021, -19.34391488403183956, -8.000000000000000000 ) ) ;
#782 = CARTESIAN_POINT ( 'NONE',  ( -19.75464064307407241, -32.47150478240056515, -8.000000000000000000 ) ) ;
#783 = CARTESIAN_POINT ( 'NONE',  ( 4.200673685865956131, -14.40181057597428094, -6.674823420700556120 ) ) ;
#784 = ORIENTED_EDGE ( 'NONE', *, *, #1484, .T. ) ;
#785 = CARTESIAN_POINT ( 'NONE',  ( 14.21222832851088036, -4.801298657151668259, -4.423518206794574859 ) ) ;
#786 = ADVANCED_FACE ( 'NONE', ( #1286 ), #403, .T. ) ;
#787 = CIRCLE ( 'NONE', #2476, 14.99999999999999822 ) ;
#788 = CARTESIAN_POINT ( 'NONE',  ( -6.854685485322891125, -8.850623870513514291, 8.000000000000000000 ) ) ;
#789 = CARTESIAN_POINT ( 'NONE',  ( 8.193133746070065726, 12.56473475322929012, 5.438045384095286039 ) ) ;
#790 = VECTOR ( 'NONE', #1666, 1000.000000000000227 ) ;
#791 = CARTESIAN_POINT ( 'NONE',  ( 25.67173621002079997, 23.79535780458522609, -1.675414736673148441 ) ) ;
#792 = CARTESIAN_POINT ( 'NONE',  ( 0.000000000000000000, 0.000000000000000000, -8.500000000000000000 ) ) ;
#793 = DIRECTION ( 'NONE',  ( 0.4566622351236644395, 0.8896401536643110397, 0.000000000000000000 ) ) ;
#794 = PLANE ( 'NONE',  #2556 ) ;
#795 = EDGE_CURVE ( 'NONE', #400, #411, #2697, .T. ) ;
#796 = ORIENTED_EDGE ( 'NONE', *, *, #243, .F. ) ;
#797 = CARTESIAN_POINT ( 'NONE',  ( -15.75342611724325081, 8.501122469162407214, 3.224815851137015521 ) ) ;
#798 = B_SPLINE_CURVE_WITH_KNOTS ( 'NONE', 3,
 ( #1573, #420, #435, #204 ),
 .UNSPECIFIED., .F., .F.,
 ( 4, 4 ),
 ( 0.000000000000000000, 0.0004346786270710446408 ),
 .UNSPECIFIED. ) ;
#799 = CARTESIAN_POINT ( 'NONE',  ( -8.552484559469032632, -10.31569196655913423, 8.000000000000000000 ) ) ;
#800 = CARTESIAN_POINT ( 'NONE',  ( 0.000000000000000000, 0.000000000000000000, 8.000000000000000000 ) ) ;
#801 = ORIENTED_EDGE ( 'NONE', *, *, #246, .T. ) ;
#802 = VERTEX_POINT ( 'NONE', #2821 ) ;
#803 = CARTESIAN_POINT ( 'NONE',  ( 12.92776450944833755, -35.75473703668810543, -7.999999999999992895 ) ) ;
#804 = CARTESIAN_POINT ( 'NONE',  ( -16.19906714806552017, -31.02889635032905247, -3.714856427062252386 ) ) ;
#805 = CARTESIAN_POINT ( 'NONE',  ( 3.573988383700107629, -34.81704477742442094, 8.000000000000000000 ) ) ;
#806 = EDGE_CURVE ( 'NONE', #2216, #723, #2178, .T. ) ;
#807 = ORIENTED_EDGE ( 'NONE', *, *, #2619, .F. ) ;
#808 = VERTEX_POINT ( 'NONE', #2008 ) ;
#809 = DIRECTION ( 'NONE',  ( 0.000000000000000000, 0.000000000000000000, -1.000000000000000000 ) ) ;
#810 = CARTESIAN_POINT ( 'NONE',  ( 33.73970681082022338, -9.317998945489915030, -4.069711605607342797 ) ) ;
#811 = CARTESIAN_POINT ( 'NONE',  ( 0.000000000000000000, 0.000000000000000000, -8.000000000000000000 ) ) ;
#812 = CARTESIAN_POINT ( 'NONE',  ( 13.06365507729848652, 35.62781099115371575, 8.000000000000000000 ) ) ;
#813 = CARTESIAN_POINT ( 'NONE',  ( 9.955151834946383005, -4.176884275214084674, 0.2827642305349036822 ) ) ;
#814 = VERTEX_POINT ( 'NONE', #2196 ) ;
#815 = B_SPLINE_CURVE_WITH_KNOTS ( 'NONE', 3,
 ( #561, #1488, #1977, #1239, #339, #1270, #2898, #75, #1962, #2877 ),
 .UNSPECIFIED., .F., .F.,
 ( 4, 2, 2, 2, 4 ),
 ( 0.01488204684933954955, 0.01824191049705064377, 0.02160177414476173452, 0.02496163779247282874, 0.02832150144018392296 ),
 .UNSPECIFIED. ) ;
#816 = CARTESIAN_POINT ( 'NONE',  ( -14.00000000000000000, 1.714505518806294638E-15, -7.500000000000000000 ) ) ;
#817 = CARTESIAN_POINT ( 'NONE',  ( -37.71179361734904489, -4.762504323329029177, -7.999999999999988454 ) ) ;
#818 = AXIS2_PLACEMENT_3D ( 'NONE', #2707, #1082, #2189 ) ;
#819 = CARTESIAN_POINT ( 'NONE',  ( -32.32291206225509228, 13.45938291936414721, 2.987318143446628937 ) ) ;
#820 = ORIENTED_EDGE ( 'NONE', *, *, #1676, .F. ) ;
#821 = VERTEX_POINT ( 'NONE', #577 ) ;
#822 = CARTESIAN_POINT ( 'NONE',  ( 10.70512239796900644, -26.16452908368884778, -0.4362067782112100667 ) ) ;
#823 = CARTESIAN_POINT ( 'NONE',  ( -11.62594939770537295, 33.02801539611800763, 3.732457164071007139 ) ) ;
#824 = EDGE_CURVE ( 'NONE', #467, #1382, #148, .T. ) ;
#825 = DIRECTION ( 'NONE',  ( 0.6234898018587431423, 0.7818314824680221431, 0.000000000000000000 ) ) ;
#826 = AXIS2_PLACEMENT_3D ( 'NONE', #2774, #705, #2545 ) ;
#827 = ORIENTED_EDGE ( 'NONE', *, *, #1686, .F. ) ;
#828 = CARTESIAN_POINT ( 'NONE',  ( 31.94618585790108511, 20.60660904661788351, -8.000000000000014211 ) ) ;
#829 = CARTESIAN_POINT ( 'NONE',  ( -2.237643272959454421, 36.45514678331522163, 0.2827642305349036822 ) ) ;
#830 = CARTESIAN_POINT ( 'NONE',  ( 3.919206924555256766, -14.47903528719862720, -7.676535189758888933 ) ) ;
#831 = EDGE_CURVE ( 'NONE', #808, #1441, #2050, .T. ) ;
#832 = CARTESIAN_POINT ( 'NONE',  ( 1.963850998622681532, 13.90132407153411798, 0.2827642305349010732 ) ) ;
#833 = CARTESIAN_POINT ( 'NONE',  ( 9.898778055564676492, 5.435127857743921709, 8.000000000000000000 ) ) ;
#834 = ORIENTED_EDGE ( 'NONE', *, *, #1635, .T. ) ;
#835 = CARTESIAN_POINT ( 'NONE',  ( 0.000000000000000000, 0.000000000000000000, 8.500000000000000000 ) ) ;
#836 = FACE_OUTER_BOUND ( 'NONE', #381, .T. ) ;
#837 = CARTESIAN_POINT ( 'NONE',  ( 12.29969221613671060, -8.607862944705708230, 5.573481401886231090 ) ) ;
#838 = ORIENTED_EDGE ( 'NONE', *, *, #806, .T. ) ;
#839 = ORIENTED_EDGE ( 'NONE', *, *, #2833, .T. ) ;
#840 = CARTESIAN_POINT ( 'NONE',  ( 1.706632886164084262, -34.97127384443000153, 6.924458842694897420 ) ) ;
#841 = CARTESIAN_POINT ( 'NONE',  ( -9.177452662585221077, -0.2448424763937533388, 0.2827642305349036822 ) ) ;
#842 = CARTESIAN_POINT ( 'NONE',  ( 8.193133746070065726, 12.56473475322929012, 5.438045384095286039 ) ) ;
#843 = ORIENTED_EDGE ( 'NONE', *, *, #16, .T. ) ;
#844 = EDGE_CURVE ( 'NONE', #723, #1032, #2722, .T. ) ;
#845 = CARTESIAN_POINT ( 'NONE',  ( 10.38167041874311991, 29.45792652778860798, 7.999999999999988454 ) ) ;
#846 = CARTESIAN_POINT ( 'NONE',  ( 14.71454439697262551, 3.018192436321947003, 6.256391282027651712 ) ) ;
#847 = B_SPLINE_CURVE_WITH_KNOTS ( 'NONE', 3,
 ( #2120, #505, #1432, #1900, #979, #2814, #2373, #2317, #305, #72, #748, #1236, #1672, #1006, #2586, #1928, #2843, #1749, #544, #2613 ),
 .UNSPECIFIED., .F., .F.,
 ( 4, 2, 2, 2, 2, 2, 2, 2, 2, 4 ),
 ( 0.000000000000000000, 0.002538198392636496423, 0.005076396785272993713, 0.007614595177909491003, 0.01015279357054598916, 0.01269099196318248558, 0.01522919035581898201, 0.01649828955213723108, 0.01776738874845548363, 0.02030558714109198873 ),
 .UNSPECIFIED. ) ;
#848 = VECTOR ( 'NONE', #1020, 1000.000000000000114 ) ;
#849 = CARTESIAN_POINT ( 'NONE',  ( -34.77180944683271946, -3.990146337310809255, -8.000000000000000000 ) ) ;
#850 = CARTESIAN_POINT ( 'NONE',  ( 28.94750637224042578, -19.69529087208413642, 7.449193149968816208 ) ) ;
#851 = CARTESIAN_POINT ( 'NONE',  ( 2.284609848879300298, 23.70029753460024935, 0.2827642305349024054 ) ) ;
#852 = ORIENTED_EDGE ( 'NONE', *, *, #1244, .T. ) ;
#853 = EDGE_CURVE ( 'NONE', #956, #608, #186, .T. ) ;
#854 = CARTESIAN_POINT ( 'NONE',  ( -13.37462977575617984, 13.38290402369278453, 0.2827642305349036822 ) ) ;
#855 = DIRECTION ( 'NONE',  ( 0.000000000000000000, 0.000000000000000000, 1.000000000000000000 ) ) ;
#856 = CARTESIAN_POINT ( 'NONE',  ( 33.86368345690816284, -6.884024269922599970, 0.2827642305349071794 ) ) ;
#857 = ORIENTED_EDGE ( 'NONE', *, *, #1201, .T. ) ;
#858 = CARTESIAN_POINT ( 'NONE',  ( -8.708264765451604106, 33.91248560856300287, 2.497571440923281205 ) ) ;
#859 = CARTESIAN_POINT ( 'NONE',  ( 13.74565082271507066, 6.004755070774534076, 8.000000000000000000 ) ) ;
#860 = CARTESIAN_POINT ( 'NONE',  ( 1.884861884903379581, 11.14425492883414215, 8.000000000000000000 ) ) ;
#861 = ORIENTED_EDGE ( 'NONE', *, *, #1072, .T. ) ;
#862 = CARTESIAN_POINT ( 'NONE',  ( 0.000000000000000000, 0.000000000000000000, -8.000000000000000000 ) ) ;
#863 = CARTESIAN_POINT ( 'NONE',  ( -29.74581975686133006, 18.45152163376198118, -0.5940682183808293493 ) ) ;
#864 = CARTESIAN_POINT ( 'NONE',  ( 27.25342054273616199, -21.98075655729383016, 5.909000145677006266 ) ) ;
#865 = CARTESIAN_POINT ( 'NONE',  ( -6.727335922534382284, 34.36461969019043750, 1.045696437474296081 ) ) ;
#866 = PERSON_AND_ORGANIZATION_ROLE ( 'design_owner' ) ;
#867 = CARTESIAN_POINT ( 'NONE',  ( -11.20108483825669055, -0.1993282038689611346, 8.000000000000000000 ) ) ;
#868 = ADVANCED_FACE ( 'NONE', ( #2077 ), #1139, .T. ) ;
#869 = CARTESIAN_POINT ( 'NONE',  ( -8.884624148140931155, -11.91898339004840324, -8.000000000000000000 ) ) ;
#870 = DIRECTION ( 'NONE',  ( -0.000000000000000000, -0.000000000000000000, -1.000000000000000000 ) ) ;
#871 = ORIENTED_EDGE ( 'NONE', *, *, #1643, .T. ) ;
#872 = CARTESIAN_POINT ( 'NONE',  ( 10.42656684687983670, -10.78363128948436689, 5.438045384095286039 ) ) ;
#873 = CARTESIAN_POINT ( 'NONE',  ( -1.634065409325739404, 21.19920852643965858, 2.382906051918966650 ) ) ;
#874 = CARTESIAN_POINT ( 'NONE',  ( 20.97136991465800904, -28.04257083379883397, 1.045696437474300300 ) ) ;
#875 = ORIENTED_EDGE ( 'NONE', *, *, #1305, .T. ) ;
#876 = CARTESIAN_POINT ( 'NONE',  ( 13.05939140636238882, 15.32312760625181980, 3.224815851137015521 ) ) ;
#877 = AXIS2_PLACEMENT_3D ( 'NONE', #264, #1182, #2979 ) ;
#878 = CARTESIAN_POINT ( 'NONE',  ( 24.80493728284156418, -24.71290324503598157, 3.732457164071006250 ) ) ;
#879 = DIRECTION ( 'NONE',  ( -0.2225209339563182509, -0.9749279121818227312, 0.000000000000000000 ) ) ;
#880 = CARTESIAN_POINT ( 'NONE',  ( -15.42815887020017485, -31.42711557555544744, -4.100155817227370214 ) ) ;
#881 = PERSON_AND_ORGANIZATION ( #2223, #334 ) ;
#882 = CARTESIAN_POINT ( 'NONE',  ( 33.23026053910521682, -10.98862068246907242, -5.524679704034233474 ) ) ;
#883 = CARTESIAN_POINT ( 'NONE',  ( -0.3317741114497342880, -15.01723104743750348, 6.256391282027652601 ) ) ;
#884 = CARTESIAN_POINT ( 'NONE',  ( 0.9388344158215690127, -14.98320136106434575, 5.573481401886231978 ) ) ;
#885 = ORIENTED_EDGE ( 'NONE', *, *, #853, .T. ) ;
#886 = ORIENTED_EDGE ( 'NONE', *, *, #230, .F. ) ;
#887 = CARTESIAN_POINT ( 'NONE',  ( -29.75241585800196020, 21.27917639754591050, 0.2827642305349036822 ) ) ;
#888 = CYLINDRICAL_SURFACE ( 'NONE', #1033, 35.00000000000000711 ) ;
#889 = CARTESIAN_POINT ( 'NONE',  ( 0.000000000000000000, 0.000000000000000000, 8.000000000000000000 ) ) ;
#890 = EDGE_CURVE ( 'NONE', #526, #928, #2261, .T. ) ;
#891 = ORIENTED_EDGE ( 'NONE', *, *, #1461, .T. ) ;
#892 = CARTESIAN_POINT ( 'NONE',  ( -18.65934862417610063, 30.44591360336685781, 8.000000000000000000 ) ) ;
#893 = CARTESIAN_POINT ( 'NONE',  ( 7.324076724511766834, -6.856308449705753816, 3.224815851137015521 ) ) ;
#894 = CIRCLE ( 'NONE', #1420, 35.00000000000000000 ) ;
#895 = CARTESIAN_POINT ( 'NONE',  ( -14.85810900306707794, -0.4850857233065011820, -8.000000000000000000 ) ) ;
#896 = COORDINATED_UNIVERSAL_TIME_OFFSET ( 5, 0, .AHEAD. ) ;
#897 = CIRCLE ( 'NONE', #2574, 35.00000000000000000 ) ;
#898 = CARTESIAN_POINT ( 'NONE',  ( 3.688381323754416741, -37.76765604602143611, 8.000000000000000000 ) ) ;
#899 = CARTESIAN_POINT ( 'NONE',  ( 31.68384172845406610, 2.505221440219020934, 3.224815851137011968 ) ) ;
#900 = ORIENTED_EDGE ( 'NONE', *, *, #1912, .T. ) ;
#901 = EDGE_LOOP ( 'NONE', ( #164, #1759, #45, #2536, #1216 ) ) ;
#902 = FACE_OUTER_BOUND ( 'NONE', #2507, .T. ) ;
#903 = CARTESIAN_POINT ( 'NONE',  ( 0.000000000000000000, -0.000000000000000000, -8.500000000000000000 ) ) ;
#904 = DIRECTION ( 'NONE',  ( 0.000000000000000000, 0.000000000000000000, -1.000000000000000000 ) ) ;
#905 = CARTESIAN_POINT ( 'NONE',  ( -11.27086525926031335, -1.383705909805812651, 0.2827642305349036822 ) ) ;
#906 = EDGE_CURVE ( 'NONE', #2285, #1541, #211, .T. ) ;
#907 = DIRECTION ( 'NONE',  ( -0.000000000000000000, 0.000000000000000000, -1.000000000000000000 ) ) ;
#908 = CARTESIAN_POINT ( 'NONE',  ( 21.82214306505560941, -27.36410188638111407, 1.995833495980581018 ) ) ;
#909 = DATE_TIME_ROLE ( 'creation_date' ) ;
#910 = CARTESIAN_POINT ( 'NONE',  ( -14.98976904291632195, 0.5539169974170289334, 8.000000000000000000 ) ) ;
#911 = CARTESIAN_POINT ( 'NONE',  ( -6.196614257945769033, -13.67085419873686902, -1.437846474134117036 ) ) ;
#912 = VERTEX_POINT ( 'NONE', #1379 ) ;
#913 = ORIENTED_EDGE ( 'NONE', *, *, #1542, .T. ) ;
#914 = CARTESIAN_POINT ( 'NONE',  ( 22.24779184590090253, -4.683079765034476871, 0.2827642305349036822 ) ) ;
#915 = CARTESIAN_POINT ( 'NONE',  ( 1.707381703426263053, 28.21820468147294747, -0.4362067782112100667 ) ) ;
#916 = CARTESIAN_POINT ( 'NONE',  ( -27.44475941272113317, 26.26683084744480823, -8.000000000000000000 ) ) ;
#918 = FACE_OUTER_BOUND ( 'NONE', #453, .T. ) ;
#917 = APPLICATION_CONTEXT ( 'configuration controlled 3d designs of mechanical parts and assemblies' ) ;
#919 = B_SPLINE_SURFACE_WITH_KNOTS ( 'NONE', 3, 3, ( 
 ( #1316, #2497, #432, #1362 ),
 ( #384, #202, #876, #1300 ),
 ( #2889, #1798, #2712, #641 ),
 ( #828, #590, #1517, #2433 ),
 ( #368, #2210, #136, #845 ),
 ( #1766, #1087, #2102, #26 ),
 ( #672, #1613, #962, #1854 ) ),
 .UNSPECIFIED., .F., .F., .F.,
 ( 4, 1, 1, 1, 4 ),
 ( 4, 4 ),
 ( 0.7525906367204815428, 0.8144429775403594363, 0.8762953183602442131, 0.9381476591801221065, 1.000000000000000000 ),
 ( 0.000000000000000000, 1.000000000000000000 ),
 .UNSPECIFIED. ) ;
#920 = CARTESIAN_POINT ( 'NONE',  ( -27.20608385294972109, 22.03453382555949247, -4.100155817227375543 ) ) ;
#921 = VECTOR ( 'NONE', #1134, 1000.000000000000000 ) ;
#922 = B_SPLINE_CURVE_WITH_KNOTS ( 'NONE', 3,
 ( #2669, #2472, #1738, #2407, #563, #2251, #2233, #2879, #1107, #358, #2183, #1290, #1979, #2025 ),
 .UNSPECIFIED., .F., .F.,
 ( 4, 2, 2, 2, 2, 2, 4 ),
 ( 2.742838647325547832E-18, 0.003317277496748131764, 0.006634554993496261793, 0.008293193741870328109, 0.009951832490244394425, 0.01161047123861846074, 0.01326910998699252532 ),
 .UNSPECIFIED. ) ;
#923 = CARTESIAN_POINT ( 'NONE',  ( 3.849095144599611107, -15.74990196965481459, -8.000000000000007105 ) ) ;
#924 = VECTOR ( 'NONE', #2482, 1000.000000000000000 ) ;
#925 = EDGE_CURVE ( 'NONE', #2794, #2138, #1136, .T. ) ;
#926 = CARTESIAN_POINT ( 'NONE',  ( -14.56689102668796387, 3.665104119905277180, 6.256391282027653489 ) ) ;
#927 = CARTESIAN_POINT ( 'NONE',  ( 11.91232748999829738, -32.91122999701946839, -6.338578789089836185 ) ) ;
#928 = VERTEX_POINT ( 'NONE', #1604 ) ;
#929 = ORIENTED_EDGE ( 'NONE', *, *, #2773, .T. ) ;
#930 = CARTESIAN_POINT ( 'NONE',  ( 0.000000000000000000, 0.000000000000000000, 8.000000000000000000 ) ) ;
#931 = CARTESIAN_POINT ( 'NONE',  ( 13.47375777366878502, 6.592256931923996532, -7.500000000000000000 ) ) ;
#932 = CARTESIAN_POINT ( 'NONE',  ( 25.62150796119328433, -25.55506160930037396, 3.224815851137015521 ) ) ;
#933 = CARTESIAN_POINT ( 'NONE',  ( -16.11269896537705648, -0.7380438604536804226, -8.000000000000000000 ) ) ;
#934 = CARTESIAN_POINT ( 'NONE',  ( 12.74565894136183530, 9.471821307599640249, 0.2827642305349036822 ) ) ;
#935 = CARTESIAN_POINT ( 'NONE',  ( 29.44940704268814002, -18.91381571323116972, 8.000000000000000000 ) ) ;
#936 = AXIS2_PLACEMENT_3D ( 'NONE', #329, #2447, #1234 ) ;
#937 = CARTESIAN_POINT ( 'NONE',  ( -1.930124340018274820, -14.87530235094631692, 5.438045384095286039 ) ) ;
#938 = DIRECTION ( 'NONE',  ( 0.000000000000000000, -0.000000000000000000, 1.000000000000000000 ) ) ;
#939 = ORIENTED_EDGE ( 'NONE', *, *, #423, .T. ) ;
#940 = CIRCLE ( 'NONE', #936, 14.86602540378443571 ) ;
#941 = VERTEX_POINT ( 'NONE', #1 ) ;
#942 = CARTESIAN_POINT ( 'NONE',  ( 29.37393863651553971, 10.73278778125441590, 7.999999999999998224 ) ) ;
#943 = CARTESIAN_POINT ( 'NONE',  ( 10.91136138788445820, 10.30100498660292985, 1.631853832464079446 ) ) ;
#944 = CARTESIAN_POINT ( 'NONE',  ( 10.32173281748517546, -28.89711770772002808, -7.999999999999998224 ) ) ;
#945 = CARTESIAN_POINT ( 'NONE',  ( 0.000000000000000000, 0.000000000000000000, -8.500000000000000000 ) ) ;
#946 = CARTESIAN_POINT ( 'NONE',  ( 1.877165822593057198, 11.14760032714267268, 8.000000000000000000 ) ) ;
#947 = CARTESIAN_POINT ( 'NONE',  ( -3.130828443480289991, 18.44306459930312414, 3.224815851137015521 ) ) ;
#948 = B_SPLINE_CURVE_WITH_KNOTS ( 'NONE', 3,
 ( #1659, #2134, #1458, #2829, #1179, #262, #274, #2786, #2092, #2105 ),
 .UNSPECIFIED., .F., .F.,
 ( 4, 2, 2, 2, 4 ),
 ( 0.01295364877508939708, 0.01975498717547203437, 0.02315565637566335128, 0.02485599097575900973, 0.02655632557585466819 ),
 .UNSPECIFIED. ) ;
#949 = DIRECTION ( 'NONE',  ( 0.000000000000000000, 0.000000000000000000, 1.000000000000000000 ) ) ;
#950 = EDGE_CURVE ( 'NONE', #1811, #2123, #2033, .T. ) ;
#951 = EDGE_CURVE ( 'NONE', #1579, #912, #740, .T. ) ;
#952 = CARTESIAN_POINT ( 'NONE',  ( -6.119857222498641391, -13.70094371374705844, 0.6273122612027030032 ) ) ;
#953 = CARTESIAN_POINT ( 'NONE',  ( -33.45385392812550407, -10.30032768608691285, -1.675414736673145333 ) ) ;
#954 = ORIENTED_EDGE ( 'NONE', *, *, #423, .F. ) ;
#955 = B_SPLINE_CURVE_WITH_KNOTS ( 'NONE', 3,
 ( #1761, #413, #2256, #2937 ),
 .UNSPECIFIED., .F., .F.,
 ( 4, 4 ),
 ( 0.000000000000000000, 0.0005326445540414779297 ),
 .UNSPECIFIED. ) ;
#956 = VERTEX_POINT ( 'NONE', #935 ) ;
#957 = ADVANCED_FACE ( 'NONE', ( #703 ), #2469, .T. ) ;
#958 = CARTESIAN_POINT ( 'NONE',  ( 33.10144873768309282, -11.37147105022200755, -7.164237005979457784 ) ) ;
#959 = CARTESIAN_POINT ( 'NONE',  ( 21.82214306505560941, -27.36410188638111407, 1.995833495980581018 ) ) ;
#960 = CARTESIAN_POINT ( 'NONE',  ( 8.193133746070065726, 12.56473475322929012, 5.438045384095286039 ) ) ;
#961 = CARTESIAN_POINT ( 'NONE',  ( 21.28718771513111463, -12.28601610612618167, 8.000000000000000000 ) ) ;
#962 = CARTESIAN_POINT ( 'NONE',  ( 19.57207863482479482, 30.46225897894965584, 3.224815851137015521 ) ) ;
#963 = FACE_OUTER_BOUND ( 'NONE', #2910, .T. ) ;
#964 = DIRECTION ( 'NONE',  ( 1.000000000000000000, 0.000000000000000000, 0.000000000000000000 ) ) ;
#965 = DIRECTION ( 'NONE',  ( 0.02543806065217163806, 0.9996764001767053376, 0.000000000000000000 ) ) ;
#967 = CARTESIAN_POINT ( 'NONE',  ( -2.357060440819962466, -14.81990584603175165, 4.949283202396100201 ) ) ;
#966 = AXIS2_PLACEMENT_3D ( 'NONE', #1894, #297, #1229 ) ;
#968 = CARTESIAN_POINT ( 'NONE',  ( -17.89780571416274668, 0.5913401705506465822, 8.000000000000000000 ) ) ;
#969 = B_SPLINE_CURVE_WITH_KNOTS ( 'NONE', 3,
 ( #2885, #1280, #1066, #823, #1030, #1745, #1260, #2658, #1939, #2430 ),
 .UNSPECIFIED., .F., .F.,
 ( 4, 2, 2, 2, 4 ),
 ( 0.01488204684933954955, 0.01824191049705064377, 0.02160177414476173799, 0.02496163779247283221, 0.02832150144018392296 ),
 .UNSPECIFIED. ) ;
#970 = ORIENTED_EDGE ( 'NONE', *, *, #890, .F. ) ;
#971 = LOCAL_TIME ( 13, 3, 4.000000000000000000, #596 ) ;
#972 = DIRECTION ( 'NONE',  ( 0.000000000000000000, 0.000000000000000000, 1.000000000000000000 ) ) ;
#973 = CARTESIAN_POINT ( 'NONE',  ( -13.80124847001629540, -33.81582935666300926, 0.2827642305349036822 ) ) ;
#974 = CARTESIAN_POINT ( 'NONE',  ( 24.08315463764021302, -23.92710002139159897, 3.224815851137015521 ) ) ;
#975 = CARTESIAN_POINT ( 'NONE',  ( 18.08311705842682215, -20.55903378000769521, 3.224815851137020406 ) ) ;
#976 = CARTESIAN_POINT ( 'NONE',  ( 31.71530005445764289, 20.91174226233057709, -8.000000000000000000 ) ) ;
#977 = FACE_OUTER_BOUND ( 'NONE', #367, .T. ) ;
#978 = EDGE_CURVE ( 'NONE', #2096, #294, #798, .T. ) ;
#979 = CARTESIAN_POINT ( 'NONE',  ( -14.70182840999810026, 3.044078897441624409, 5.014484434763338605 ) ) ;
#980 = CARTESIAN_POINT ( 'NONE',  ( -5.848728769006081407, -34.52252702498491743, 2.706526749215313554 ) ) ;
#981 = CARTESIAN_POINT ( 'NONE',  ( 12.12747896078709076, -32.83175679210095410, -5.524679704034233474 ) ) ;
#982 = ORIENTED_EDGE ( 'NONE', *, *, #1305, .F. ) ;
#983 = CARTESIAN_POINT ( 'NONE',  ( -3.984809720698844870, -15.80031246857250693, 3.224815851137016409 ) ) ;
#984 = LINE ( 'NONE', #1908, #1331 ) ;
#985 = CARTESIAN_POINT ( 'NONE',  ( 13.20305231285151848, 7.135739718678864918, -4.990522911709038389 ) ) ;
#986 = CARTESIAN_POINT ( 'NONE',  ( -13.59650630644058289, -6.363586672203573436, 1.651199456445375580 ) ) ;
#987 = AXIS2_PLACEMENT_3D ( 'NONE', #191, #1125, #2521 ) ;
#988 = CARTESIAN_POINT ( 'NONE',  ( 16.95937933764293604, -31.64324752835789312, 0.2827642305349036822 ) ) ;
#989 = CARTESIAN_POINT ( 'NONE',  ( 4.275068495136027380, 8.321189917176431194, 3.224815851137015521 ) ) ;
#990 = CARTESIAN_POINT ( 'NONE',  ( -5.620254141273293591, 13.92202996399509374, 3.904338265262624397 ) ) ;
#991 = B_SPLINE_CURVE_WITH_KNOTS ( 'NONE', 3,
 ( #1681, #1925, #760, #1668, #52, #2595, #2809, #743, #2625, #2583 ),
 .UNSPECIFIED., .F., .F.,
 ( 4, 2, 2, 2, 4 ),
 ( 0.000000000000000000, 0.003238412193772345800, 0.006476824387544691600, 0.009715236581317046941, 0.01295364877508940055 ),
 .UNSPECIFIED. ) ;
#992 = EDGE_LOOP ( 'NONE', ( #2710, #1315, #2723, #480 ) ) ;
#993 = EDGE_CURVE ( 'NONE', #1691, #2270, #894, .T. ) ;
#994 = CARTESIAN_POINT ( 'NONE',  ( 6.545024651224907508, -13.50177880098556038, 0.1104061731797435775 ) ) ;
#995 = DIRECTION ( 'NONE',  ( 1.000000000000000000, 0.000000000000000000, 0.000000000000000000 ) ) ;
#996 = CARTESIAN_POINT ( 'NONE',  ( 0.000000000000000000, 0.000000000000000000, -7.500000000000000000 ) ) ;
#997 = ORIENTED_EDGE ( 'NONE', *, *, #824, .F. ) ;
#998 = CARTESIAN_POINT ( 'NONE',  ( -19.94605313783945988, -32.37325060926085740, -8.000000000000000000 ) ) ;
#999 = CARTESIAN_POINT ( 'NONE',  ( -19.84164632251287586, -32.42684379460980892, -8.000000000000014211 ) ) ;
#1000 = CARTESIAN_POINT ( 'NONE',  ( -34.47423253923869879, 6.117996480935935288, 6.924458842694900973 ) ) ;
#1001 = ORIENTED_EDGE ( 'NONE', *, *, #844, .F. ) ;
#1002 = CARTESIAN_POINT ( 'NONE',  ( -16.37140814280602896, 9.051282449368025951, 3.224815851137015521 ) ) ;
#1003 = CARTESIAN_POINT ( 'NONE',  ( -12.39135629319799392, -6.315468000643310376, 3.224815851137015521 ) ) ;
#1004 = CARTESIAN_POINT ( 'NONE',  ( -0.03866117949762204464, 15.00446212928288148, 0.1104061731797448126 ) ) ;
#1005 = EDGE_CURVE ( 'NONE', #941, #2794, #948, .T. ) ;
#1006 = CARTESIAN_POINT ( 'NONE',  ( -11.18535325081236920, 9.997018893064911538, -3.195909463663653582 ) ) ;
#1007 = LINE ( 'NONE', #812, #2894 ) ;
#1008 = ORIENTED_EDGE ( 'NONE', *, *, #1542, .F. ) ;
#1009 = EDGE_CURVE ( 'NONE', #1499, #2368, #1630, .T. ) ;
#1010 = CARTESIAN_POINT ( 'NONE',  ( 35.00000000000000000, 0.000000000000000000, -8.500000000000000000 ) ) ;
#1011 = AXIS2_PLACEMENT_3D ( 'NONE', #398, #2999, #431 ) ;
#1012 = CARTESIAN_POINT ( 'NONE',  ( 3.427753464416465778, -31.04511269406472351, 7.999999999999988454 ) ) ;
#1013 = CARTESIAN_POINT ( 'NONE',  ( -33.86101299608755966, 8.907987964159875816, 5.417831410484542864 ) ) ;
#1014 = VERTEX_POINT ( 'NONE', #732 ) ;
#1015 =( GEOMETRIC_REPRESENTATION_CONTEXT ( 3 ) GLOBAL_UNCERTAINTY_ASSIGNED_CONTEXT ( ( #1261 ) ) GLOBAL_UNIT_ASSIGNED_CONTEXT ( ( #2361, #2947, #2682 ) ) REPRESENTATION_CONTEXT ( 'NONE', 'WORKASPACE' ) );
#1016 = CARTESIAN_POINT ( 'NONE',  ( -21.57883835347105261, 19.87123782930443028, 0.2827642305349036822 ) ) ;
#1017 = CARTESIAN_POINT ( 'NONE',  ( -23.38987793884556865, -1.695251369319752843, -8.000000000000000000 ) ) ;
#1018 = CARTESIAN_POINT ( 'NONE',  ( 12.09293387712737733, 7.131933253335326128, 0.2827642305349010732 ) ) ;
#1019 = CARTESIAN_POINT ( 'NONE',  ( -7.918280988602633741, 21.33581539761729573, 3.224815851137015521 ) ) ;
#1020 = DIRECTION ( 'NONE',  ( 0.4108244337088360343, -0.9117144754076322855, 0.000000000000000000 ) ) ;
#1021 = CARTESIAN_POINT ( 'NONE',  ( -9.779037877730850425, -11.37411175371093641, 8.000000000000000000 ) ) ;
#1022 = CARTESIAN_POINT ( 'NONE',  ( 18.67733333333332979, -1.051635921851682642, 3.224815851137015521 ) ) ;
#1023 = ORIENTED_EDGE ( 'NONE', *, *, #699, .F. ) ;
#1024 = CARTESIAN_POINT ( 'NONE',  ( 0.000000000000000000, 0.000000000000000000, 8.000000000000000000 ) ) ;
#1025 = CARTESIAN_POINT ( 'NONE',  ( 3.601505370641768788, -35.52680826203586406, 8.000000000000000000 ) ) ;
#1026 = CARTESIAN_POINT ( 'NONE',  ( 13.49403803687216197, -6.550644049209760844, 8.000000000000000000 ) ) ;
#1027 = ORIENTED_EDGE ( 'NONE', *, *, #1433, .F. ) ;
#1028 = CARTESIAN_POINT ( 'NONE',  ( -11.19352287649842026, -0.1590648085105471343, 8.000000000000000000 ) ) ;
#1029 = AXIS2_PLACEMENT_3D ( 'NONE', #811, #2875, #2418 ) ;
#1030 = CARTESIAN_POINT ( 'NONE',  ( -12.57708490619705444, 32.67762961661969712, 4.237358947068418757 ) ) ;
#1031 = CARTESIAN_POINT ( 'NONE',  ( 14.95140864310453033, -31.65670638443546991, -4.100155817227371990 ) ) ;
#1032 = VERTEX_POINT ( 'NONE', #15 ) ;
#1033 = AXIS2_PLACEMENT_3D ( 'NONE', #903, #1311, #1599 ) ;
#1034 = ORIENTED_EDGE ( 'NONE', *, *, #2587, .F. ) ;
#1035 = CARTESIAN_POINT ( 'NONE',  ( 3.052151405873549717, 23.19339281342423931, -8.000000000000000000 ) ) ;
#1036 = CARTESIAN_POINT ( 'NONE',  ( -34.75727117365772045, -4.116838950010247800, -7.164237005979458672 ) ) ;
#1037 = DIRECTION ( 'NONE',  ( 0.000000000000000000, 0.000000000000000000, 1.000000000000000000 ) ) ;
#1038 = CARTESIAN_POINT ( 'NONE',  ( 4.498449801036293216, 14.32276797529332946, 6.739465476555197121 ) ) ;
#1039 = CARTESIAN_POINT ( 'NONE',  ( 28.90454692490105870, -10.43167848587513724, -8.000000000000001776 ) ) ;
#1040 = ORIENTED_EDGE ( 'NONE', *, *, #1810, .T. ) ;
#1041 = B_SPLINE_CURVE_WITH_KNOTS ( 'NONE', 3,
 ( #460, #228, #2958, #2302 ),
 .UNSPECIFIED., .F., .F.,
 ( 4, 4 ),
 ( 0.000000000000000000, 0.0005326445540414779297 ),
 .UNSPECIFIED. ) ;
#1042 = CARTESIAN_POINT ( 'NONE',  ( -31.12445758251144312, -16.03616835689398101, 2.497571440916330321 ) ) ;
#1043 = CARTESIAN_POINT ( 'NONE',  ( -37.73498936239821688, -4.647460983608322493, -7.999999999999992895 ) ) ;
#1044 = CARTESIAN_POINT ( 'NONE',  ( 36.00000000000000000, -12.24223798116684492, -8.000000000000000000 ) ) ;
#1045 = ORIENTED_EDGE ( 'NONE', *, *, #575, .F. ) ;
#1046 = CARTESIAN_POINT ( 'NONE',  ( -31.02949380454787942, 3.566374942924876112, 7.999999999999988454 ) ) ;
#1047 = CARTESIAN_POINT ( 'NONE',  ( -7.788232688471166121, -34.12247692636379526, 1.995833495980581018 ) ) ;
#1048 = CARTESIAN_POINT ( 'NONE',  ( 18.79424235230379026, -29.53047405667134484, -0.5940682183808282391 ) ) ;
#1049 = VERTEX_POINT ( 'NONE', #2559 ) ;
#1050 = EDGE_CURVE ( 'NONE', #400, #526, #1466, .T. ) ;
#1051 = ORIENTED_EDGE ( 'NONE', *, *, #468, .F. ) ;
#1052 = CARTESIAN_POINT ( 'NONE',  ( 27.53600524670476801, 21.62082548324427123, -4.100155817227375543 ) ) ;
#1053 = CARTESIAN_POINT ( 'NONE',  ( -31.53391037658477458, -15.18593086911431911, 1.995833495980579242 ) ) ;
#1054 = DIRECTION ( 'NONE',  ( 0.000000000000000000, 0.000000000000000000, 1.000000000000000000 ) ) ;
#1055 = CARTESIAN_POINT ( 'NONE',  ( 1.803471573494369151, 9.001837340001033638, 0.2827642305349036822 ) ) ;
#1056 = CARTESIAN_POINT ( 'NONE',  ( 10.00534345959679072, 5.039557077976720478, 8.000000000000000000 ) ) ;
#1057 = VERTEX_POINT ( 'NONE', #475 ) ;
#1058 = CARTESIAN_POINT ( 'NONE',  ( -27.12317125405122198, 26.64968990271619376, -8.000000000000000000 ) ) ;
#1059 = CARTESIAN_POINT ( 'NONE',  ( 2.645869886402630211, -10.87748263819472605, 8.000000000000000000 ) ) ;
#1060 = EDGE_CURVE ( 'NONE', #152, #2043, #1822, .T. ) ;
#1061 = DIRECTION ( 'NONE',  ( -0.2225209339563181954, -0.9749279121818227312, 0.000000000000000000 ) ) ;
#1062 = B_SPLINE_CURVE_WITH_KNOTS ( 'NONE', 3,
 ( #2605, #737, #2848, #324 ),
 .UNSPECIFIED., .F., .F.,
 ( 4, 4 ),
 ( 0.000000000000000000, 0.0005326445540414779297 ),
 .UNSPECIFIED. ) ;
#1063 = ORIENTED_EDGE ( 'NONE', *, *, #795, .T. ) ;
#1064 = ORIENTED_EDGE ( 'NONE', *, *, #260, .T. ) ;
#1065 = DIRECTION ( 'NONE',  ( -1.000000000000000000, 1.224646799147351482E-16, 0.000000000000000000 ) ) ;
#1066 = CARTESIAN_POINT ( 'NONE',  ( -9.709240571707502099, 33.64139039821218091, 2.706526749215316663 ) ) ;
#1067 = CARTESIAN_POINT ( 'NONE',  ( 2.298145229895921293, 10.96460495362182108, 8.000000000000000000 ) ) ;
#1068 = AXIS2_PLACEMENT_3D ( 'NONE', #1538, #2262, #2214 ) ;
#1069 = VERTEX_POINT ( 'NONE', #1645 ) ;
#1070 = EDGE_LOOP ( 'NONE', ( #2904, #1289, #224, #179, #2777 ) ) ;
#1071 = CARTESIAN_POINT ( 'NONE',  ( -13.84839080954323798, 20.30548262330593801, 8.000000000000000000 ) ) ;
#1072 = EDGE_CURVE ( 'NONE', #237, #1824, #542, .T. ) ;
#1073 = DIRECTION ( 'NONE',  ( -0.7570905000210649272, -0.6533100142947861899, 0.000000000000000000 ) ) ;
#1074 = CARTESIAN_POINT ( 'NONE',  ( -16.90345040485615513, -30.65884935763285313, -5.940280989077888485 ) ) ;
#1075 = PERSON_AND_ORGANIZATION_ROLE ( 'classification_officer' ) ;
#1076 = EDGE_LOOP ( 'NONE', ( #1371, #100, #1008, #2188, #350 ) ) ;
#1077 = CARTESIAN_POINT ( 'NONE',  ( -7.156999711337051373, 8.082621198428663334, 0.2827642305349036822 ) ) ;
#1078 = CARTESIAN_POINT ( 'NONE',  ( -9.425168450904797268, 11.66902736615476677, -7.500000000000000000 ) ) ;
#1079 = CARTESIAN_POINT ( 'NONE',  ( 36.00000000000000000, 12.00000000000000000, 8.000000000000000000 ) ) ;
#1080 = ORIENTED_EDGE ( 'NONE', *, *, #1009, .F. ) ;
#1081 = ORIENTED_EDGE ( 'NONE', *, *, #2427, .F. ) ;
#1082 = DIRECTION ( 'NONE',  ( 0.000000000000000000, 0.000000000000000000, -1.000000000000000000 ) ) ;
#1083 = DIRECTION ( 'NONE',  ( -0.000000000000000000, -0.000000000000000000, -1.000000000000000000 ) ) ;
#1084 = CARTESIAN_POINT ( 'NONE',  ( 5.367071651410554978, 14.02932087742577316, 7.108868673853900866 ) ) ;
#1085 = ORIENTED_EDGE ( 'NONE', *, *, #2540, .F. ) ;
#1086 = B_SPLINE_CURVE_WITH_KNOTS ( 'NONE', 3,
 ( #1889, #2802, #734, #1661 ),
 .UNSPECIFIED., .F., .F.,
 ( 4, 4 ),
 ( 0.000000000000000000, 0.002531730358250472088 ),
 .UNSPECIFIED. ) ;
#1087 = CARTESIAN_POINT ( 'NONE',  ( 27.07606831794312896, 23.57545728296854293, 0.2827642305349036822 ) ) ;
#1088 = EDGE_CURVE ( 'NONE', #2169, #250, #847, .T. ) ;
#1089 = CARTESIAN_POINT ( 'NONE',  ( 13.38366363072528920, -6.471186840569933096, -8.000000000000000000 ) ) ;
#1090 = CARTESIAN_POINT ( 'NONE',  ( -5.672311731866984452, 34.55307011036786946, 0.4192849016937493234 ) ) ;
#1091 = CALENDAR_DATE ( 2025, 24, 11 ) ;
#1092 = CARTESIAN_POINT ( 'NONE',  ( -21.51596125343658983, 21.93983045301609636, -8.000000000000001776 ) ) ;
#1093 = DIRECTION ( 'NONE',  ( 0.000000000000000000, -0.000000000000000000, 1.000000000000000000 ) ) ;
#1094 = CARTESIAN_POINT ( 'NONE',  ( 3.291895353769564103, -14.63432352313663820, 8.000000000000000000 ) ) ;
#1095 = ORIENTED_EDGE ( 'NONE', *, *, #1178, .F. ) ;
#1096 = CARTESIAN_POINT ( 'NONE',  ( -5.929403508550430857, -34.50750363018361355, 2.987318143446628937 ) ) ;
#1097 = DIRECTION ( 'NONE',  ( -1.000000000000000000, 0.000000000000000000, 0.000000000000000000 ) ) ;
#1098 = DIRECTION ( 'NONE',  ( 0.000000000000000000, 0.000000000000000000, 1.000000000000000000 ) ) ;
#1099 = VERTEX_POINT ( 'NONE', #2451 ) ;
#1100 = ORIENTED_EDGE ( 'NONE', *, *, #795, .F. ) ;
#1101 = CARTESIAN_POINT ( 'NONE',  ( 29.21000760227758875, -19.30537174956523216, 7.397404424007222090 ) ) ;
#1102 = B_SPLINE_CURVE_WITH_KNOTS ( 'NONE', 3,
 ( #2657, #822, #1278, #872 ),
 .UNSPECIFIED., .F., .F.,
 ( 4, 4 ),
 ( 0.1065940371341894816, 0.8108127872970233296 ),
 .UNSPECIFIED. ) ;
#1103 = EDGE_CURVE ( 'NONE', #1099, #1548, #1784, .T. ) ;
#1104 = CARTESIAN_POINT ( 'NONE',  ( 9.868693497558885142, -12.96678338162332267, 3.224815851137016409 ) ) ;
#1105 = CARTESIAN_POINT ( 'NONE',  ( 33.05957740469022355, -11.49192507038290145, -8.000000000000000000 ) ) ;
#1106 = CALENDAR_DATE ( 2025, 24, 11 ) ;
#1107 = CARTESIAN_POINT ( 'NONE',  ( 14.77212141422858949, -2.629674840914257405, 0.9935038182347427638 ) ) ;
#1108 = DIRECTION ( 'NONE',  ( -0.7657181105427651735, 0.6431763173398237221, 0.000000000000000000 ) ) ;
#1109 = CARTESIAN_POINT ( 'NONE',  ( 11.00524821151653576, -10.22411105279824639, 5.842662742232566764 ) ) ;
#1110 = ADVANCED_FACE ( 'NONE', ( #1973 ), #1617, .T. ) ;
#1111 = ORIENTED_EDGE ( 'NONE', *, *, #1873, .T. ) ;
#1112 = PRODUCT_DEFINITION_SHAPE ( 'NONE', 'NONE',  #1882 ) ;
#1113 = ORIENTED_EDGE ( 'NONE', *, *, #2176, .T. ) ;
#1114 = CARTESIAN_POINT ( 'NONE',  ( -18.32660184101086998, 29.81837797334149442, 8.000000000000000000 ) ) ;
#1115 = LINE ( 'NONE', #1360, #1333 ) ;
#1116 = CARTESIAN_POINT ( 'NONE',  ( 33.23026053910521682, -10.98862068246907242, -5.524679704034233474 ) ) ;
#1117 = DIRECTION ( 'NONE',  ( 0.000000000000000000, 0.000000000000000000, 1.000000000000000000 ) ) ;
#1118 = AXIS2_PLACEMENT_3D ( 'NONE', #1612, #2061, #416 ) ;
#1119 = CARTESIAN_POINT ( 'NONE',  ( -28.91125722177778812, 19.73312694281698754, -1.675414736673144889 ) ) ;
#1120 = B_SPLINE_CURVE_WITH_KNOTS ( 'NONE', 3,
 ( #316, #1955, #1246, #2157, #2626, #804, #1715, #1481, #2639, #569 ),
 .UNSPECIFIED., .F., .F.,
 ( 4, 2, 2, 2, 4 ),
 ( 0.01295364877508940402, 0.01975498717547203090, 0.02315565637566334087, 0.02485599097575900279, 0.02655632557585466819 ),
 .UNSPECIFIED. ) ;
#1121 = CC_DESIGN_APPROVAL ( #1931, ( #2702 ) ) ;
#1122 = CARTESIAN_POINT ( 'NONE',  ( 6.857485362190486100, -22.42621594711462052, -8.000000000000000000 ) ) ;
#1123 = CARTESIAN_POINT ( 'NONE',  ( -2.098125416334330140, 34.94042775722000016, -2.058150132034112012 ) ) ;
#1124 = PERSON_AND_ORGANIZATION ( #2223, #334 ) ;
#1125 = DIRECTION ( 'NONE',  ( -0.000000000000000000, -0.000000000000000000, -1.000000000000000000 ) ) ;
#1126 = CARTESIAN_POINT ( 'NONE',  ( -7.788232688470676734, 34.12247692636390184, -8.500000000000000000 ) ) ;
#1127 = CARTESIAN_POINT ( 'NONE',  ( 36.04352518536225602, -12.07166589495471243, -7.999999999999988454 ) ) ;
#1128 = EDGE_LOOP ( 'NONE', ( #249, #2995, #2683, #1258, #1781 ) ) ;
#1129 = ORIENTED_EDGE ( 'NONE', *, *, #2481, .T. ) ;
#1130 = EDGE_CURVE ( 'NONE', #1186, #1730, #1248, .T. ) ;
#1131 = CARTESIAN_POINT ( 'NONE',  ( 33.72256139404095165, 3.910665641461570363, 3.224815851137015521 ) ) ;
#1132 = DIRECTION ( 'NONE',  ( -0.9802729266960744647, -0.1976486508598338521, 0.000000000000000000 ) ) ;
#1133 = CARTESIAN_POINT ( 'NONE',  ( 15.00000000000000533, 0.2413102043907988659, 4.165212551470096614 ) ) ;
#1134 = DIRECTION ( 'NONE',  ( -0.000000000000000000, -0.000000000000000000, -1.000000000000000000 ) ) ;
#1135 = CARTESIAN_POINT ( 'NONE',  ( -25.61680835301354264, 23.85850198128883903, -6.930229541439419272 ) ) ;
#1136 = B_SPLINE_CURVE_WITH_KNOTS ( 'NONE', 3,
 ( #402, #172, #1165, #2961 ),
 .UNSPECIFIED., .F., .F.,
 ( 4, 4 ),
 ( 0.000000000000000000, 0.002531730358250472088 ),
 .UNSPECIFIED. ) ;
#1137 = CARTESIAN_POINT ( 'NONE',  ( 10.29972761567007922, -4.515404798158688671, 8.000000000000000000 ) ) ;
#1138 = AXIS2_PLACEMENT_3D ( 'NONE', #1222, #1405, #2231 ) ;
#1139 = B_SPLINE_SURFACE_WITH_KNOTS ( 'NONE', 3, 3, ( 
 ( #2294, #187, #2731, #220 ),
 ( #1831, #2529, #893, #1588 ),
 ( #923, #1390, #2065, #2499 ),
 ( #1122, #1152, #2485, #1137 ),
 ( #644, #2248, #1104, #2278 ),
 ( #1615, #463, #2757, #2053 ),
 ( #1846, #2989, #2021, #1817 ) ),
 .UNSPECIFIED., .F., .F., .F.,
 ( 4, 1, 1, 1, 4 ),
 ( 4, 4 ),
 ( 0.5023027204582327654, 0.5648746995237949875, 0.6274466785893570986, 0.6900186576549193207, 0.7525906367204815428 ),
 ( 0.000000000000000000, 1.000000000000000000 ),
 .UNSPECIFIED. ) ;
#1140 = COORDINATED_UNIVERSAL_TIME_OFFSET ( 5, 0, .AHEAD. ) ;
#1141 = AXIS2_PLACEMENT_3D ( 'NONE', #375, #440, #2266 ) ;
#1142 = LINE ( 'NONE', #1126, #1815 ) ;
#1143 = FACE_OUTER_BOUND ( 'NONE', #1963, .T. ) ;
#1144 = VERTEX_POINT ( 'NONE', #1089 ) ;
#1145 = ORIENTED_EDGE ( 'NONE', *, *, #1591, .T. ) ;
#1146 = CARTESIAN_POINT ( 'NONE',  ( 7.618187699604258789, -5.000000000000001776, -8.000000000000000000 ) ) ;
#1147 = DIRECTION ( 'NONE',  ( -0.000000000000000000, -0.000000000000000000, -1.000000000000000000 ) ) ;
#1148 = CARTESIAN_POINT ( 'NONE',  ( -11.54639679944723518, -9.596400152171201015, 5.014484434763341270 ) ) ;
#1149 = CYLINDRICAL_SURFACE ( 'NONE', #1883, 35.00000000000000711 ) ;
#1150 = CARTESIAN_POINT ( 'NONE',  ( -31.06176689820980741, 16.16634690421205534, 1.045696437474296747 ) ) ;
#1151 = EDGE_CURVE ( 'NONE', #1937, #255, #2281, .T. ) ;
#1152 = CARTESIAN_POINT ( 'NONE',  ( 6.243500609625898257, -17.86061426389129991, 0.2827642305349036822 ) ) ;
#1153 = CYLINDRICAL_SURFACE ( 'NONE', #138, 35.00000000000000000 ) ;
#1154 = CARTESIAN_POINT ( 'NONE',  ( -9.063852547086154843, 2.316244650399251537, 3.224815851137015521 ) ) ;
#1155 = ORIENTED_EDGE ( 'NONE', *, *, #1072, .F. ) ;
#1156 = VERTEX_POINT ( 'NONE', #101 ) ;
#1157 = CARTESIAN_POINT ( 'NONE',  ( 11.40316908837547238, 2.033509525119021610, 3.224815851137015521 ) ) ;
#1158 = EDGE_CURVE ( 'NONE', #2903, #1548, #1279, .T. ) ;
#1159 = CARTESIAN_POINT ( 'NONE',  ( -9.516264597921631818, -20.64790997187254007, 0.2827642305349036822 ) ) ;
#1160 = CARTESIAN_POINT ( 'NONE',  ( 0.000000000000000000, 0.000000000000000000, -7.500000000000000000 ) ) ;
#1161 = CARTESIAN_POINT ( 'NONE',  ( 13.24391005773548891, 7.042832679258935968, -7.676535189758888933 ) ) ;
#1162 = CARTESIAN_POINT ( 'NONE',  ( -5.479310489373810711, 13.98660400447790053, 5.842662742232566764 ) ) ;
#1163 = CIRCLE ( 'NONE', #1167, 35.00000000000000000 ) ;
#1164 = CARTESIAN_POINT ( 'NONE',  ( 12.53523924910486542, -32.68113724563768585, -5.158510619863076130 ) ) ;
#1165 = CARTESIAN_POINT ( 'NONE',  ( -24.88947841658271543, 24.60752174701796591, -7.164237005979458672 ) ) ;
#1166 = EDGE_CURVE ( 'NONE', #58, #956, #2644, .T. ) ;
#1167 = AXIS2_PLACEMENT_3D ( 'NONE', #2360, #1251, #1487 ) ;
#1168 = CARTESIAN_POINT ( 'NONE',  ( -4.118215257955196940, -14.43032605906690335, 3.078114295877810491 ) ) ;
#1169 = CARTESIAN_POINT ( 'NONE',  ( -14.93348667880811753, -1.432067924721640351, -3.221397401971962005 ) ) ;
#1170 = ORIENTED_EDGE ( 'NONE', *, *, #2609, .F. ) ;
#1171 = ORIENTED_EDGE ( 'NONE', *, *, #1375, .T. ) ;
#1172 = CARTESIAN_POINT ( 'NONE',  ( 34.78695121175265115, 3.985037740769040937, 3.732457164071001365 ) ) ;
#1173 = CARTESIAN_POINT ( 'NONE',  ( -13.08708449133385088, -31.62117612586459714, 0.2827642305349036822 ) ) ;
#1174 = CARTESIAN_POINT ( 'NONE',  ( 2.299358903909508367, -11.09361376782716668, -8.000000000000000000 ) ) ;
#1175 = CARTESIAN_POINT ( 'NONE',  ( 13.21960379459598833, 7.088164467187777262, -7.500000000000000000 ) ) ;
#1176 = DIRECTION ( 'NONE',  ( 0.000000000000000000, 0.000000000000000000, 1.000000000000000000 ) ) ;
#1177 = FACE_OUTER_BOUND ( 'NONE', #2057, .T. ) ;
#1178 = EDGE_CURVE ( 'NONE', #712, #1069, #406, .T. ) ;
#1179 = CARTESIAN_POINT ( 'NONE',  ( -27.50776383375954737, 21.65944758330873654, -2.678269550534979171 ) ) ;
#1180 = EDGE_CURVE ( 'NONE', #1649, #2320, #1483, .T. ) ;
#1181 = VECTOR ( 'NONE', #47, 1000.000000000000227 ) ;
#1182 = DIRECTION ( 'NONE',  ( -0.000000000000000000, -0.000000000000000000, 1.000000000000000000 ) ) ;
#1183 = CARTESIAN_POINT ( 'NONE',  ( -15.34091608685759667, 4.714073300618268902, 3.224815851137015521 ) ) ;
#1184 = ORIENTED_EDGE ( 'NONE', *, *, #51, .T. ) ;
#1185 = CIRCLE ( 'NONE', #2426, 13.99999999999999822 ) ;
#1186 = VERTEX_POINT ( 'NONE', #2020 ) ;
#1187 = FACE_OUTER_BOUND ( 'NONE', #1510, .T. ) ;
#1188 = CARTESIAN_POINT ( 'NONE',  ( 9.971467565931940058, 11.21444789828762190, 3.078114295877810047 ) ) ;
#1189 = CARTESIAN_POINT ( 'NONE',  ( 15.86879286793777766, -8.298345949266677124, 8.000000000000000000 ) ) ;
#1190 = ORIENTED_EDGE ( 'NONE', *, *, #661, .F. ) ;
#1191 = CARTESIAN_POINT ( 'NONE',  ( -35.25497802681331905, -4.597627786357973534, -8.000000000000000000 ) ) ;
#1192 = CARTESIAN_POINT ( 'NONE',  ( -10.62832664438070296, 10.58932022136672657, -2.644588106495987301 ) ) ;
#1193 = CARTESIAN_POINT ( 'NONE',  ( -0.3486048038694509743, 15.00562419480167087, -1.437846474134116148 ) ) ;
#1194 = B_SPLINE_CURVE_WITH_KNOTS ( 'NONE', 3,
 ( #1993, #2962, #404, #1287, #646, #1336, #2197, #2455, #141, #372 ),
 .UNSPECIFIED., .F., .F.,
 ( 4, 2, 2, 2, 4 ),
 ( 0.01488204684933954608, 0.01824191049705064030, 0.02160177414476173452, 0.02496163779247282874, 0.02832150144018392296 ),
 .UNSPECIFIED. ) ;
#1195 = CARTESIAN_POINT ( 'NONE',  ( 4.719176394944048170, -14.24040789726751299, -3.221397401971962005 ) ) ;
#1196 = DIRECTION ( 'NONE',  ( -0.000000000000000000, -0.000000000000000000, 1.000000000000000000 ) ) ;
#1197 = CARTESIAN_POINT ( 'NONE',  ( -14.76762989685050620, -2.655651653649565791, -0.9627315279408847903 ) ) ;
#1198 = VERTEX_POINT ( 'NONE', #2742 ) ;
#1199 = CARTESIAN_POINT ( 'NONE',  ( 33.59579036634196569, 9.864217460331865084, 6.839264579719433357 ) ) ;
#1200 = LINE ( 'NONE', #34, #790 ) ;
#1201 = EDGE_CURVE ( 'NONE', #2794, #197, #103, .T. ) ;
#1202 = LINE ( 'NONE', #1652, #2271 ) ;
#1203 = ORIENTED_EDGE ( 'NONE', *, *, #2711, .T. ) ;
#1204 = CARTESIAN_POINT ( 'NONE',  ( 13.08826064567664815, -35.68241644064955409, -8.000000000000000000 ) ) ;
#1205 = CARTESIAN_POINT ( 'NONE',  ( 27.10663369230101338, 24.47887220199269009, 0.2827642305349036822 ) ) ;
#1206 = DIRECTION ( 'NONE',  ( -0.000000000000000000, -0.000000000000000000, -1.000000000000000000 ) ) ;
#1207 = CARTESIAN_POINT ( 'NONE',  ( 1.131921620293416142, 34.98458144143661031, -3.714856427060099886 ) ) ;
#1208 = AXIS2_PLACEMENT_3D ( 'NONE', #1212, #972, #2820 ) ;
#1209 = LINE ( 'NONE', #221, #1844 ) ;
#1210 = CARTESIAN_POINT ( 'NONE',  ( 0.000000000000000000, 0.000000000000000000, 8.500000000000000000 ) ) ;
#1211 = ORIENTED_EDGE ( 'NONE', *, *, #1484, .F. ) ;
#1212 = CARTESIAN_POINT ( 'NONE',  ( 0.000000000000000000, 0.000000000000000000, 8.500000000000000000 ) ) ;
#1213 = CARTESIAN_POINT ( 'NONE',  ( 24.68358364481755984, -24.83236459146894148, 3.962532186685889357 ) ) ;
#1214 = CARTESIAN_POINT ( 'NONE',  ( -0.5549186398809903276, -11.56976627032475236, 3.224815851137015521 ) ) ;
#1215 = CARTESIAN_POINT ( 'NONE',  ( 12.32732629587910012, -33.34799369269325098, -8.000000000000000000 ) ) ;
#1216 = ORIENTED_EDGE ( 'NONE', *, *, #2337, .F. ) ;
#1217 = EDGE_CURVE ( 'NONE', #1748, #2994, #2247, .T. ) ;
#1218 = DIRECTION ( 'NONE',  ( 1.000000000000000000, 0.000000000000000000, 0.000000000000000000 ) ) ;
#1219 = CARTESIAN_POINT ( 'NONE',  ( 9.923119798259140367, 29.65725371723791426, 7.999999999999998224 ) ) ;
#1220 = DIRECTION ( 'NONE',  ( -0.9655755625088209282, -0.2601227269689714849, -0.000000000000000000 ) ) ;
#1221 = CARTESIAN_POINT ( 'NONE',  ( 7.614730958196554766, -12.92998002725900619, 1.631853832464079668 ) ) ;
#1222 = CARTESIAN_POINT ( 'NONE',  ( 0.000000000000000000, 0.000000000000000000, 8.500000000000000000 ) ) ;
#1223 = DIRECTION ( 'NONE',  ( 0.000000000000000000, 0.000000000000000000, 1.000000000000000000 ) ) ;
#1224 = CARTESIAN_POINT ( 'NONE',  ( 27.33866666666666490, -8.747738994064018669, 0.2827642305349036822 ) ) ;
#1225 = ORIENTED_EDGE ( 'NONE', *, *, #1776, .F. ) ;
#1226 = B_SPLINE_CURVE_WITH_KNOTS ( 'NONE', 3,
 ( #1521, #421, #2681, #1320, #1801, #1123, #188, #2040, #173, #1090, #865, #2009 ),
 .UNSPECIFIED., .F., .F.,
 ( 4, 2, 2, 2, 2, 4 ),
 ( 0.000000000000000000, 0.003720511712334886520, 0.007441023424669773040, 0.009301279280837217167, 0.01116153513700465956, 0.01488204684933954955 ),
 .UNSPECIFIED. ) ;
#1227 = CARTESIAN_POINT ( 'NONE',  ( -0.7939906537275446263, -10.00103216002402640, 3.224815851137015521 ) ) ;
#1228 = CARTESIAN_POINT ( 'NONE',  ( 2.732745839515279940, -13.11833042218028567, 8.000000000000000000 ) ) ;
#1229 = DIRECTION ( 'NONE',  ( -0.9009688679024158153, 0.4338837391175652258, 0.000000000000000000 ) ) ;
#1230 = CIRCLE ( 'NONE', #2916, 14.00000000000000000 ) ;
#1231 = ORIENTED_EDGE ( 'NONE', *, *, #157, .T. ) ;
#1232 = ADVANCED_FACE ( 'NONE', ( #2730 ), #695, .T. ) ;
#1233 = DIRECTION ( 'NONE',  ( -0.000000000000000000, -0.000000000000000000, -1.000000000000000000 ) ) ;
#1234 = DIRECTION ( 'NONE',  ( 0.6234898018587431423, 0.7818314824680221431, 0.000000000000000000 ) ) ;
#1235 = DIRECTION ( 'NONE',  ( -0.9009688679024142610, 0.4338837391175684455, 0.000000000000000000 ) ) ;
#1236 = CARTESIAN_POINT ( 'NONE',  ( -11.94922094967151516, 9.083303445378762220, -1.437846474134117924 ) ) ;
#1237 = EDGE_CURVE ( 'NONE', #1891, #2320, #1857, .T. ) ;
#1238 = CARTESIAN_POINT ( 'NONE',  ( 10.79405901137755208, 10.42969668033530972, -0.1465085805720033885 ) ) ;
#1239 = CARTESIAN_POINT ( 'NONE',  ( -33.07100312651883200, 11.50309752240646866, 3.732457164071001365 ) ) ;
#1240 = ORIENTED_EDGE ( 'NONE', *, *, #2719, .F. ) ;
#1241 = FACE_OUTER_BOUND ( 'NONE', #1128, .T. ) ;
#1242 = CARTESIAN_POINT ( 'NONE',  ( -14.24680587891696426, -31.48281070150846261, 0.2827642305349071794 ) ) ;
#1243 = CARTESIAN_POINT ( 'NONE',  ( -31.53391037658455431, 15.18593086911480583, 1.995833495980582351 ) ) ;
#1244 = EDGE_CURVE ( 'NONE', #821, #2193, #1641, .T. ) ;
#1245 = CARTESIAN_POINT ( 'NONE',  ( 13.78403828390232100, -5.916104173179781434, -7.500000000000000000 ) ) ;
#1246 = CARTESIAN_POINT ( 'NONE',  ( -11.56902657024857817, -33.08546686778778678, -0.1656752426352125218 ) ) ;
#1247 = DIRECTION ( 'NONE',  ( 0.9828165428345655430, -0.1845850566289501116, -0.000000000000000000 ) ) ;
#1248 = LINE ( 'NONE', #2229, #160 ) ;
#1249 = B_SPLINE_CURVE_WITH_KNOTS ( 'NONE', 3,
 ( #236, #2561, #2335, #1169, #265, #4, #1197, #2107, #108, #1754, #579, #2831, #1736, #2390, #2846, #2180 ),
 .UNSPECIFIED., .F., .F.,
 ( 4, 2, 2, 2, 2, 2, 2, 4 ),
 ( 2.774298638034709309E-18, 0.003830341015245731021, 0.005745511522868595664, 0.007660682030491457704, 0.009575852538114323215, 0.01149102304573718612, 0.01340619355336005077, 0.01532136406098291367 ),
 .UNSPECIFIED. ) ;
#1250 = CARTESIAN_POINT ( 'NONE',  ( -9.643134728494535679, 11.31409138703065942, -8.000000000000000000 ) ) ;
#1251 = DIRECTION ( 'NONE',  ( -0.000000000000000000, -0.000000000000000000, -1.000000000000000000 ) ) ;
#1252 = CARTESIAN_POINT ( 'NONE',  ( 17.85674948572831866, -6.254545511054957707, 0.2827642305349036822 ) ) ;
#1253 = ORIENTED_EDGE ( 'NONE', *, *, #951, .F. ) ;
#1254 = FACE_OUTER_BOUND ( 'NONE', #2377, .T. ) ;
#1255 = AXIS2_PLACEMENT_3D ( 'NONE', #2088, #1206, #1235 ) ;
#1256 = FACE_OUTER_BOUND ( 'NONE', #2254, .T. ) ;
#1257 = CARTESIAN_POINT ( 'NONE',  ( 29.30997815769468318, 19.12917092807371944, -5.524679704034233474 ) ) ;
#1258 = ORIENTED_EDGE ( 'NONE', *, *, #333, .T. ) ;
#1259 = CARTESIAN_POINT ( 'NONE',  ( 14.01288363666704662, -5.366442360894683183, -5.704646910181161878 ) ) ;
#1260 = CARTESIAN_POINT ( 'NONE',  ( -15.33815022506749060, 31.47572182043127498, 5.767642362634809672 ) ) ;
#1261 = UNCERTAINTY_MEASURE_WITH_UNIT (LENGTH_MEASURE( 1.000000000000000082E-05 ), #2361, 'distance_accuracy_value', 'NONE');
#1262 = CARTESIAN_POINT ( 'NONE',  ( 23.88463760905461797, 15.92010423657812268, 0.2827642305349036822 ) ) ;
#1263 = ORIENTED_EDGE ( 'NONE', *, *, #1237, .T. ) ;
#1264 = CARTESIAN_POINT ( 'NONE',  ( 21.82214306505599311, 27.36410188638076235, 1.645377140003623673 ) ) ;
#1265 = EDGE_CURVE ( 'NONE', #2204, #808, #387, .T. ) ;
#1266 = CARTESIAN_POINT ( 'NONE',  ( 34.36913001038470838, -6.680982393325385793, -2.025248799603498018 ) ) ;
#1267 = CARTESIAN_POINT ( 'NONE',  ( 0.000000000000000000, 0.000000000000000000, -7.500000000000000000 ) ) ;
#1268 = ADVANCED_FACE ( 'NONE', ( #2355 ), #2103, .F. ) ;
#1269 = CARTESIAN_POINT ( 'NONE',  ( -0.8390045989010216365, -35.00437991711459773, 5.254372563775366878 ) ) ;
#1270 = CARTESIAN_POINT ( 'NONE',  ( -33.94005094287072666, 8.607176313635648057, 5.254372563775366878 ) ) ;
#1271 = ORIENTED_EDGE ( 'NONE', *, *, #1992, .F. ) ;
#1272 = CARTESIAN_POINT ( 'NONE',  ( -16.37140814280602896, 9.051282449368025951, 3.224815851137015521 ) ) ;
#1273 = FACE_OUTER_BOUND ( 'NONE', #1070, .T. ) ;
#1274 = DIRECTION ( 'NONE',  ( -0.6234898018587320401, 0.7818314824680309139, 0.000000000000000000 ) ) ;
#1275 = EDGE_CURVE ( 'NONE', #2169, #1186, #2967, .T. ) ;
#1276 = ORIENTED_EDGE ( 'NONE', *, *, #553, .F. ) ;
#1277 = ORIENTED_EDGE ( 'NONE', *, *, #223, .T. ) ;
#1278 = CARTESIAN_POINT ( 'NONE',  ( 10.67023392370331791, -18.39083249673265641, 2.382906051918966650 ) ) ;
#1279 = CIRCLE ( 'NONE', #1660, 15.00000000000000000 ) ;
#1280 = CARTESIAN_POINT ( 'NONE',  ( -8.746291351752418564, 33.90380628838688182, 2.186927751437575562 ) ) ;
#1281 = CARTESIAN_POINT ( 'NONE',  ( 23.12641587866880855, 16.25887807733214885, -0.4362067782112100667 ) ) ;
#1282 = ORIENTED_EDGE ( 'NONE', *, *, #1768, .F. ) ;
#1283 = VECTOR ( 'NONE', #1108, 1000.000000000000000 ) ;
#1284 = CARTESIAN_POINT ( 'NONE',  ( -4.519969031333121556, 10.66476939284770431, 3.224815851137015521 ) ) ;
#1285 = CARTESIAN_POINT ( 'NONE',  ( -34.73681898699791049, -4.290222932462194549, -6.338578789089836185 ) ) ;
#1286 = FACE_OUTER_BOUND ( 'NONE', #2483, .T. ) ;
#1287 = CARTESIAN_POINT ( 'NONE',  ( -29.61291697554012359, -18.68388740610421905, 3.732457164071001365 ) ) ;
#1288 = CARTESIAN_POINT ( 'NONE',  ( 17.88184529805353407, -0.8240912592792341007, 3.224815851137015521 ) ) ;
#1289 = ORIENTED_EDGE ( 'NONE', *, *, #806, .F. ) ;
#1290 = CARTESIAN_POINT ( 'NONE',  ( 14.98462372652122987, -0.7793054206445787502, 3.102384925160254880 ) ) ;
#1291 = CARTESIAN_POINT ( 'NONE',  ( -34.73939600628540347, 4.263140288388600041, 8.000000000000000000 ) ) ;
#1292 = CARTESIAN_POINT ( 'NONE',  ( 11.92511336446084158, -9.121504600428277598, 5.014484434763340381 ) ) ;
#1293 = ORIENTED_EDGE ( 'NONE', *, *, #1768, .T. ) ;
#1294 = ORIENTED_EDGE ( 'NONE', *, *, #2359, .F. ) ;
#1295 = CARTESIAN_POINT ( 'NONE',  ( -29.63312985868429550, 11.48997719391179828, 3.224815851137011968 ) ) ;
#1296 = ADVANCED_FACE ( 'NONE', ( #963 ), #2023, .T. ) ;
#1297 = CARTESIAN_POINT ( 'NONE',  ( -8.314166875252313460, -5.614774669966617004, 3.224815851137015521 ) ) ;
#1298 = CARTESIAN_POINT ( 'NONE',  ( 2.223002803533651761, 10.99726858547860964, 8.000000000000001776 ) ) ;
#1299 = VERTEX_POINT ( 'NONE', #1885 ) ;
#1300 = CARTESIAN_POINT ( 'NONE',  ( 3.229711329262178854, 13.00490129214844792, 8.000000000000000000 ) ) ;
#1301 = CARTESIAN_POINT ( 'NONE',  ( -11.31659294587215747, 32.00686140238691735, 3.224815851137015521 ) ) ;
#1302 = DIRECTION ( 'NONE',  ( -0.000000000000000000, 0.000000000000000000, 1.000000000000000000 ) ) ;
#1303 = CARTESIAN_POINT ( 'NONE',  ( 2.124230423750984365, 18.80081080306716501, 0.2827642305349036822 ) ) ;
#1304 = ORIENTED_EDGE ( 'NONE', *, *, #1275, .T. ) ;
#1305 = EDGE_CURVE ( 'NONE', #294, #2444, #2240, .T. ) ;
#1306 = CARTESIAN_POINT ( 'NONE',  ( -8.955623836052669873, 2.449362686900575348, 3.224815851137015521 ) ) ;
#1307 = CARTESIAN_POINT ( 'NONE',  ( 0.000000000000000000, 0.000000000000000000, -7.500000000000000000 ) ) ;
#1308 = CARTESIAN_POINT ( 'NONE',  ( 5.740111118121268952, -13.86014568629695098, -3.195909463663647365 ) ) ;
#1309 = ORIENTED_EDGE ( 'NONE', *, *, #2640, .F. ) ;
#1310 = CARTESIAN_POINT ( 'NONE',  ( -37.64148411389774651, 4.808188193403357680, 8.000000000000000000 ) ) ;
#1311 = DIRECTION ( 'NONE',  ( 0.000000000000000000, 0.000000000000000000, 1.000000000000000000 ) ) ;
#1312 = CARTESIAN_POINT ( 'NONE',  ( 20.33800984407291423, 11.67585640463551400, -8.000000000000000000 ) ) ;
#1313 = ADVANCED_FACE ( 'NONE', ( #2770 ), #2596, .F. ) ;
#1314 = AXIS2_PLACEMENT_3D ( 'NONE', #17, #1196, #1874 ) ;
#1315 = ORIENTED_EDGE ( 'NONE', *, *, #2306, .T. ) ;
#1316 = CARTESIAN_POINT ( 'NONE',  ( 32.01699993645674880, 20.51302283566350226, -8.000000000000000000 ) ) ;
#1317 = CARTESIAN_POINT ( 'NONE',  ( -3.840306639879218942, 8.530560191893783895, 3.224815851137015521 ) ) ;
#1318 = B_SPLINE_CURVE_WITH_KNOTS ( 'NONE', 3,
 ( #143, #1996, #1543, #2931, #1338, #1788, #2200, #1722, #1042, #2217 ),
 .UNSPECIFIED., .F., .F.,
 ( 4, 2, 2, 2, 4 ),
 ( 0.000000000000000000, 0.003238412193772351004, 0.006476824387544702008, 0.009715236581317052145, 0.01295364877508940402 ),
 .UNSPECIFIED. ) ;
#1319 = DIRECTION ( 'NONE',  ( -0.4684616830897497253, 0.8834838150621204811, 0.000000000000000000 ) ) ;
#1320 = CARTESIAN_POINT ( 'NONE',  ( 0.2645764155014711516, 35.00887999984886534, -4.100155817227371990 ) ) ;
#1321 = DIRECTION ( 'NONE',  ( 0.000000000000000000, -0.000000000000000000, -1.000000000000000000 ) ) ;
#1322 = CARTESIAN_POINT ( 'NONE',  ( 0.000000000000000000, 0.000000000000000000, -8.000000000000000000 ) ) ;
#1323 = CARTESIAN_POINT ( 'NONE',  ( 12.90180791933333815, -7.690805481883640660, 7.545709053802005961 ) ) ;
#1324 = ORIENTED_EDGE ( 'NONE', *, *, #610, .T. ) ;
#1325 = LINE ( 'NONE', #1146, #2452 ) ;
#1326 = CARTESIAN_POINT ( 'NONE',  ( -27.89064354689410763, -4.614567180873089924, -0.4362067782112100667 ) ) ;
#1327 = EDGE_CURVE ( 'NONE', #1811, #197, #2186, .T. ) ;
#1328 = CARTESIAN_POINT ( 'NONE',  ( 15.00000000000000355, 1.951563910473907981E-15, 3.914301974718839006 ) ) ;
#1329 = EDGE_LOOP ( 'NONE', ( #2721, #2259, #1001, #494 ) ) ;
#1330 = VERTEX_POINT ( 'NONE', #1047 ) ;
#1331 = VECTOR ( 'NONE', #756, 1000.000000000000000 ) ;
#1332 = CARTESIAN_POINT ( 'NONE',  ( 2.444989274007608238, 28.59978426613331592, 0.2827642305349036822 ) ) ;
#1333 = VECTOR ( 'NONE', #2738, 1000.000000000000000 ) ;
#1334 = CARTESIAN_POINT ( 'NONE',  ( 0.000000000000000000, -0.000000000000000000, -8.500000000000000000 ) ) ;
#1335 = EDGE_CURVE ( 'NONE', #444, #821, #940, .T. ) ;
#1336 = CARTESIAN_POINT ( 'NONE',  ( -27.89063705459921039, -21.16891368935324280, 5.254372563775365990 ) ) ;
#1337 = DATE_AND_TIME ( #1091, #2275 ) ;
#1338 = CARTESIAN_POINT ( 'NONE',  ( -28.07654171949309685, -20.91956633786639230, 5.417831410484543753 ) ) ;
#1339 = CARTESIAN_POINT ( 'NONE',  ( -4.694331251592730680, 7.810252103915818367, -8.000000000000000000 ) ) ;
#1340 = CARTESIAN_POINT ( 'NONE',  ( 12.12747896078709076, -32.83175679210095410, -5.524679704034233474 ) ) ;
#1341 = ORIENTED_EDGE ( 'NONE', *, *, #504, .F. ) ;
#1342 = ORIENTED_EDGE ( 'NONE', *, *, #1327, .T. ) ;
#1343 = CARTESIAN_POINT ( 'NONE',  ( -24.41750349519812247, 2.324561692446410976, 8.000000000000014211 ) ) ;
#1344 = CARTESIAN_POINT ( 'NONE',  ( 3.330795344949327053, 14.48808178041621098, -8.000000000000000000 ) ) ;
#1345 = DIRECTION ( 'NONE',  ( -1.000000000000000000, 0.000000000000000000, 0.000000000000000000 ) ) ;
#1346 = EDGE_CURVE ( 'NONE', #225, #2150, #969, .T. ) ;
#1347 = B_SPLINE_CURVE_WITH_KNOTS ( 'NONE', 3,
 ( #1026, #1950, #583, #837, #1292, #600, #2881, #2864, #2635, #1724, #1527, #2442, #1741, #1308, #551, #1923, #771, #566, #783, #2654 ),
 .UNSPECIFIED., .F., .F.,
 ( 4, 2, 2, 2, 2, 2, 2, 2, 2, 4 ),
 ( 0.000000000000000000, 0.002538198392636499892, 0.005076396785272997182, 0.007614595177909496207, 0.01015279357054599436, 0.01269099196318249079, 0.01522919035581898894, 0.01649828955213723802, 0.01776738874845548710, 0.02030558714109198873 ),
 .UNSPECIFIED. ) ;
#1348 = VERTEX_POINT ( 'NONE', #1728 ) ;
#1349 = CARTESIAN_POINT ( 'NONE',  ( 28.65878843919634278, -20.11600759696856500, 6.839264579719436021 ) ) ;
#1350 = DIRECTION ( 'NONE',  ( -0.000000000000000000, -0.000000000000000000, -1.000000000000000000 ) ) ;
#1351 = CARTESIAN_POINT ( 'NONE',  ( -13.26973776059733012, -32.39058014122559115, -2.058150132034112900 ) ) ;
#1352 = CC_DESIGN_DATE_AND_TIME_ASSIGNMENT ( #1337, #909, ( #1882 ) ) ;
#1353 = CARTESIAN_POINT ( 'NONE',  ( 21.03131386961783633, -3.124171702555335273, 2.382906051918966650 ) ) ;
#1354 = LINE ( 'NONE', #1339, #1283 ) ;
#1355 = CARTESIAN_POINT ( 'NONE',  ( 36.01934452682768040, 3.690840560909271151, 3.224815851137015521 ) ) ;
#1356 = ORIENTED_EDGE ( 'NONE', *, *, #2116, .T. ) ;
#1357 = ORIENTED_EDGE ( 'NONE', *, *, #1657, .T. ) ;
#1358 = CARTESIAN_POINT ( 'NONE',  ( 33.70460530318216996, 11.89945444792108553, 8.000000000000000000 ) ) ;
#1359 = CLOSED_SHELL ( 'NONE', ( #2333, #786, #2089, #2984, #2530, #68, #671, #957, #2756, #2679, #2486, #764, #2396, #1296, #2435, #37, #303, #2906, #1971, #1110, #2286, #1232, #1313, #1866, #2523, #2871, #483, #192, #311, #24, #1415, #60, #1367, #1713, #2382, #751, #2828, #1671, #383, #1732, #2575, #2970, #73, #2643, #868, #150, #631, #2074, #2601, #442, #1455, #2893, #1268, #414, #1816, #318, #293, #2977, #2813, #2063 ) ) ;
#1360 = CARTESIAN_POINT ( 'NONE',  ( 13.33012303507605978, -35.57343168517986243, -8.000000000000000000 ) ) ;
#1361 = CARTESIAN_POINT ( 'NONE',  ( 3.279873420051442334, 14.63706199219038062, -7.676919441681065770 ) ) ;
#1362 = CARTESIAN_POINT ( 'NONE',  ( 2.335716443077059168, 10.94827313769342148, 8.000000000000000000 ) ) ;
#1363 = CIRCLE ( 'NONE', #438, 35.00000000000000000 ) ;
#1364 = CARTESIAN_POINT ( 'NONE',  ( 0.000000000000000000, 0.000000000000000000, 8.000000000000000000 ) ) ;
#1365 = CARTESIAN_POINT ( 'NONE',  ( -9.338679916614150756, 11.67890870519935476, -7.848557316184820110 ) ) ;
#1366 = CARTESIAN_POINT ( 'NONE',  ( -6.786483365174361460, 13.39230444938766240, 5.014484434763338605 ) ) ;
#1367 = ADVANCED_FACE ( 'NONE', ( #82 ), #2968, .T. ) ;
#1368 = CARTESIAN_POINT ( 'NONE',  ( 33.71470945173911815, 9.445684554073512373, 6.924458842694900085 ) ) ;
#1369 = CARTESIAN_POINT ( 'NONE',  ( 34.57417692736982673, 3.295634187345856780, 3.224815851137015521 ) ) ;
#1370 = ORIENTED_EDGE ( 'NONE', *, *, #777, .F. ) ;
#1371 = ORIENTED_EDGE ( 'NONE', *, *, #1461, .F. ) ;
#1372 = CARTESIAN_POINT ( 'NONE',  ( 2.700538017184942241, 14.75490069155800299, -7.500000000000000000 ) ) ;
#1373 = B_SPLINE_CURVE_WITH_KNOTS ( 'NONE', 3,
 ( #1795, #1566, #2480, #1808 ),
 .UNSPECIFIED., .F., .F.,
 ( 4, 4 ),
 ( 0.1065940371341894816, 0.8108127872970233296 ),
 .UNSPECIFIED. ) ;
#1374 = CYLINDRICAL_SURFACE ( 'NONE', #2972, 15.00000000000000000 ) ;
#1375 = EDGE_CURVE ( 'NONE', #2285, #708, #2952, .T. ) ;
#1376 = CARTESIAN_POINT ( 'NONE',  ( -10.26737934818894971, -10.95256382802285700, 6.739465476555197121 ) ) ;
#1377 = CARTESIAN_POINT ( 'NONE',  ( -30.61566474132704485, -19.29258708694333890, 3.224815851137015521 ) ) ;
#1378 = CARTESIAN_POINT ( 'NONE',  ( 1.355342495622668508, 30.58201941787247335, 0.2827642305349058471 ) ) ;
#1379 = CARTESIAN_POINT ( 'NONE',  ( 15.00000000000000000, 1.836970198721029589E-15, 8.500000000000000000 ) ) ;
#1380 = CARTESIAN_POINT ( 'NONE',  ( -9.279163200886859642, -11.78546266768119288, -7.500000000000000000 ) ) ;
#1381 = CARTESIAN_POINT ( 'NONE',  ( -21.83754941210650458, 21.55697139774471793, -7.999999999999998224 ) ) ;
#1382 = VERTEX_POINT ( 'NONE', #348 ) ;
#1383 = EDGE_LOOP ( 'NONE', ( #2391, #1777, #2590, #1100 ) ) ;
#1384 = CARTESIAN_POINT ( 'NONE',  ( 35.95450062460750473, 4.098381253095823240, 3.224815851137015521 ) ) ;
#1385 = CARTESIAN_POINT ( 'NONE',  ( 12.34922703608194361, 8.520071691106952727, -1.516390412386839248 ) ) ;
#1386 = CYLINDRICAL_SURFACE ( 'NONE', #2218, 35.00000000000000000 ) ;
#1387 = EDGE_CURVE ( 'NONE', #1330, #2058, #1120, .T. ) ;
#1388 = CARTESIAN_POINT ( 'NONE',  ( -15.59311115226378952, -3.003681961486945440, 0.2827642305349036822 ) ) ;
#1389 = CARTESIAN_POINT ( 'NONE',  ( -0.8239510611472233848, 34.54648972135075979, 0.2827642305349071794 ) ) ;
#1390 = CARTESIAN_POINT ( 'NONE',  ( 4.262189855884130907, -13.37674322542687122, 0.2827642305349010732 ) ) ;
#1391 = B_SPLINE_CURVE_WITH_KNOTS ( 'NONE', 3,
 ( #701, #1628, #2541, #2086, #11, #2782, #2608, #300, #785, #1259, #2129, #1245 ),
 .UNSPECIFIED., .F., .F.,
 ( 4, 2, 2, 2, 2, 4 ),
 ( 0.009091413163733325087, 0.01189495665807299186, 0.01469850015241265864, 0.01610027189958249116, 0.01750204364675232716, 0.02030558714109198873 ),
 .UNSPECIFIED. ) ;
#1392 = CARTESIAN_POINT ( 'NONE',  ( -4.957858090613953550, -14.16381481929123431, 2.119968921921240756 ) ) ;
#1393 = CARTESIAN_POINT ( 'NONE',  ( -33.14143665100864666, -11.26509075828094986, -0.9441851375371581589 ) ) ;
#1394 = ORIENTED_EDGE ( 'NONE', *, *, #1895, .T. ) ;
#1395 = ORIENTED_EDGE ( 'NONE', *, *, #661, .T. ) ;
#1396 = CARTESIAN_POINT ( 'NONE',  ( 34.95843978384552742, 1.979896028447017287, 2.706526749215312222 ) ) ;
#1397 = CARTESIAN_POINT ( 'NONE',  ( -5.231280725826978006, -7.479990587082091302, 0.2827642305349036822 ) ) ;
#1398 = CARTESIAN_POINT ( 'NONE',  ( 10.20989213458212497, -20.31387655531085912, 0.2827642305349036822 ) ) ;
#1399 = CARTESIAN_POINT ( 'NONE',  ( -7.462132617439805493, -5.642250355626229563, 3.224815851137015521 ) ) ;
#1400 = CARTESIAN_POINT ( 'NONE',  ( 25.51096983108555349, 22.81142210261567982, 0.2827642305349036822 ) ) ;
#1401 = CIRCLE ( 'NONE', #2888, 14.86602540378443571 ) ;
#1402 = AXIS2_PLACEMENT_3D ( 'NONE', #2992, #2094, #679 ) ;
#1403 = CARTESIAN_POINT ( 'NONE',  ( 1.576586186681162571, 34.96723174665423528, -4.069711605605589533 ) ) ;
#1404 = APPROVAL_PERSON_ORGANIZATION ( #2665, #2146, #648 ) ;
#1405 = DIRECTION ( 'NONE',  ( 0.000000000000000000, 0.000000000000000000, 1.000000000000000000 ) ) ;
#1406 = FACE_OUTER_BOUND ( 'NONE', #584, .T. ) ;
#1407 = DIRECTION ( 'NONE',  ( 0.000000000000000000, 0.000000000000000000, 1.000000000000000000 ) ) ;
#1408 = ORIENTED_EDGE ( 'NONE', *, *, #1237, .F. ) ;
#1409 = EDGE_LOOP ( 'NONE', ( #178, #2321, #2604, #796, #636 ) ) ;
#1410 = CARTESIAN_POINT ( 'NONE',  ( 14.83726537549468816, -6.326083532958033828, -8.000000000000000000 ) ) ;
#1411 = CARTESIAN_POINT ( 'NONE',  ( -0.2412746270960936801, -9.352015762932769150, 3.224815851137015521 ) ) ;
#1412 = CARTESIAN_POINT ( 'NONE',  ( 26.70558256232454042, -16.27368626298578036, 7.999999999999998224 ) ) ;
#1413 = EDGE_LOOP ( 'NONE', ( #2284, #2097 ) ) ;
#1414 = CARTESIAN_POINT ( 'NONE',  ( -9.109742312758577043, -0.5737178839652478102, 0.2827642305349036822 ) ) ;
#1415 = ADVANCED_FACE ( 'NONE', ( #379 ), #888, .T. ) ;
#1416 = CARTESIAN_POINT ( 'NONE',  ( 15.47853285843866544, 25.07954205942057868, 3.224815851137015077 ) ) ;
#1417 = CYLINDRICAL_SURFACE ( 'NONE', #718, 35.00000000000000000 ) ;
#1418 = CARTESIAN_POINT ( 'NONE',  ( 2.885953711599124283, 34.88352370210058950, -5.158510619862634705 ) ) ;
#1419 = EDGE_CURVE ( 'NONE', #2044, #467, #1115, .T. ) ;
#1420 = AXIS2_PLACEMENT_3D ( 'NONE', #2714, #1350, #2039 ) ;
#1421 = CARTESIAN_POINT ( 'NONE',  ( -3.683221409376937761, -14.54774085026641650, 3.546588811310947609 ) ) ;
#1422 = FACE_BOUND ( 'NONE', #1772, .T. ) ;
#1423 = VERTEX_POINT ( 'NONE', #2046 ) ;
#1424 = AXIS2_PLACEMENT_3D ( 'NONE', #1611, #2060, #2922 ) ;
#1425 = CARTESIAN_POINT ( 'NONE',  ( -9.913897636619568132, -12.82924702141734663, -8.000000000000007105 ) ) ;
#1426 = CARTESIAN_POINT ( 'NONE',  ( 14.32025263291207473, 4.497658272833735538, 5.813344800452644456 ) ) ;
#1427 = CARTESIAN_POINT ( 'NONE',  ( 35.00000000000000000, -1.088179703012172483, 1.045696437474292972 ) ) ;
#1428 = ORIENTED_EDGE ( 'NONE', *, *, #2387, .T. ) ;
#1429 = CARTESIAN_POINT ( 'NONE',  ( 31.71530005445764289, 20.91174226233057709, -8.000000000000000000 ) ) ;
#1430 = CARTESIAN_POINT ( 'NONE',  ( -12.70547119755526388, 7.985299539149051107, 2.119968921921239868 ) ) ;
#1431 = CARTESIAN_POINT ( 'NONE',  ( -2.550700088455036152, 14.78810116751288284, 3.078114295877809603 ) ) ;
#1432 = CARTESIAN_POINT ( 'NONE',  ( -14.96466552989960874, 1.198548565877125105, 6.739465476555198009 ) ) ;
#1433 = EDGE_CURVE ( 'NONE', #255, #2735, #1618, .T. ) ;
#1434 = CARTESIAN_POINT ( 'NONE',  ( -9.279163200886859642, -11.78546266768119288, -7.500000000000000000 ) ) ;
#1435 = CARTESIAN_POINT ( 'NONE',  ( -31.12178633286241691, 3.074966671507604943, 7.999999999999998224 ) ) ;
#1436 = ORIENTED_EDGE ( 'NONE', *, *, #2239, .T. ) ;
#1437 = CARTESIAN_POINT ( 'NONE',  ( 0.000000000000000000, -0.000000000000000000, -8.000000000000000000 ) ) ;
#1438 = CARTESIAN_POINT ( 'NONE',  ( -4.005002780514855587, -35.96502185163658538, 3.224815851137015521 ) ) ;
#1439 = B_SPLINE_CURVE_WITH_KNOTS ( 'NONE', 3,
 ( #2558, #1670, #2145, #2328, #71, #1927, #731, #1004, #503, #2841, #2571, #1431, #774, #1444, #2344, #273 ),
 .UNSPECIFIED., .F., .F.,
 ( 4, 2, 2, 2, 2, 2, 2, 4 ),
 ( 2.742838647325547832E-18, 0.003830341015245730153, 0.005745511522868593929, 0.007660682030491457704, 0.009575852538114323215, 0.01149102304573718612, 0.01340619355336004903, 0.01532136406098291367 ),
 .UNSPECIFIED. ) ;
#1440 = CARTESIAN_POINT ( 'NONE',  ( 34.94896060643956304, -2.158686398023198283, 0.4192849016937461593 ) ) ;
#1441 = VERTEX_POINT ( 'NONE', #1582 ) ;
#1442 = CARTESIAN_POINT ( 'NONE',  ( 10.20612211710944806, -26.82835634082022480, 0.2827642305349036822 ) ) ;
#1443 = CARTESIAN_POINT ( 'NONE',  ( 4.559150481148417811, 17.31748479050776268, 8.000000000000000000 ) ) ;
#1444 = CARTESIAN_POINT ( 'NONE',  ( -3.870515805913610219, 14.49903414690702697, 4.483122568578509437 ) ) ;
#1445 = CARTESIAN_POINT ( 'NONE',  ( 5.558494171742982104, -13.93550044142652133, -1.516390412386840358 ) ) ;
#1446 = AXIS2_PLACEMENT_3D ( 'NONE', #1024, #1948, #495 ) ;
#1448 = CARTESIAN_POINT ( 'NONE',  ( -24.79949060843941311, 24.69787977867583706, -8.000000000000000000 ) ) ;
#1447 = AXIS2_PLACEMENT_3D ( 'NONE', #588, #2675, #825 ) ;
#1449 = ORIENTED_EDGE ( 'NONE', *, *, #2640, .T. ) ;
#1450 = CARTESIAN_POINT ( 'NONE',  ( -1.591695420470376154, -11.45085223716115941, 3.224815851137018186 ) ) ;
#1451 = PLANE ( 'NONE',  #1029 ) ;
#1452 = CARTESIAN_POINT ( 'NONE',  ( -19.92865200195170061, -32.38218280681901717, -8.000000000000000000 ) ) ;
#1453 = CARTESIAN_POINT ( 'NONE',  ( -9.389111673149232118, -11.69805889834432300, 8.000000000000000000 ) ) ;
#1454 = CARTESIAN_POINT ( 'NONE',  ( -27.13575161977743377, 26.63471265057846793, -8.000000000000000000 ) ) ;
#1455 = ADVANCED_FACE ( 'NONE', ( #2495 ), #1374, .T. ) ;
#1456 = CARTESIAN_POINT ( 'NONE',  ( 22.31964210865462661, 19.47652190386166993, 0.2827642305349045704 ) ) ;
#1457 = DIRECTION ( 'NONE',  ( -0.000000000000000000, -0.000000000000000000, 1.000000000000000000 ) ) ;
#1458 = CARTESIAN_POINT ( 'NONE',  ( -29.68159453959604477, 18.64117590790943524, -0.1656752426352078034 ) ) ;
#1459 = CARTESIAN_POINT ( 'NONE',  ( -9.250521526846432252, 11.63729190092415955, -8.000000000000000000 ) ) ;
#1460 = CARTESIAN_POINT ( 'NONE',  ( -13.99999999999999822, 1.775737858763662015E-15, -8.500000000000000000 ) ) ;
#1461 = EDGE_CURVE ( 'NONE', #1755, #2285, #685, .T. ) ;
#1462 = ORIENTED_EDGE ( 'NONE', *, *, #1901, .T. ) ;
#1463 = CARTESIAN_POINT ( 'NONE',  ( -7.684529747459579951, -8.486135113007668096, -8.000000000000000000 ) ) ;
#1464 = CARTESIAN_POINT ( 'NONE',  ( 3.167125605078526362, -24.32256934210811750, 8.000000000000014211 ) ) ;
#1465 = CARTESIAN_POINT ( 'NONE',  ( 0.000000000000000000, -0.000000000000000000, -8.500000000000000000 ) ) ;
#1466 = CIRCLE ( 'NONE', #2768, 14.00000000000000000 ) ;
#1467 = CARTESIAN_POINT ( 'NONE',  ( 10.82292478745155506, -15.25821148109239900, 3.224815851137015521 ) ) ;
#1468 = CARTESIAN_POINT ( 'NONE',  ( -14.98589076743931514, -0.6504443914564506102, -7.500000000000000000 ) ) ;
#1469 = FACE_OUTER_BOUND ( 'NONE', #2763, .T. ) ;
#1470 = B_SPLINE_CURVE_WITH_KNOTS ( 'NONE', 3,
 ( #1094, #2056, #2013, #884, #2933, #2980, #1790, #2267, #2704, #426, #2474, #911, #1834, #177, #452, #2747, #1804, #680, #2720, #652 ),
 .UNSPECIFIED., .F., .F.,
 ( 4, 2, 2, 2, 2, 2, 2, 2, 2, 4 ),
 ( 0.000000000000000000, 0.002538198392636498591, 0.005076396785272997182, 0.007614595177909496207, 0.01015279357054599436, 0.01269099196318249252, 0.01522919035581899241, 0.01649828955213724149, 0.01776738874845549057, 0.02030558714109198873 ),
 .UNSPECIFIED. ) ;
#1471 = CARTESIAN_POINT ( 'NONE',  ( 13.74565082271507066, 6.004755070774534076, 8.000000000000000000 ) ) ;
#1472 = CARTESIAN_POINT ( 'NONE',  ( 0.8407049270087322279, -9.073587992194978469, -8.000000000000000000 ) ) ;
#1473 = CARTESIAN_POINT ( 'NONE',  ( -12.83339253152125892, -7.765567341276129021, 5.438045384095286039 ) ) ;
#1474 = CARTESIAN_POINT ( 'NONE',  ( 22.59770807619749888, -7.501142252559493961, 0.2827642305349024054 ) ) ;
#1475 = ORIENTED_EDGE ( 'NONE', *, *, #333, .F. ) ;
#1476 = DIRECTION ( 'NONE',  ( -0.000000000000000000, -0.000000000000000000, 1.000000000000000000 ) ) ;
#1477 = CARTESIAN_POINT ( 'NONE',  ( -17.28398359473283818, -7.156299997455337625, 3.224815851137015521 ) ) ;
#1478 = DIRECTION ( 'NONE',  ( 0.2225209339563182509, 0.9749279121818227312, 0.000000000000000000 ) ) ;
#1479 = ORIENTED_EDGE ( 'NONE', *, *, #2446, .T. ) ;
#1480 = CARTESIAN_POINT ( 'NONE',  ( 26.40921580933731505, -16.67638558968476303, 7.999999999999988454 ) ) ;
#1481 = CARTESIAN_POINT ( 'NONE',  ( -17.36037045660794575, -30.39425040427205005, -4.791033894966114204 ) ) ;
#1482 = CARTESIAN_POINT ( 'NONE',  ( 8.193133746070065726, 12.56473475322929012, 5.438045384095286039 ) ) ;
#1483 = B_SPLINE_CURVE_WITH_KNOTS ( 'NONE', 3,
 ( #1845, #1162, #2304, #2695, #231, #1614 ),
 .UNSPECIFIED., .F., .F.,
 ( 4, 2, 4 ),
 ( 0.000000000000000000, 0.002697738454498586208, 0.005395476908997172416 ),
 .UNSPECIFIED. ) ;
#1484 = EDGE_CURVE ( 'NONE', #912, #2620, #2257, .T. ) ;
#1485 = CARTESIAN_POINT ( 'NONE',  ( -19.10109053170717175, 30.21168276182197587, 8.000000000000000000 ) ) ;
#1486 = CARTESIAN_POINT ( 'NONE',  ( 35.00000000000003553, -1.981950129788351278, 0.9420795734925828668 ) ) ;
#1487 = DIRECTION ( 'NONE',  ( -0.2225209339563041788, 0.9749279121818259508, 0.000000000000000000 ) ) ;
#1488 = CARTESIAN_POINT ( 'NONE',  ( -31.96028659366136182, 14.30055153136527757, 2.186927751437575562 ) ) ;
#1489 = EDGE_LOOP ( 'NONE', ( #2439, #2492, #2924, #323, #1395 ) ) ;
#1490 = CARTESIAN_POINT ( 'NONE',  ( -11.28426641759762283, -0.6422255528115350387, 8.000000000000000000 ) ) ;
#1491 = AXIS2_PLACEMENT_3D ( 'NONE', #2691, #2464, #1345 ) ;
#1492 = CARTESIAN_POINT ( 'NONE',  ( -14.61184055358148193, -24.70667416420289442, 0.2827642305349036822 ) ) ;
#1493 = CARTESIAN_POINT ( 'NONE',  ( 13.47375777366878502, 6.592256931923996532, -7.500000000000000000 ) ) ;
#1494 = ORIENTED_EDGE ( 'NONE', *, *, #1842, .F. ) ;
#1495 = LOCAL_TIME ( 13, 3, 4.000000000000000000, #1539 ) ;
#1496 = CARTESIAN_POINT ( 'NONE',  ( -17.80551318584823406, 1.082748441967926301, 7.999999999999992895 ) ) ;
#1497 = CARTESIAN_POINT ( 'NONE',  ( -11.42595352544790366, 0.7169885843704313366, -8.000000000000000000 ) ) ;
#1498 = CARTESIAN_POINT ( 'NONE',  ( 5.054646089040253365, 8.666118989408790441, 3.224815851137015521 ) ) ;
#1499 = VERTEX_POINT ( 'NONE', #1344 ) ;
#1500 = CARTESIAN_POINT ( 'NONE',  ( -7.545151142946540546, 8.418042457086766461, 8.000000000000000000 ) ) ;
#1501 = CARTESIAN_POINT ( 'NONE',  ( 3.424707692896705957, 37.83427809815641041, -8.000000000000000000 ) ) ;
#1502 = CARTESIAN_POINT ( 'NONE',  ( 13.59716445508489180, -6.009644755503829039, -8.000000000000000000 ) ) ;
#1503 = DIRECTION ( 'NONE',  ( -0.2225209339563182231, -0.9749279121818227312, 0.000000000000000000 ) ) ;
#1504 = ORIENTED_EDGE ( 'NONE', *, *, #733, .T. ) ;
#1505 = EDGE_CURVE ( 'NONE', #377, #1499, #1664, .T. ) ;
#1506 = CARTESIAN_POINT ( 'NONE',  ( -20.83578585305914643, 19.74324341400975058, 0.2827642305349036822 ) ) ;
#1507 = DIRECTION ( 'NONE',  ( 1.000000000000000000, 0.000000000000000000, 0.000000000000000000 ) ) ;
#1508 = CARTESIAN_POINT ( 'NONE',  ( -14.86600701267616209, 0.02338386254265370501, -8.000000000000000000 ) ) ;
#1509 = ORIENTED_EDGE ( 'NONE', *, *, #2515, .F. ) ;
#1510 = EDGE_LOOP ( 'NONE', ( #982, #1850, #1568 ) ) ;
#1511 = DIRECTION ( 'NONE',  ( 0.000000000000000000, -1.000000000000000000, 0.000000000000000000 ) ) ;
#1512 = VECTOR ( 'NONE', #140, 1000.000000000000000 ) ;
#1513 = CARTESIAN_POINT ( 'NONE',  ( -13.92384457452017266, 5.595703304458657712, 4.949283202396101089 ) ) ;
#1514 = CARTESIAN_POINT ( 'NONE',  ( 8.424047380861773959, 11.06644805604413584, 3.224815851137015521 ) ) ;
#1515 = ORIENTED_EDGE ( 'NONE', *, *, #538, .F. ) ;
#1516 = VECTOR ( 'NONE', #1551, 1000.000000000000114 ) ;
#1517 = CARTESIAN_POINT ( 'NONE',  ( 16.01970378293621877, 22.20455095747814056, 3.224815851137020406 ) ) ;
#1518 = CARTESIAN_POINT ( 'NONE',  ( 3.424707692896705957, 37.83427809815641041, -8.000000000000000000 ) ) ;
#1519 = EDGE_CURVE ( 'NONE', #1824, #1649, #1584, .T. ) ;
#1520 = LINE ( 'NONE', #2647, #2812 ) ;
#1521 = CARTESIAN_POINT ( 'NONE',  ( 3.348500511311203187, 34.83945384654801103, -8.000000000000000000 ) ) ;
#1522 = DATE_AND_TIME ( #2054, #193 ) ;
#1523 = ORIENTED_EDGE ( 'NONE', *, *, #524, .F. ) ;
#1524 = DIRECTION ( 'NONE',  ( -0.9009688679024079327, -0.4338837391175814351, 0.000000000000000000 ) ) ;
#1525 = EDGE_CURVE ( 'NONE', #640, #2959, #1572, .T. ) ;
#1526 = CARTESIAN_POINT ( 'NONE',  ( 34.96174487530809216, 1.897900953214854303, 2.987318143446628937 ) ) ;
#1527 = CARTESIAN_POINT ( 'NONE',  ( 7.766298316857824346, -12.84425526211891189, -0.1465085805720022782 ) ) ;
#1528 = ORIENTED_EDGE ( 'NONE', *, *, #1901, .F. ) ;
#1529 = CARTESIAN_POINT ( 'NONE',  ( 2.650076552171944044, -34.91188482414732874, 7.449193149968814431 ) ) ;
#1530 = B_SPLINE_CURVE_WITH_KNOTS ( 'NONE', 3,
 ( #1114, #2032, #2921, #2445, #1794, #2015, #2884, #603, #858, #2905 ),
 .UNSPECIFIED., .F., .F.,
 ( 4, 2, 2, 2, 4 ),
 ( 0.000000000000000000, 0.003238412193768203280, 0.006476824387536402224, 0.009715236581304600300, 0.01295364877507279924 ),
 .UNSPECIFIED. ) ;
#1531 = CARTESIAN_POINT ( 'NONE',  ( -28.42678926019725338, -3.980362417634001559, 0.2827642305349036822 ) ) ;
#1532 = CARTESIAN_POINT ( 'NONE',  ( 1.997575524446814743, 11.09525948104897708, 8.000000000000007105 ) ) ;
#1533 = ORIENTED_EDGE ( 'NONE', *, *, #2048, .F. ) ;
#1534 = LINE ( 'NONE', #417, #921 ) ;
#1535 = CARTESIAN_POINT ( 'NONE',  ( 1.467774788740812575, 9.009006292859517373, 0.2827642305349036822 ) ) ;
#1536 = CARTESIAN_POINT ( 'NONE',  ( -9.852087968102756221, 11.31089575006174996, -7.500000000000000000 ) ) ;
#1537 = CARTESIAN_POINT ( 'NONE',  ( 28.40571107362621461, -20.46993328059275186, 6.924458842694900085 ) ) ;
#1538 = CARTESIAN_POINT ( 'NONE',  ( 0.000000000000000000, 0.000000000000000000, -7.500000000000000000 ) ) ;
#1539 = COORDINATED_UNIVERSAL_TIME_OFFSET ( 5, 0, .AHEAD. ) ;
#1540 = B_SPLINE_CURVE_WITH_KNOTS ( 'NONE', 3,
 ( #2027, #2951, #883, #2718, #651, #1605 ),
 .UNSPECIFIED., .F., .F.,
 ( 4, 2, 4 ),
 ( 0.000000000000000000, 0.002697738454498586208, 0.005395476908997172416 ),
 .UNSPECIFIED. ) ;
#1541 = VERTEX_POINT ( 'NONE', #2985 ) ;
#1542 = EDGE_CURVE ( 'NONE', #1967, #1299, #2690, .T. ) ;
#1543 = CARTESIAN_POINT ( 'NONE',  ( -26.27757467354614818, -23.13853191942946808, 6.924458842694899197 ) ) ;
#1544 = CARTESIAN_POINT ( 'NONE',  ( -8.835012162431922889, -12.12198663956036704, -7.500000000000000000 ) ) ;
#1545 = TOROIDAL_SURFACE ( 'NONE', #1841, 13.99999999999999822, 1.000000000000000000 ) ;
#1546 = CARTESIAN_POINT ( 'NONE',  ( 10.42656684687983670, -10.78363128948436689, 5.438045384095286039 ) ) ;
#1547 = ORIENTED_EDGE ( 'NONE', *, *, #2359, .T. ) ;
#1548 = VERTEX_POINT ( 'NONE', #859 ) ;
#1549 = AXIS2_PLACEMENT_3D ( 'NONE', #18, #938, #2775 ) ;
#1550 = CARTESIAN_POINT ( 'NONE',  ( -3.065182509540515188, -34.87871997184007000, 4.444858693057519794 ) ) ;
#1551 = DIRECTION ( 'NONE',  ( 0.9802729266960744647, 0.1976486508598338243, 0.000000000000000000 ) ) ;
#1552 = CARTESIAN_POINT ( 'NONE',  ( 3.246716554700998181, 14.64441298288977045, -7.500000000000000000 ) ) ;
#1553 = ORIENTED_EDGE ( 'NONE', *, *, #2299, .F. ) ;
#1554 = EDGE_CURVE ( 'NONE', #377, #308, #2110, .T. ) ;
#1555 = ORIENTED_EDGE ( 'NONE', *, *, #2934, .T. ) ;
#1556 = CARTESIAN_POINT ( 'NONE',  ( -17.59303174765995692, 11.93992654228893890, 2.382906051918966650 ) ) ;
#1557 = CARTESIAN_POINT ( 'NONE',  ( 25.35817130663678043, -24.14298238979789701, 4.444858693057520682 ) ) ;
#1558 = CARTESIAN_POINT ( 'NONE',  ( -7.788232688471130594, -34.12247692636378815, 1.645377140003623673 ) ) ;
#1559 = CALENDAR_DATE ( 2025, 24, 11 ) ;
#1560 = DIRECTION ( 'NONE',  ( 0.2225209339563182509, 0.9749279121818227312, 0.000000000000000000 ) ) ;
#1561 = CARTESIAN_POINT ( 'NONE',  ( 0.000000000000000000, 0.000000000000000000, 8.000000000000000000 ) ) ;
#1562 = CARTESIAN_POINT ( 'NONE',  ( 18.67733333333332979, -1.051635921851682642, 3.224815851137015521 ) ) ;
#1563 = ORIENTED_EDGE ( 'NONE', *, *, #993, .F. ) ;
#1564 = EDGE_LOOP ( 'NONE', ( #1555, #801, #597, #428, #2660 ) ) ;
#1565 = CARTESIAN_POINT ( 'NONE',  ( -27.52325835676622745, 20.89519315166186786, 0.2827642305349071794 ) ) ;
#1566 = CARTESIAN_POINT ( 'NONE',  ( -13.78171791879518970, -24.68291876852201483, -0.4362067782112100667 ) ) ;
#1567 = CARTESIAN_POINT ( 'NONE',  ( 21.82214306505562362, -27.36410188638107144, 1.645377140003625449 ) ) ;
#1568 = ORIENTED_EDGE ( 'NONE', *, *, #1750, .F. ) ;
#1569 = AXIS2_PLACEMENT_3D ( 'NONE', #1267, #156, #2213 ) ;
#1570 = B_SPLINE_SURFACE_WITH_KNOTS ( 'NONE', 3, 3, ( 
 ( #692, #2577, #248, #706 ),
 ( #1648, #2760, #222, #1662 ),
 ( #1381, #2095, #1632, #1435 ),
 ( #1620, #1890, #2803, #735 ),
 ( #2067, #31, #1183, #968 ),
 ( #2309, #507, #2296, #479 ),
 ( #2347, #493, #1154, #2546 ) ),
 .UNSPECIFIED., .F., .F., .F.,
 ( 4, 1, 1, 1, 4 ),
 ( 4, 4 ),
 ( 0.006786499710591128998, 0.1295974546841656971, 0.2524084096577401404, 0.3752193646313147779, 0.4980303196048893044 ),
 ( 0.000000000000000000, 1.000000000000000000 ),
 .UNSPECIFIED. ) ;
#1571 = CARTESIAN_POINT ( 'NONE',  ( -10.90648389823300946, 32.97398252985918532, 3.224815851137015521 ) ) ;
#1572 = CIRCLE ( 'NONE', #1424, 13.99999999999999822 ) ;
#1573 = CARTESIAN_POINT ( 'NONE',  ( -14.99970937458060938, -0.09337386207385317549, -7.500000000000000000 ) ) ;
#1574 = CARTESIAN_POINT ( 'NONE',  ( -17.56004340471121239, -30.28355762804042328, -6.930229541439416607 ) ) ;
#1575 = MECHANICAL_CONTEXT ( 'NONE', #917, 'mechanical' ) ;
#1576 = DIRECTION ( 'NONE',  ( -0.000000000000000000, -0.000000000000000000, -1.000000000000000000 ) ) ;
#1577 = DIRECTION ( 'NONE',  ( 1.000000000000000000, 0.000000000000000000, 0.000000000000000000 ) ) ;
#1578 = CARTESIAN_POINT ( 'NONE',  ( 0.000000000000000000, 0.000000000000000000, -8.000000000000000000 ) ) ;
#1579 = VERTEX_POINT ( 'NONE', #181 ) ;
#1580 = VERTEX_POINT ( 'NONE', #638 ) ;
#1581 = CARTESIAN_POINT ( 'NONE',  ( -7.788232688471166121, -34.12247692636379526, 1.995833495980581018 ) ) ;
#1582 = CARTESIAN_POINT ( 'NONE',  ( 15.00000000000000000, 1.836970198721029589E-15, -7.500000000000000000 ) ) ;
#1583 = CARTESIAN_POINT ( 'NONE',  ( 3.688381323754416741, -37.76765604602143611, 8.000000000000000000 ) ) ;
#1584 = B_SPLINE_CURVE_WITH_KNOTS ( 'NONE', 3,
 ( #2003, #915, #873, #2957 ),
 .UNSPECIFIED., .F., .F.,
 ( 4, 4 ),
 ( 0.1065940371341894816, 0.8108127872970233296 ),
 .UNSPECIFIED. ) ;
#1585 = CARTESIAN_POINT ( 'NONE',  ( 21.82214306505562362, -27.36410188638108920, -8.500000000000000000 ) ) ;
#1586 = CARTESIAN_POINT ( 'NONE',  ( -1.913597839532189759, 36.52872487308994209, 0.2827642305349036822 ) ) ;
#1587 = B_SPLINE_CURVE_WITH_KNOTS ( 'NONE', 3,
 ( #2324, #2367, #1853, #2566, #711, #739, #1638, #512, #497, #1440, #1427, #2352 ),
 .UNSPECIFIED., .F., .F.,
 ( 4, 2, 2, 2, 2, 4 ),
 ( 0.000000000000000000, 0.003720511712334887387, 0.007441023424669774775, 0.009301279280837217167, 0.01116153513700466303, 0.01488204684933954608 ),
 .UNSPECIFIED. ) ;
#1588 = CARTESIAN_POINT ( 'NONE',  ( 10.42114123893080979, -4.350429530702512260, 8.000000000000000000 ) ) ;
#1589 = CARTESIAN_POINT ( 'NONE',  ( -7.501543192741989330, 8.441165295785832967, 8.000000000000000000 ) ) ;
#1590 = DATE_AND_TIME ( #1106, #2403 ) ;
#1591 = EDGE_CURVE ( 'NONE', #580, #2203, #747, .T. ) ;
#1592 = CARTESIAN_POINT ( 'NONE',  ( 0.000000000000000000, 0.000000000000000000, -7.500000000000000000 ) ) ;
#1593 = CARTESIAN_POINT ( 'NONE',  ( 12.18133333333333290, 5.583333333333333037, 8.000000000000000000 ) ) ;
#1594 = ORIENTED_EDGE ( 'NONE', *, *, #230, .T. ) ;
#1595 = B_SPLINE_SURFACE_WITH_KNOTS ( 'NONE', 3, 3, ( 
 ( #549, #2152, #1677, #1708 ),
 ( #1463, #1665, #1227, #2109 ),
 ( #1425, #267, #1450, #2579 ),
 ( #781, #1934, #2139, #755 ),
 ( #309, #33, #983, #64 ),
 ( #2363, #2349, #77, #2621 ),
 ( #998, #1907, #521, #1921 ) ),
 .UNSPECIFIED., .F., .F., .F.,
 ( 4, 1, 1, 1, 4 ),
 ( 4, 4 ),
 ( 0.5023027204582327654, 0.5648746995237949875, 0.6274466785893570986, 0.6900186576549193207, 0.7525906367204815428 ),
 ( 0.000000000000000000, 1.000000000000000000 ),
 .UNSPECIFIED. ) ;
#1596 = ORIENTED_EDGE ( 'NONE', *, *, #704, .T. ) ;
#1597 = CARTESIAN_POINT ( 'NONE',  ( 22.87793863651547355, 8.982787781254412351, 8.000000000000000000 ) ) ;
#1598 = AXIS2_PLACEMENT_3D ( 'NONE', #130, #2673, #1065 ) ;
#1599 = DIRECTION ( 'NONE',  ( -0.9009688679024216995, -0.4338837391175525693, 0.000000000000000000 ) ) ;
#1600 = FACE_OUTER_BOUND ( 'NONE', #2672, .T. ) ;
#1601 = CARTESIAN_POINT ( 'NONE',  ( -24.82728171035524767, -15.88000290411406468, 3.224815851137015077 ) ) ;
#1602 = AXIS2_PLACEMENT_3D ( 'NONE', #2607, #344, #1274 ) ;
#1603 = CARTESIAN_POINT ( 'NONE',  ( -28.62568623159954129, 20.14461987455193892, -2.058150132034112456 ) ) ;
#1604 = CARTESIAN_POINT ( 'NONE',  ( -14.00000000000000000, 1.714505518806294638E-15, 8.500000000000000000 ) ) ;
#1605 = CARTESIAN_POINT ( 'NONE',  ( 2.795508265405438397, -14.73720236469764444, 8.000000000000000000 ) ) ;
#1606 = FACE_OUTER_BOUND ( 'NONE', #2414, .T. ) ;
#1607 = EDGE_CURVE ( 'NONE', #2058, #814, #1373, .T. ) ;
#1608 = ORIENTED_EDGE ( 'NONE', *, *, #2866, .F. ) ;
#1609 = ORIENTED_EDGE ( 'NONE', *, *, #1525, .F. ) ;
#1610 = CARTESIAN_POINT ( 'NONE',  ( 22.56286524120818981, 2.972087583290294877, 3.224815851137015521 ) ) ;
#1611 = CARTESIAN_POINT ( 'NONE',  ( 0.000000000000000000, 0.000000000000000000, -8.500000000000000000 ) ) ;
#1612 = CARTESIAN_POINT ( 'NONE',  ( -0.000000000000000000, 0.000000000000000000, -8.500000000000000000 ) ) ;
#1613 = CARTESIAN_POINT ( 'NONE',  ( 27.36619838238754099, 24.27139846900403697, 0.2827642305349036822 ) ) ;
#1614 = CARTESIAN_POINT ( 'NONE',  ( -8.912898383221259380, 12.06483495164239095, 8.000000000000000000 ) ) ;
#1615 = CARTESIAN_POINT ( 'NONE',  ( 11.87146905817528086, -33.55340590954767066, -8.000000000000000000 ) ) ;
#1616 = VECTOR ( 'NONE', #1802, 1000.000000000000000 ) ;
#1617 = B_SPLINE_SURFACE_WITH_KNOTS ( 'NONE', 3, 3, ( 
 ( #1518, #829, #609, #2434 ),
 ( #369, #1958, #1301, #1485 ),
 ( #2662, #775, #137, #2211 ),
 ( #1035, #1717, #1019, #1071 ),
 ( #2175, #1942, #2911, #2416 ),
 ( #2386, #319, #1284, #1767 ),
 ( #2678, #1535, #1317, #1500 ) ),
 .UNSPECIFIED., .F., .F., .F.,
 ( 4, 1, 1, 1, 4 ),
 ( 4, 4 ),
 ( 0.006786499710591128998, 0.1295974546841656971, 0.2524084096577401404, 0.3752193646313147779, 0.4980303196048893044 ),
 ( 0.000000000000000000, 1.000000000000000000 ),
 .UNSPECIFIED. ) ;
#1618 = B_SPLINE_CURVE_WITH_KNOTS ( 'NONE', 3,
 ( #1779, #656, #2510, #149, #215, #1839, #2708, #446, #415, #2752 ),
 .UNSPECIFIED., .F., .F.,
 ( 4, 2, 2, 2, 4 ),
 ( 0.01488204684933954781, 0.01824191049705064030, 0.02160177414476173105, 0.02496163779247282527, 0.02832150144018392296 ),
 .UNSPECIFIED. ) ;
#1619 = CARTESIAN_POINT ( 'NONE',  ( -14.87186230883990312, 2.110690375222270543, 7.108868673853903530 ) ) ;
#1620 = CARTESIAN_POINT ( 'NONE',  ( -16.23033941149189729, 16.84711194804462053, -8.000000000000000000 ) ) ;
#1621 = ORIENTED_EDGE ( 'NONE', *, *, #824, .T. ) ;
#1622 = ORIENTED_EDGE ( 'NONE', *, *, #1858, .T. ) ;
#1623 = PRODUCT_RELATED_PRODUCT_CATEGORY ( 'detail', '', ( #2769 ) ) ;
#1624 = CARTESIAN_POINT ( 'NONE',  ( 33.74051748489972624, -5.722590315358599078, 0.2827642305349036822 ) ) ;
#1625 = CARTESIAN_POINT ( 'NONE',  ( -0.000000000000000000, 0.000000000000000000, -8.000000000000000000 ) ) ;
#1626 = B_SPLINE_CURVE_WITH_KNOTS ( 'NONE', 3,
 ( #842, #2385, #2448, #1084, #1956, #1764 ),
 .UNSPECIFIED., .F., .F.,
 ( 4, 2, 4 ),
 ( 0.000000000000000000, 0.002697738454498586208, 0.005395476908997172416 ),
 .UNSPECIFIED. ) ;
#1627 = CARTESIAN_POINT ( 'NONE',  ( -14.25038692107858118, -4.713465326535346556, -0.1465085805720039991 ) ) ;
#1628 = CARTESIAN_POINT ( 'NONE',  ( 15.00000000000048495, -0.6846500732340721207, 1.154271784489039998 ) ) ;
#1629 = DIRECTION ( 'NONE',  ( 0.2225209339563050392, -0.9749279121818257288, 0.000000000000000000 ) ) ;
#1630 = LINE ( 'NONE', #42, #254 ) ;
#1631 = DIRECTION ( 'NONE',  ( 0.000000000000000000, 0.000000000000000000, 1.000000000000000000 ) ) ;
#1632 = CARTESIAN_POINT ( 'NONE',  ( -27.89504316640045190, 9.509730601056300969, 3.224815851137015077 ) ) ;
#1633 = ORIENTED_EDGE ( 'NONE', *, *, #169, .T. ) ;
#1634 = ORIENTED_EDGE ( 'NONE', *, *, #1858, .F. ) ;
#1635 = EDGE_CURVE ( 'NONE', #526, #400, #593, .T. ) ;
#1636 = CARTESIAN_POINT ( 'NONE',  ( -14.91009128135592832, 5.251604272976662102E-16, -7.914407842107163304 ) ) ;
#1637 = CARTESIAN_POINT ( 'NONE',  ( -16.15718122726734052, -26.08691386420817793, -7.999999999999998224 ) ) ;
#1638 = CARTESIAN_POINT ( 'NONE',  ( 34.61002559117164168, -5.234808655869823468, -1.675414736673145333 ) ) ;
#1639 = ORIENTED_EDGE ( 'NONE', *, *, #1519, .F. ) ;
#1640 = CARTESIAN_POINT ( 'NONE',  ( -23.29105361341565583, -2.185387832667795571, -8.000000000000000000 ) ) ;
#1641 = LINE ( 'NONE', #1898, #543 ) ;
#1642 = DIRECTION ( 'NONE',  ( -0.6234898018587319291, 0.7818314824680309139, 0.000000000000000000 ) ) ;
#1643 = EDGE_CURVE ( 'NONE', #1972, #2123, #2815, .T. ) ;
#1644 = CIRCLE ( 'NONE', #826, 15.00000000000000000 ) ;
#1645 = CARTESIAN_POINT ( 'NONE',  ( 29.71725411218982771, -18.49012731247508157, 8.000000000000000000 ) ) ;
#1646 = AXIS2_PLACEMENT_3D ( 'NONE', #2716, #405, #1771 ) ;
#1647 = CARTESIAN_POINT ( 'NONE',  ( -6.475359612977233503, -13.53532771522388600, 0.1104061731797449375 ) ) ;
#1648 = CARTESIAN_POINT ( 'NONE',  ( -25.57568941251625816, 24.69687769754477813, -8.000000000000000000 ) ) ;
#1649 = VERTEX_POINT ( 'NONE', #2084 ) ;
#1650 = CARTESIAN_POINT ( 'NONE',  ( 0.000000000000000000, -0.000000000000000000, -8.000000000000000000 ) ) ;
#1651 = CARTESIAN_POINT ( 'NONE',  ( 13.95505627401543514, 5.527654999968569349, 6.866916165645802650 ) ) ;
#1652 = CARTESIAN_POINT ( 'NONE',  ( 36.12362460079148718, -11.75776201883316396, -8.000000000000000000 ) ) ;
#1653 = ORIENTED_EDGE ( 'NONE', *, *, #677, .T. ) ;
#1654 = CARTESIAN_POINT ( 'NONE',  ( -37.64776290949285453, -5.080075777096010547, -8.000000000000000000 ) ) ;
#1655 = CARTESIAN_POINT ( 'NONE',  ( -11.75506572131727445, 9.324902592702851933, 0.1104061731797449514 ) ) ;
#1656 = CARTESIAN_POINT ( 'NONE',  ( 0.000000000000000000, 0.000000000000000000, 8.000000000000000000 ) ) ;
#1657 = EDGE_CURVE ( 'NONE', #1441, #2776, #257, .T. ) ;
#1658 = CARTESIAN_POINT ( 'NONE',  ( 21.82214306505560941, -27.36410188638111407, 1.995833495980581018 ) ) ;
#1659 = CARTESIAN_POINT ( 'NONE',  ( -31.53391037658455431, 15.18593086911480583, 1.995833495980582351 ) ) ;
#1660 = AXIS2_PLACEMENT_3D ( 'NONE', #2873, #809, #1731 ) ;
#1661 = CARTESIAN_POINT ( 'NONE',  ( -18.56024655611121332, -29.67351087715037394, -8.000000000000000000 ) ) ;
#1662 = CARTESIAN_POINT ( 'NONE',  ( -35.52977987242894642, 3.902842171826572226, 8.000000000000000000 ) ) ;
#1663 = ORIENTED_EDGE ( 'NONE', *, *, #2515, .T. ) ;
#1664 = CIRCLE ( 'NONE', #353, 14.86602540378443571 ) ;
#1665 = CARTESIAN_POINT ( 'NONE',  ( -6.287390749848777105, -8.776111203949222173, 0.2827642305349036822 ) ) ;
#1666 = DIRECTION ( 'NONE',  ( -0.4566622351236643285, -0.8896401536643110397, 0.000000000000000000 ) ) ;
#1667 = CARTESIAN_POINT ( 'NONE',  ( 0.000000000000000000, -0.000000000000000000, -8.000000000000000000 ) ) ;
#1668 = CARTESIAN_POINT ( 'NONE',  ( 15.36519650590587638, 31.46129886773823969, 5.909000145677005378 ) ) ;
#1669 = CARTESIAN_POINT ( 'NONE',  ( 8.357319869689971981, 3.237409400274608995, -8.000000000000000000 ) ) ;
#1670 = CARTESIAN_POINT ( 'NONE',  ( 3.007164617812119634, 14.69752246840595333, -6.221791264642863695 ) ) ;
#1671 = ADVANCED_FACE ( 'NONE', ( #698 ), #647, .T. ) ;
#1672 = CARTESIAN_POINT ( 'NONE',  ( -11.63559876187500208, 9.477494280012777494, -2.116152478499255807 ) ) ;
#1673 = CARTESIAN_POINT ( 'NONE',  ( 13.10598928464818336, 7.300058366346011240, -6.674823420700559673 ) ) ;
#1674 = CARTESIAN_POINT ( 'NONE',  ( -32.97219577904613175, -11.75188279030737171, -0.5940682183808335681 ) ) ;
#1675 = ORIENTED_EDGE ( 'NONE', *, *, #2245, .T. ) ;
#1676 = EDGE_CURVE ( 'NONE', #2150, #1891, #2301, .T. ) ;
#1677 = CARTESIAN_POINT ( 'NONE',  ( -0.3951382703561328591, -9.276122121455468772, 3.224815851137015521 ) ) ;
#1678 = DIRECTION ( 'NONE',  ( 0.7570905000210648161, 0.6533100142947863009, -0.000000000000000000 ) ) ;
#1679 = CARTESIAN_POINT ( 'NONE',  ( -27.45918016708507992, -16.00423024358939728, 3.224815851137011968 ) ) ;
#1680 = CARTESIAN_POINT ( 'NONE',  ( 2.586441946332043607, -8.753677814124737111, 0.2827642305349036822 ) ) ;
#1681 = CARTESIAN_POINT ( 'NONE',  ( 11.88649730509394686, 32.91976886030633409, 8.000000000000000000 ) ) ;
#1682 = DIRECTION ( 'NONE',  ( -1.000000000000000000, 1.224646799147351482E-16, 0.000000000000000000 ) ) ;
#1683 = CARTESIAN_POINT ( 'NONE',  ( -1.996157786366971276, 14.87869527773358946, 0.4665652560019957207 ) ) ;
#1684 = ORIENTED_EDGE ( 'NONE', *, *, #1750, .T. ) ;
#1685 = DIRECTION ( 'NONE',  ( 1.000000000000000000, 0.000000000000000000, 0.000000000000000000 ) ) ;
#1686 = EDGE_CURVE ( 'NONE', #589, #427, #1200, .T. ) ;
#1687 = VECTOR ( 'NONE', #2525, 1000.000000000000114 ) ;
#1689 = CARTESIAN_POINT ( 'NONE',  ( 13.49403803687216197, -6.550644049209760844, 8.000000000000000000 ) ) ;
#1688 = VECTOR ( 'NONE', #2496, 1000.000000000000114 ) ;
#1690 = DIRECTION ( 'NONE',  ( -0.000000000000000000, -0.000000000000000000, 1.000000000000000000 ) ) ;
#1691 = VERTEX_POINT ( 'NONE', #48 ) ;
#1692 = DIRECTION ( 'NONE',  ( 1.000000000000000000, 0.000000000000000000, 0.000000000000000000 ) ) ;
#1693 = CARTESIAN_POINT ( 'NONE',  ( -4.799060786586949234, -26.95629811533675735, 3.224815851137020406 ) ) ;
#1694 = EDGE_CURVE ( 'NONE', #2776, #2449, #2693, .T. ) ;
#1695 = CARTESIAN_POINT ( 'NONE',  ( 28.32146804343820889, 20.56908767769650126, -4.069711605607335692 ) ) ;
#1696 = ORIENTED_EDGE ( 'NONE', *, *, #2619, .T. ) ;
#1697 = CARTESIAN_POINT ( 'NONE',  ( 12.89209870139760916, -35.77080828025221848, -8.000000000000000000 ) ) ;
#1698 = CARTESIAN_POINT ( 'NONE',  ( -37.74658723492277090, -4.589939313747970040, -8.000000000000000000 ) ) ;
#1699 = CARTESIAN_POINT ( 'NONE',  ( 3.847350475525953772, 34.78789867638558064, -8.000000000000000000 ) ) ;
#1700 = CARTESIAN_POINT ( 'NONE',  ( 26.96882203872079131, 22.32991550195668751, -3.249879930458916544 ) ) ;
#1701 = EDGE_CURVE ( 'NONE', #2903, #1156, #1871, .T. ) ;
#1702 = PLANE ( 'NONE',  #10 ) ;
#1703 = CARTESIAN_POINT ( 'NONE',  ( 3.720599241013017533, 34.80191666657559324, -7.164237005979458672 ) ) ;
#1704 = CARTESIAN_POINT ( 'NONE',  ( 9.920091136371118168, 5.356013701790478088, 8.000000000000007105 ) ) ;
#1705 = ORIENTED_EDGE ( 'NONE', *, *, #2132, .T. ) ;
#1706 = VECTOR ( 'NONE', #1037, 1000.000000000000000 ) ;
#1707 = EDGE_CURVE ( 'NONE', #2959, #640, #1185, .T. ) ;
#1708 = CARTESIAN_POINT ( 'NONE',  ( 3.137109119608107566, -10.85843766918967113, 8.000000000000000000 ) ) ;
#1709 = CARTESIAN_POINT ( 'NONE',  ( 14.83775480287150650, 2.274395640142946373, 3.816043805717889370 ) ) ;
#1710 = CARTESIAN_POINT ( 'NONE',  ( 26.65220442914849031, 22.70534347851907597, -2.025248799603498906 ) ) ;
#1711 = AXIS2_PLACEMENT_3D ( 'NONE', #1307, #2219, #1997 ) ;
#1712 = VERTEX_POINT ( 'NONE', #2863 ) ;
#1713 = ADVANCED_FACE ( 'NONE', ( #1273 ), #673, .T. ) ;
#1714 = CARTESIAN_POINT ( 'NONE',  ( 0.000000000000000000, 0.000000000000000000, -8.000000000000000000 ) ) ;
#1715 = CARTESIAN_POINT ( 'NONE',  ( -16.59216832859496904, -30.82033209074535307, -4.069711605607343685 ) ) ;
#1716 = CARTESIAN_POINT ( 'NONE',  ( 15.55538551109054346, 14.49505410513466863, 2.382906051918966650 ) ) ;
#1717 = CARTESIAN_POINT ( 'NONE',  ( -0.3849342421093195354, 22.73207653808735884, 0.2827642305349036822 ) ) ;
#1718 = DIRECTION ( 'NONE',  ( 0.000000000000000000, 0.000000000000000000, 1.000000000000000000 ) ) ;
#1719 = CARTESIAN_POINT ( 'NONE',  ( 5.655106849719413020, 13.90674295458099152, 5.573481401886231090 ) ) ;
#1720 = DIRECTION ( 'NONE',  ( 0.000000000000000000, 0.000000000000000000, 1.000000000000000000 ) ) ;
#1721 = ORIENTED_EDGE ( 'NONE', *, *, #1346, .T. ) ;
#1722 = CARTESIAN_POINT ( 'NONE',  ( -30.67597533814399569, -16.87928226578152646, 2.987318143446627605 ) ) ;
#1723 = CARTESIAN_POINT ( 'NONE',  ( -30.11685641932701785, -5.483778293586520469, 0.2827642305349058471 ) ) ;
#1724 = CARTESIAN_POINT ( 'NONE',  ( 8.254099961231553095, -12.53914083602710683, 0.4665652560019984407 ) ) ;
#1725 = ORIENTED_EDGE ( 'NONE', *, *, #1701, .T. ) ;
#1726 = CARTESIAN_POINT ( 'NONE',  ( -23.06494335429484366, 20.12722665989379678, 0.2827642305349058471 ) ) ;
#1727 = B_SPLINE_CURVE_WITH_KNOTS ( 'NONE', 3,
 ( #2431, #1281, #1716, #1482 ),
 .UNSPECIFIED., .F., .F.,
 ( 4, 4 ),
 ( 0.1065940371341894816, 0.8108127872970233296 ),
 .UNSPECIFIED. ) ;
#1728 = CARTESIAN_POINT ( 'NONE',  ( 4.072241230459799688, -34.76229065181037470, 8.000000000000000000 ) ) ;
#1729 = CARTESIAN_POINT ( 'NONE',  ( 10.45039802074438562, -4.310675792407120177, 8.000000000000000000 ) ) ;
#1730 = VERTEX_POINT ( 'NONE', #1291 ) ;
#1731 = DIRECTION ( 'NONE',  ( -1.000000000000000000, 0.000000000000000000, 0.000000000000000000 ) ) ;
#1732 = ADVANCED_FACE ( 'NONE', ( #1256 ), #2501, .T. ) ;
#1733 = CARTESIAN_POINT ( 'NONE',  ( 33.49524893680057147, -10.16175273710296345, -4.791033894966118645 ) ) ;
#1734 = CYLINDRICAL_SURFACE ( 'NONE', #2182, 35.00000000000000000 ) ;
#1735 = CARTESIAN_POINT ( 'NONE',  ( -14.99970937458060938, -0.09337386207385317549, -7.500000000000000000 ) ) ;
#1736 = CARTESIAN_POINT ( 'NONE',  ( -13.67033278225879656, -6.190709605473623256, 3.546588811310949385 ) ) ;
#1737 = ORIENTED_EDGE ( 'NONE', *, *, #200, .F. ) ;
#1738 = CARTESIAN_POINT ( 'NONE',  ( 13.77087272815968788, -5.959748954176254720, -5.321124438388829425 ) ) ;
#1739 = VECTOR ( 'NONE', #2168, 1000.000000000000000 ) ;
#1740 = CARTESIAN_POINT ( 'NONE',  ( -34.62370217700637198, -9.492887296126603758, 0.2827642305349036822 ) ) ;
#1741 = CARTESIAN_POINT ( 'NONE',  ( 6.371181588176177080, -13.58742438968867638, -2.116152478499250034 ) ) ;
#1742 = ORIENTED_EDGE ( 'NONE', *, *, #1387, .F. ) ;
#1743 = APPROVAL_PERSON_ORGANIZATION ( #189, #2729, #663 ) ;
#1744 = CARTESIAN_POINT ( 'NONE',  ( -27.27413564276577063, 26.46996287706348383, -8.000000000000000000 ) ) ;
#1745 = CARTESIAN_POINT ( 'NONE',  ( -14.43191422029226523, 31.90188699805698747, 5.254372563775367766 ) ) ;
#1746 = CARTESIAN_POINT ( 'NONE',  ( 14.49851479788101472, 7.257273189121528745, -8.000000000000007105 ) ) ;
#1747 = ORIENTED_EDGE ( 'NONE', *, *, #534, .T. ) ;
#1748 = VERTEX_POINT ( 'NONE', #617 ) ;
#1749 = CARTESIAN_POINT ( 'NONE',  ( -10.25077722104738775, 10.95645647338575479, -5.872181075905483993 ) ) ;
#1750 = EDGE_CURVE ( 'NONE', #2444, #2096, #214, .T. ) ;
#1751 = CARTESIAN_POINT ( 'NONE',  ( -33.08042969337212469, -11.58342198767115150, -0.1656752426352114671 ) ) ;
#1752 = DIRECTION ( 'NONE',  ( 1.000000000000000000, 0.000000000000000000, 0.000000000000000000 ) ) ;
#1753 = CARTESIAN_POINT ( 'NONE',  ( -3.534270563715416813, 11.00747213720297424, 3.224815851137018186 ) ) ;
#1754 = CARTESIAN_POINT ( 'NONE',  ( -14.30023547717228460, -4.546622523198640131, 1.631853832464080112 ) ) ;
#1755 = VERTEX_POINT ( 'NONE', #2041 ) ;
#1756 = DIRECTION ( 'NONE',  ( -0.000000000000000000, -0.000000000000000000, -1.000000000000000000 ) ) ;
#1757 = CARTESIAN_POINT ( 'NONE',  ( 0.000000000000000000, 0.000000000000000000, -7.500000000000000000 ) ) ;
#1758 = CARTESIAN_POINT ( 'NONE',  ( 28.82872432973774224, 19.85189093130035687, -4.791033894966111539 ) ) ;
#1759 = ORIENTED_EDGE ( 'NONE', *, *, #742, .T. ) ;
#1760 = ORIENTED_EDGE ( 'NONE', *, *, #1694, .F. ) ;
#1761 = CARTESIAN_POINT ( 'NONE',  ( 3.428782123509038104, -14.60285770489820223, -7.500000000000000000 ) ) ;
#1762 = AXIS2_PLACEMENT_3D ( 'NONE', #2743, #676, #232 ) ;
#1763 = CARTESIAN_POINT ( 'NONE',  ( -6.560277260839535884, -9.191799828339634715, 8.000000000000000000 ) ) ;
#1764 = CARTESIAN_POINT ( 'NONE',  ( 3.875566549033062635, 14.49068610949860947, 8.000000000000000000 ) ) ;
#1765 = ORIENTED_EDGE ( 'NONE', *, *, #2337, .T. ) ;
#1766 = CARTESIAN_POINT ( 'NONE',  ( 31.88717412577136301, 20.68459755574649250, -8.000000000000000000 ) ) ;
#1767 = CARTESIAN_POINT ( 'NONE',  ( -8.595691087379325523, 10.39928248478996764, 8.000000000000000000 ) ) ;
#1768 = EDGE_CURVE ( 'NONE', #707, #552, #2612, .T. ) ;
#1769 = CARTESIAN_POINT ( 'NONE',  ( -14.98589076743931514, -0.6504443914564506102, -7.500000000000000000 ) ) ;
#1770 = CARTESIAN_POINT ( 'NONE',  ( -3.265309150225329304, 15.96453377860307299, 3.224815851137016409 ) ) ;
#1771 = DIRECTION ( 'NONE',  ( 1.000000000000000000, 0.000000000000000000, 0.000000000000000000 ) ) ;
#1772 = EDGE_LOOP ( 'NONE', ( #1341, #2878 ) ) ;
#1773 = CARTESIAN_POINT ( 'NONE',  ( -12.66351598942934054, 5.750322568134291323, 3.224815851137015521 ) ) ;
#1774 = CARTESIAN_POINT ( 'NONE',  ( 34.80468709760555157, 3.815676714832594296, 3.962532186685889357 ) ) ;
#1775 = DIRECTION ( 'NONE',  ( 0.000000000000000000, 0.000000000000000000, 1.000000000000000000 ) ) ;
#1776 = EDGE_CURVE ( 'NONE', #308, #1811, #1906, .T. ) ;
#1777 = ORIENTED_EDGE ( 'NONE', *, *, #890, .T. ) ;
#1778 = CARTESIAN_POINT ( 'NONE',  ( -0.1930177107946689785, -35.01235973586428685, 5.909000145677001825 ) ) ;
#1779 = CARTESIAN_POINT ( 'NONE',  ( 21.82214306505599311, 27.36410188638076235, 1.645377140003623673 ) ) ;
#1780 = FACE_OUTER_BOUND ( 'NONE', #2395, .T. ) ;
#1781 = ORIENTED_EDGE ( 'NONE', *, *, #1686, .T. ) ;
#1782 = ORIENTED_EDGE ( 'NONE', *, *, #950, .T. ) ;
#1783 = CARTESIAN_POINT ( 'NONE',  ( -14.07285439328876286, 5.191798265080524999, 5.438045384095286039 ) ) ;
#1784 = B_SPLINE_CURVE_WITH_KNOTS ( 'NONE', 3,
 ( #1990, #2891, #846, #385, #591, #1471 ),
 .UNSPECIFIED., .F., .F.,
 ( 4, 2, 4 ),
 ( 0.000000000000000000, 0.002697738454498586208, 0.005395476908997172416 ),
 .UNSPECIFIED. ) ;
#1785 = CARTESIAN_POINT ( 'NONE',  ( 26.64268741921035755, -22.71756276040804678, 5.417831410484543753 ) ) ;
#1786 = CARTESIAN_POINT ( 'NONE',  ( 3.241526033442614807, 10.97993604582133287, -8.000000000000000000 ) ) ;
#1787 = APPLICATION_PROTOCOL_DEFINITION ( 'international standard', 'config_control_design', 1994, #2941 ) ;
#1788 = CARTESIAN_POINT ( 'NONE',  ( -29.18039137770531610, -19.35007001885961486, 4.444858693057519794 ) ) ;
#1789 = CARTESIAN_POINT ( 'NONE',  ( 29.30997815769468318, 19.12917092807371944, -5.524679704034233474 ) ) ;
#1790 = CARTESIAN_POINT ( 'NONE',  ( -1.622411010248379082, -14.92576595767199876, 3.353218786557992104 ) ) ;
#1791 = EDGE_LOOP ( 'NONE', ( #346, #2899, #827, #2969 ) ) ;
#1792 = ORIENTED_EDGE ( 'NONE', *, *, #1275, .F. ) ;
#1793 = AXIS2_PLACEMENT_3D ( 'NONE', #889, #904, #2524 ) ;
#1794 = CARTESIAN_POINT ( 'NONE',  ( -14.14745084784570217, 32.02764563933192932, 5.417831410487683463 ) ) ;
#1795 = CARTESIAN_POINT ( 'NONE',  ( -18.10754163049104548, -29.95191039149312928, -5.524679704034233474 ) ) ;
#1796 = CARTESIAN_POINT ( 'NONE',  ( 14.97106882950287066, 0.9615034382717115857, 4.921429106228559114 ) ) ;
#1797 = VERTEX_POINT ( 'NONE', #392 ) ;
#1798 = CARTESIAN_POINT ( 'NONE',  ( 24.75502780238786116, 18.00792779468459415, 0.2827642305349058471 ) ) ;
#1799 = CARTESIAN_POINT ( 'NONE',  ( -1.550382246737206593, 35.86797982251022177, 0.2827642305349036822 ) ) ;
#1800 = CARTESIAN_POINT ( 'NONE',  ( -9.425168450904797268, 11.66902736615476677, -7.500000000000000000 ) ) ;
#1801 = CARTESIAN_POINT ( 'NONE',  ( -0.6434454309952625239, 35.00754870678677833, -3.249879930458917876 ) ) ;
#1802 = DIRECTION ( 'NONE',  ( -0.000000000000000000, -0.000000000000000000, -1.000000000000000000 ) ) ;
#1803 = CARTESIAN_POINT ( 'NONE',  ( 0.000000000000000000, 0.000000000000000000, -7.500000000000000000 ) ) ;
#1804 = CARTESIAN_POINT ( 'NONE',  ( -7.959243276137286216, -12.71538593568628883, -4.704706038726508943 ) ) ;
#1805 = ORIENTED_EDGE ( 'NONE', *, *, #925, .F. ) ;
#1806 = ORIENTED_EDGE ( 'NONE', *, *, #2184, .T. ) ;
#1807 = CARTESIAN_POINT ( 'NONE',  ( -4.024761745864066320, -34.78112887247012708, 3.962532186685890245 ) ) ;
#1808 = CARTESIAN_POINT ( 'NONE',  ( -1.930124340018274820, -14.87530235094631692, 5.438045384095286039 ) ) ;
#1809 = PLANE ( 'NONE',  #571 ) ;
#1810 = EDGE_CURVE ( 'NONE', #340, #2082, #2759, .T. ) ;
#1811 = VERTEX_POINT ( 'NONE', #1078 ) ;
#1812 = AXIS2_PLACEMENT_3D ( 'NONE', #528, #1176, #1869 ) ;
#1813 = B_SPLINE_SURFACE_WITH_KNOTS ( 'NONE', 3, 3, ( 
 ( #1818, #1055, #2897, #2929 ),
 ( #1786, #2732, #662, #1589 ),
 ( #123, #832, #1753, #2664 ),
 ( #390, #1303, #2232, #2698 ),
 ( #2914, #851, #1770, #629 ),
 ( #2597, #746, #55, #1915 ),
 ( #205, #1870, #947, #436 ) ),
 .UNSPECIFIED., .F., .F., .F.,
 ( 4, 1, 1, 1, 4 ),
 ( 4, 4 ),
 ( 0.5023027204582327654, 0.5648746995237949875, 0.6274466785893570986, 0.6900186576549193207, 0.7525906367204815428 ),
 ( 0.000000000000000000, 1.000000000000000000 ),
 .UNSPECIFIED. ) ;
#1814 = CARTESIAN_POINT ( 'NONE',  ( 3.689904889272073607, 37.82752981204603770, -8.000000000000000000 ) ) ;
#1815 = VECTOR ( 'NONE', #2055, 1000.000000000000000 ) ;
#1816 = ADVANCED_FACE ( 'NONE', ( #2733 ), #409, .T. ) ;
#1817 = CARTESIAN_POINT ( 'NONE',  ( 10.15403126775721354, -4.713375119106136601, 8.000000000000000000 ) ) ;
#1818 = CARTESIAN_POINT ( 'NONE',  ( 3.179433318938756248, 8.539788498365970426, -8.000000000000000000 ) ) ;
#1819 = DATE_TIME_ROLE ( 'classification_date' ) ;
#1820 = CARTESIAN_POINT ( 'NONE',  ( 34.68630491649000192, 4.772913358852166610, 4.444858693057519794 ) ) ;
#1821 = CARTESIAN_POINT ( 'NONE',  ( 13.26497966671501771, -7.002879010923803271, 8.000000000000000000 ) ) ;
#1822 = B_SPLINE_CURVE_WITH_KNOTS ( 'NONE', 3,
 ( #2147, #29, #2345, #1195, #1888, #1445, #290, #994, #2544, #1221, #1872, #1916, #517, #763, #717, #2331 ),
 .UNSPECIFIED., .F., .F.,
 ( 4, 2, 2, 2, 2, 2, 2, 4 ),
 ( 2.742838647325547832E-18, 0.003830341015245730153, 0.005745511522868593929, 0.007660682030491457704, 0.009575852538114323215, 0.01149102304573718612, 0.01340619355336004903, 0.01532136406098291367 ),
 .UNSPECIFIED. ) ;
#1823 = VERTEX_POINT ( 'NONE', #1789 ) ;
#1824 = VERTEX_POINT ( 'NONE', #2490 ) ;
#1825 = CARTESIAN_POINT ( 'NONE',  ( 36.12362460079148718, -11.75776201883316396, -8.000000000000000000 ) ) ;
#1826 = CARTESIAN_POINT ( 'NONE',  ( 15.00000000000000000, 1.836970198721029589E-15, 8.500000000000000000 ) ) ;
#1827 = CARTESIAN_POINT ( 'NONE',  ( -9.823131360385566779, -11.34970543669574106, 7.346459557191717060 ) ) ;
#1828 = DIRECTION ( 'NONE',  ( -1.000000000000000000, 0.000000000000000000, 0.000000000000000000 ) ) ;
#1829 = CARTESIAN_POINT ( 'NONE',  ( 26.84441543234448702, -22.48083410806580673, 5.254372563775371319 ) ) ;
#1830 = MANIFOLD_SOLID_BREP ( 'Cut-Extrude10', #1359 ) ;
#1831 = CARTESIAN_POINT ( 'NONE',  ( 1.843501666205692224, -11.29902598468158459, -8.000000000000000000 ) ) ;
#1832 = EDGE_CURVE ( 'NONE', #1730, #736, #2332, .T. ) ;
#1833 = DIRECTION ( 'NONE',  ( -0.2225209339563050392, 0.9749279121818257288, 0.000000000000000000 ) ) ;
#1834 = CARTESIAN_POINT ( 'NONE',  ( -6.650709407494609593, -13.45281088665429259, -2.116152478499251366 ) ) ;
#1835 = ORIENTED_EDGE ( 'NONE', *, *, #1265, .F. ) ;
#1836 = B_SPLINE_SURFACE_WITH_KNOTS ( 'NONE', 3, 3, ( 
 ( #779, #2376, #766, #2405 ),
 ( #356, #813, #2149, #833 ),
 ( #2137, #2198, #547, #1704 ),
 ( #307, #1252, #2618, #124 ),
 ( #1039, #1474, #2163, #89 ),
 ( #2420, #2630, #1288, #1056 ),
 ( #292, #1224, #1022, #62 ) ),
 .UNSPECIFIED., .F., .F., .F.,
 ( 4, 1, 1, 1, 4 ),
 ( 4, 4 ),
 ( 0.5023027204582327654, 0.5648746995237949875, 0.6274466785893570986, 0.6900186576549193207, 0.7525906367204815428 ),
 ( 0.000000000000000000, 1.000000000000000000 ),
 .UNSPECIFIED. ) ;
#1837 = ORIENTED_EDGE ( 'NONE', *, *, #1657, .F. ) ;
#1838 = CARTESIAN_POINT ( 'NONE',  ( 35.86993863651550640, 12.48278778125441768, 8.000000000000000000 ) ) ;
#1839 = CARTESIAN_POINT ( 'NONE',  ( 15.94374826756625119, 31.17382609304074137, 5.254372563775367766 ) ) ;
#1840 = DIRECTION ( 'NONE',  ( -0.2225209339563050392, 0.9749279121818257288, 0.000000000000000000 ) ) ;
#1841 = AXIS2_PLACEMENT_3D ( 'NONE', #684, #2287, #697 ) ;
#1842 = EDGE_CURVE ( 'NONE', #1382, #129, #2479, .T. ) ;
#1843 = DIRECTION ( 'NONE',  ( -0.000000000000000000, -0.000000000000000000, -1.000000000000000000 ) ) ;
#1844 = VECTOR ( 'NONE', #2066, 1000.000000000000227 ) ;
#1845 = CARTESIAN_POINT ( 'NONE',  ( -4.715169862995541195, 14.23963388444726164, 5.438045384095286039 ) ) ;
#1846 = CARTESIAN_POINT ( 'NONE',  ( 12.87426579737224230, -35.77884390203427500, -8.000000000000000000 ) ) ;
#1847 = CC_DESIGN_DATE_AND_TIME_ASSIGNMENT ( #1590, #1819, ( #2702 ) ) ;
#1848 = CARTESIAN_POINT ( 'NONE',  ( -7.429548539281446651, -13.03444814761101789, -1.516390412386843023 ) ) ;
#1849 = CARTESIAN_POINT ( 'NONE',  ( -34.50918258769481639, -5.899830222353685372, -5.940280989077892038 ) ) ;
#1850 = ORIENTED_EDGE ( 'NONE', *, *, #978, .F. ) ;
#1851 = ORIENTED_EDGE ( 'NONE', *, *, #2159, .T. ) ;
#1852 = DIRECTION ( 'NONE',  ( -0.9009688679024158153, 0.4338837391175652258, 0.000000000000000000 ) ) ;
#1853 = CARTESIAN_POINT ( 'NONE',  ( 33.65153956530691914, -9.657409818788874389, -5.940280989077892038 ) ) ;
#1854 = CARTESIAN_POINT ( 'NONE',  ( 13.06365507729848652, 35.62781099115371575, 8.000000000000000000 ) ) ;
#1855 = CARTESIAN_POINT ( 'NONE',  ( 14.19681491588189637, 7.655992615788605349, -8.000000000000000000 ) ) ;
#1856 = CARTESIAN_POINT ( 'NONE',  ( 22.55995150572711694, -26.77571928885276620, 2.497571440916330321 ) ) ;
#1857 = CIRCLE ( 'NONE', #102, 14.99999999999999822 ) ;
#1858 = EDGE_CURVE ( 'NONE', #552, #152, #1951, .T. ) ;
#1859 = CARTESIAN_POINT ( 'NONE',  ( 12.09937778890737015, -32.84212321274760882, -8.000000000000000000 ) ) ;
#1860 = PLANE ( 'NONE',  #1549 ) ;
#1861 = ORIENTED_EDGE ( 'NONE', *, *, #993, .T. ) ;
#1862 = ORIENTED_EDGE ( 'NONE', *, *, #2555, .T. ) ;
#1863 = DIRECTION ( 'NONE',  ( -0.6234898018587431423, -0.7818314824680221431, 0.000000000000000000 ) ) ;
#1864 = CARTESIAN_POINT ( 'NONE',  ( -34.70721404747430228, -4.517664558464133506, -5.524679704034233474 ) ) ;
#1865 = CARTESIAN_POINT ( 'NONE',  ( 3.145494546082087783, -10.85811257262470697, 8.000000000000000000 ) ) ;
#1866 = ADVANCED_FACE ( 'NONE', ( #836 ), #194, .F. ) ;
#1867 = CARTESIAN_POINT ( 'NONE',  ( -14.06146842816380271, -5.256931112300977205, 0.4665652560019972750 ) ) ;
#1868 = CARTESIAN_POINT ( 'NONE',  ( -9.391593627763741736, -6.779778416569320676, 3.224815851137015521 ) ) ;
#1869 = DIRECTION ( 'NONE',  ( 1.000000000000000000, 0.000000000000000000, -0.000000000000000000 ) ) ;
#1870 = CARTESIAN_POINT ( 'NONE',  ( 2.444989274007608238, 28.59978426613331592, 0.2827642305349036822 ) ) ;
#1871 = B_SPLINE_CURVE_WITH_KNOTS ( 'NONE', 3,
 ( #1879, #725, #1651, #1426, #268, #360, #1709, #1935, #2653, #2606 ),
 .UNSPECIFIED., .F., .F.,
 ( 4, 2, 2, 2, 4 ),
 ( 0.000000000000000000, 0.002272853290933331272, 0.004545706581866662543, 0.006818559872799993815, 0.009091413163733325087 ),
 .UNSPECIFIED. ) ;
#1872 = CARTESIAN_POINT ( 'NONE',  ( 7.982542379008528144, -12.70720363609449954, 2.119968921921238980 ) ) ;
#1873 = EDGE_CURVE ( 'NONE', #225, #237, #1142, .T. ) ;
#1874 = DIRECTION ( 'NONE',  ( 1.000000000000000000, 0.000000000000000000, 0.000000000000000000 ) ) ;
#1875 = CARTESIAN_POINT ( 'NONE',  ( -32.42454439790672183, -13.21887646601073030, 0.4192849016937433282 ) ) ;
#1876 = ORIENTED_EDGE ( 'NONE', *, *, #610, .F. ) ;
#1877 = ORIENTED_EDGE ( 'NONE', *, *, #1519, .T. ) ;
#1878 = CARTESIAN_POINT ( 'NONE',  ( 33.05957740469022355, -11.49192507038290145, -8.000000000000000000 ) ) ;
#1879 = CARTESIAN_POINT ( 'NONE',  ( 13.53489484999767001, 6.465804002558885877, 8.000000000000000000 ) ) ;
#1880 = CARTESIAN_POINT ( 'NONE',  ( 12.25652963647550919, -5.639899178026968052, 8.000000000000000000 ) ) ;
#1881 = ORIENTED_EDGE ( 'NONE', *, *, #2648, .F. ) ;
#1882 = PRODUCT_DEFINITION ( 'UNKNOWN', '', #2950, #2191 ) ;
#1883 = AXIS2_PLACEMENT_3D ( 'NONE', #945, #2062, #242 ) ;
#1884 = CARTESIAN_POINT ( 'NONE',  ( -26.90161936792914688, -26.80998627307149107, 8.000000000000000000 ) ) ;
#1885 = CARTESIAN_POINT ( 'NONE',  ( -34.77180944683271946, -3.990146337310809255, -8.000000000000000000 ) ) ;
#1886 = CARTESIAN_POINT ( 'NONE',  ( -9.315490239813490447, 11.75677003228095607, 8.000000000000000000 ) ) ;
#1887 = CIRCLE ( 'NONE', #234, 15.00000000000000000 ) ;
#1888 = CARTESIAN_POINT ( 'NONE',  ( 4.981257572125122657, -14.15210595672762572, -2.644588106495989521 ) ) ;
#1889 = CARTESIAN_POINT ( 'NONE',  ( -18.10754163049104548, -29.95191039149312928, -5.524679704034233474 ) ) ;
#1890 = CARTESIAN_POINT ( 'NONE',  ( -18.01265567369096487, 13.87226418740858414, 0.2827642305349036822 ) ) ;
#1891 = VERTEX_POINT ( 'NONE', #2932 ) ;
#1892 = CARTESIAN_POINT ( 'NONE',  ( 3.779163903639686684, -14.37764346113108971, -8.000000000000000000 ) ) ;
#1893 = DIRECTION ( 'NONE',  ( 1.000000000000000000, 0.000000000000000000, 0.000000000000000000 ) ) ;
#1894 = CARTESIAN_POINT ( 'NONE',  ( -0.000000000000000000, 0.000000000000000000, -8.500000000000000000 ) ) ;
#1895 = EDGE_CURVE ( 'NONE', #1057, #2735, #897, .T. ) ;
#1896 = EDGE_CURVE ( 'NONE', #2123, #2138, #1354, .T. ) ;
#1897 = CARTESIAN_POINT ( 'NONE',  ( 10.82005459170340345, -27.26607372150546382, 0.2827642305349036822 ) ) ;
#1898 = CARTESIAN_POINT ( 'NONE',  ( 8.659019751689086775, 2.838689973607531947, -8.000000000000000000 ) ) ;
#1899 = PLANE ( 'NONE',  #2031 ) ;
#1900 = CARTESIAN_POINT ( 'NONE',  ( -14.81645153178125796, 2.418780083618253141, 5.573481401886230202 ) ) ;
#1901 = EDGE_CURVE ( 'NONE', #814, #2101, #1540, .T. ) ;
#1902 = AXIS2_PLACEMENT_3D ( 'NONE', #473, #2543, #2076 ) ;
#1903 = CARTESIAN_POINT ( 'NONE',  ( 3.318684408944559294, 34.84230666580254621, -5.524679704034233474 ) ) ;
#1904 = CARTESIAN_POINT ( 'NONE',  ( 11.74784164565763689, -32.96975097036753510, -7.164237005979457784 ) ) ;
#1905 = ORIENTED_EDGE ( 'NONE', *, *, #1607, .F. ) ;
#1906 = CIRCLE ( 'NONE', #501, 15.00000000000000000 ) ;
#1907 = CARTESIAN_POINT ( 'NONE',  ( -14.61184055358148193, -24.70667416420289442, 0.2827642305349036822 ) ) ;
#1908 = CARTESIAN_POINT ( 'NONE',  ( -31.53391037658455431, 15.18593086911478274, -8.500000000000000000 ) ) ;
#1909 = CARTESIAN_POINT ( 'NONE',  ( -7.545151142946540546, 8.418042457086766461, 8.000000000000000000 ) ) ;
#1910 = CARTESIAN_POINT ( 'NONE',  ( 4.304952382303429914, -15.54448975280039136, -8.000000000000000000 ) ) ;
#1911 = ORIENTED_EDGE ( 'NONE', *, *, #509, .F. ) ;
#1912 = EDGE_CURVE ( 'NONE', #802, #2150, #2119, .T. ) ;
#1913 = CARTESIAN_POINT ( 'NONE',  ( 24.13327728423949026, -24.97638569577041423, 3.224815851137015521 ) ) ;
#1914 = CARTESIAN_POINT ( 'NONE',  ( 13.78403828390232100, -5.916104173179781434, -7.500000000000000000 ) ) ;
#1915 = CARTESIAN_POINT ( 'NONE',  ( -7.139603231536073125, 8.633081662009297830, 8.000000000000000000 ) ) ;
#1916 = CARTESIAN_POINT ( 'NONE',  ( 8.714418000063242076, -12.21691147557410240, 3.078114295877809603 ) ) ;
#1917 = EDGE_CURVE ( 'NONE', #340, #2966, #2948, .T. ) ;
#1918 = CARTESIAN_POINT ( 'NONE',  ( 2.795508265405438397, -14.73720236469764444, 8.000000000000000000 ) ) ;
#1919 = CARTESIAN_POINT ( 'NONE',  ( 0.000000000000000000, 0.000000000000000000, -8.000000000000000000 ) ) ;
#1920 = ORIENTED_EDGE ( 'NONE', *, *, #287, .T. ) ;
#1921 = CARTESIAN_POINT ( 'NONE',  ( 2.645869886402630211, -10.87748263819472605, 8.000000000000000000 ) ) ;
#1922 = CARTESIAN_POINT ( 'NONE',  ( -37.72339148987364865, -4.704982653468716691, -8.000000000000014211 ) ) ;
#1923 = CARTESIAN_POINT ( 'NONE',  ( 5.156918015939374378, -14.08714420847444870, -4.321607816158863358 ) ) ;
#1924 = ORIENTED_EDGE ( 'NONE', *, *, #287, .F. ) ;
#1925 = CARTESIAN_POINT ( 'NONE',  ( 12.76006265607775170, 32.60434646975568995, 7.449193149968814431 ) ) ;
#1926 = CARTESIAN_POINT ( 'NONE',  ( -6.613806028927438518, -9.129767836007617987, 8.000000000000007105 ) ) ;
#1927 = CARTESIAN_POINT ( 'NONE',  ( 1.038356836843163711, 14.96719229146470376, -1.516390412386840358 ) ) ;
#1928 = CARTESIAN_POINT ( 'NONE',  ( -10.75840538934757618, 10.45457549840893385, -4.321607816158868687 ) ) ;
#1929 = VECTOR ( 'NONE', #1247, 999.9999999999998863 ) ;
#1930 = FACE_OUTER_BOUND ( 'NONE', #992, .T. ) ;
#1931 = APPROVAL ( #437, 'UNSPECIFIED' ) ;
#1932 = CARTESIAN_POINT ( 'NONE',  ( 12.23534800946010925, 8.680367110966889399, -3.195909463663646921 ) ) ;
#1933 = ORIENTED_EDGE ( 'NONE', *, *, #2417, .F. ) ;
#1934 = CARTESIAN_POINT ( 'NONE',  ( -10.07123156972727251, -16.01727618588270374, 0.2827642305349036822 ) ) ;
#1935 = CARTESIAN_POINT ( 'NONE',  ( 14.96848607348955973, 1.129720224563055542, 2.816397064507388581 ) ) ;
#1936 = FACE_OUTER_BOUND ( 'NONE', #1564, .T. ) ;
#1937 = VERTEX_POINT ( 'NONE', #247 ) ;
#1938 = CARTESIAN_POINT ( 'NONE',  ( 21.71321319391438465, -23.20944492946529891, 3.224815851137011968 ) ) ;
#1939 = CARTESIAN_POINT ( 'NONE',  ( -17.94102060108902563, 30.06728624776976844, 7.397404424007218537 ) ) ;
#1940 = CARTESIAN_POINT ( 'NONE',  ( 10.60551810041972409, 4.311551045445529695, -8.000000000000000000 ) ) ;
#1941 = ORIENTED_EDGE ( 'NONE', *, *, #263, .F. ) ;
#1942 = CARTESIAN_POINT ( 'NONE',  ( 0.5414202733157436054, 15.87054141547345587, 0.2827642305349036822 ) ) ;
#1943 = FACE_OUTER_BOUND ( 'NONE', #2748, .T. ) ;
#1944 = CARTESIAN_POINT ( 'NONE',  ( 8.995810851486515602, 12.02023685430753552, 2.222765198464041081 ) ) ;
#1945 = FACE_OUTER_BOUND ( 'NONE', #1383, .T. ) ;
#1946 = ORIENTED_EDGE ( 'NONE', *, *, #2685, .T. ) ;
#1947 = CIRCLE ( 'NONE', #987, 35.00000000000000000 ) ;
#1948 = DIRECTION ( 'NONE',  ( 0.000000000000000000, 0.000000000000000000, -1.000000000000000000 ) ) ;
#1949 = CARTESIAN_POINT ( 'NONE',  ( 0.000000000000000000, 0.000000000000000000, -8.500000000000000000 ) ) ;
#1950 = CARTESIAN_POINT ( 'NONE',  ( 13.25099698996505992, -7.051297894365850638, 7.346459557191719725 ) ) ;
#1951 = CIRCLE ( 'NONE', #2725, 15.00000000000000000 ) ;
#1952 = ORIENTED_EDGE ( 'NONE', *, *, #2667, .T. ) ;
#1953 = CARTESIAN_POINT ( 'NONE',  ( -13.39751964628169922, 0.2548729416489460275, 8.000000000000000000 ) ) ;
#1954 = EDGE_CURVE ( 'NONE', #197, #1186, #2366, .T. ) ;
#1955 = CARTESIAN_POINT ( 'NONE',  ( -9.720491190554191974, -33.68145153242845424, 0.9420795734925835330 ) ) ;
#1956 = CARTESIAN_POINT ( 'NONE',  ( 4.627058583514462420, 14.28969787687160853, 7.545709053802005961 ) ) ;
#1957 = EDGE_LOOP ( 'NONE', ( #1881, #1861, #1924, #2677 ) ) ;
#1958 = CARTESIAN_POINT ( 'NONE',  ( -1.928858434484433060, 34.16796840911058553, 0.2827642305349036822 ) ) ;
#1959 = CARTESIAN_POINT ( 'NONE',  ( 34.83029573435039339, -3.916757932307517454, -0.1656752426352127161 ) ) ;
#1960 = CARTESIAN_POINT ( 'NONE',  ( -34.79688636972452542, 3.765195741588926559, 8.000000000000000000 ) ) ;
#1961 = CARTESIAN_POINT ( 'NONE',  ( -10.92265866929998452, -10.31129623214827618, 7.108868673853903530 ) ) ;
#1962 = CARTESIAN_POINT ( 'NONE',  ( -34.69359436060089052, 4.719791611512836660, 7.397404424007218537 ) ) ;
#1963 = EDGE_LOOP ( 'NONE', ( #2108, #1113, #2808, #1594 ) ) ;
#1964 = CARTESIAN_POINT ( 'NONE',  ( -6.563401251797605696, 9.380205253815850241, -8.000000000000000000 ) ) ;
#1965 = CARTESIAN_POINT ( 'NONE',  ( -18.41456099166087057, -8.139403358136902966, 3.224815851137015521 ) ) ;
#1966 = CARTESIAN_POINT ( 'NONE',  ( -33.01349961232288166, 11.66338184668164146, 3.962532186685888469 ) ) ;
#1967 = VERTEX_POINT ( 'NONE', #2516 ) ;
#1968 = CARTESIAN_POINT ( 'NONE',  ( -25.29410085553058707, 20.51120990577782877, 0.2827642305348989082 ) ) ;
#1969 = CARTESIAN_POINT ( 'NONE',  ( -13.36340474612999252, 6.828052239703010784, 3.546588811310949385 ) ) ;
#1970 = CARTESIAN_POINT ( 'NONE',  ( 20.10259153692758360, -28.67011663622807660, 0.4192849016937498785 ) ) ;
#1971 = ADVANCED_FACE ( 'NONE', ( #2746 ), #1153, .T. ) ;
#1972 = VERTEX_POINT ( 'NONE', #2308 ) ;
#1973 = FACE_OUTER_BOUND ( 'NONE', #2883, .T. ) ;
#1974 = CIRCLE ( 'NONE', #382, 1.000000000000000888 ) ;
#1975 = CARTESIAN_POINT ( 'NONE',  ( 3.779163903639686684, -14.37764346113108971, -8.000000000000000000 ) ) ;
#1976 = CARTESIAN_POINT ( 'NONE',  ( -18.13316721860040204, -29.93640336817828995, -8.000000000000000000 ) ) ;
#1977 = CARTESIAN_POINT ( 'NONE',  ( -32.35551060757266129, 13.38407388381674323, 2.706526749215311778 ) ) ;
#1978 = ORIENTED_EDGE ( 'NONE', *, *, #1707, .T. ) ;
#1979 = CARTESIAN_POINT ( 'NONE',  ( 15.00000000000000711, -0.3900554618974658716, 3.508728405392382399 ) ) ;
#1980 = VECTOR ( 'NONE', #793, 1000.000000000000227 ) ;
#1981 = CARTESIAN_POINT ( 'NONE',  ( -19.89384973017618918, -32.40004720193532961, -7.999999999999992895 ) ) ;
#1982 = CARTESIAN_POINT ( 'NONE',  ( 28.05778875863993704, 20.92755779259817217, -3.714856427062246613 ) ) ;
#1983 = VERTEX_POINT ( 'NONE', #1380 ) ;
#1984 = ORIENTED_EDGE ( 'NONE', *, *, #341, .F. ) ;
#1985 = LINE ( 'NONE', #180, #434 ) ;
#1986 = CARTESIAN_POINT ( 'NONE',  ( -6.694099181059226744, -9.036719847509580461, 8.000000000000000000 ) ) ;
#1987 = CARTESIAN_POINT ( 'NONE',  ( 32.01699993645674880, 20.51302283566350226, -8.000000000000000000 ) ) ;
#1988 = ORIENTED_EDGE ( 'NONE', *, *, #2503, .T. ) ;
#1989 = ORIENTED_EDGE ( 'NONE', *, *, #116, .F. ) ;
#1990 = CARTESIAN_POINT ( 'NONE',  ( 14.93184053487414076, 1.428334078949855535, 5.438045384095286039 ) ) ;
#1991 = DIRECTION ( 'NONE',  ( 0.9009688679024216995, 0.4338837391175525693, 0.000000000000000000 ) ) ;
#1992 = EDGE_CURVE ( 'NONE', #1348, #2861, #1209, .T. ) ;
#1993 = CARTESIAN_POINT ( 'NONE',  ( -31.53391037658476037, -15.18593086911434220, 1.645377140003622118 ) ) ;
#1994 = PERSON_AND_ORGANIZATION ( #2223, #334 ) ;
#1995 = ORIENTED_EDGE ( 'NONE', *, *, #733, .F. ) ;
#1996 = CARTESIAN_POINT ( 'NONE',  ( -25.64291496339211562, -23.83911743096085090, 7.449193149968813543 ) ) ;
#1997 = DIRECTION ( 'NONE',  ( 1.000000000000000000, 0.000000000000000000, -0.000000000000000000 ) ) ;
#1998 = CARTESIAN_POINT ( 'NONE',  ( 0.000000000000000000, -0.000000000000000000, -8.500000000000000000 ) ) ;
#1999 = ORIENTED_EDGE ( 'NONE', *, *, #2165, .T. ) ;
#2000 = VERTEX_POINT ( 'NONE', #691 ) ;
#2001 = DIRECTION ( 'NONE',  ( 0.000000000000000000, 0.000000000000000000, 1.000000000000000000 ) ) ;
#2002 = VECTOR ( 'NONE', #2307, 1000.000000000000000 ) ;
#2003 = CARTESIAN_POINT ( 'NONE',  ( 3.318684408944559294, 34.84230666580254621, -5.524679704034233474 ) ) ;
#2004 = CARTESIAN_POINT ( 'NONE',  ( 10.44568815595471101, 12.50664549602535125, 3.224815851137016409 ) ) ;
#2005 = ORIENTED_EDGE ( 'NONE', *, *, #1130, .F. ) ;
#2006 = ORIENTED_EDGE ( 'NONE', *, *, #1151, .T. ) ;
#2007 = CARTESIAN_POINT ( 'NONE',  ( 28.96059564409640785, 19.66552534069029790, -6.930229541439419272 ) ) ;
#2008 = CARTESIAN_POINT ( 'NONE',  ( 13.78403828390232100, -5.916104173179781434, -7.500000000000000000 ) ) ;
#2009 = CARTESIAN_POINT ( 'NONE',  ( -7.788232688470682064, 34.12247692636390184, 1.645377140003623895 ) ) ;
#2010 = APPLICATION_PROTOCOL_DEFINITION ( 'international standard', 'config_control_design', 1994, #917 ) ;
#2011 = CARTESIAN_POINT ( 'NONE',  ( -11.23889464704801178, -0.4006451806610536459, 8.000000000000000000 ) ) ;
#2012 = CARTESIAN_POINT ( 'NONE',  ( -19.73723950718630959, -32.48043697995871071, -8.000000000000000000 ) ) ;
#2013 = CARTESIAN_POINT ( 'NONE',  ( 2.161452899078078804, -14.85617226783530143, 6.739465476555198009 ) ) ;
#2014 = ORIENTED_EDGE ( 'NONE', *, *, #1554, .F. ) ;
#2015 = CARTESIAN_POINT ( 'NONE',  ( -12.37167542148908872, 32.75457369522841589, 4.444858693061858546 ) ) ;
#2016 = CARTESIAN_POINT ( 'NONE',  ( 2.833316680734843107, 14.59352691752916797, -8.000000000000000000 ) ) ;
#2017 = CARTESIAN_POINT ( 'NONE',  ( 14.93184053487414076, 1.428334078949855535, 5.438045384095286039 ) ) ;
#2018 = ORIENTED_EDGE ( 'NONE', *, *, #2799, .F. ) ;
#2019 = DIRECTION ( 'NONE',  ( 0.000000000000000000, 0.000000000000000000, 1.000000000000000000 ) ) ;
#2020 = CARTESIAN_POINT ( 'NONE',  ( -14.98976904291632195, 0.5539169974170289334, 8.000000000000000000 ) ) ;
#2021 = CARTESIAN_POINT ( 'NONE',  ( 10.82292478745155506, -15.25821148109239900, 3.224815851137015521 ) ) ;
#2022 = CARTESIAN_POINT ( 'NONE',  ( 29.52898978373264782, 18.78975850647665879, -7.164237005979457784 ) ) ;
#2023 = B_SPLINE_SURFACE_WITH_KNOTS ( 'NONE', 3, 3, ( 
 ( #976, #1205, #2797, #2087 ),
 ( #2343, #1400, #272, #288 ),
 ( #2826, #1456, #1416, #1219 ),
 ( #2371, #13, #2783, #745 ),
 ( #1855, #934, #488, #1443 ),
 ( #53, #3001, #2316, #40 ),
 ( #1669, #2584, #989, #946 ) ),
 .UNSPECIFIED., .F., .F., .F.,
 ( 4, 1, 1, 1, 4 ),
 ( 4, 4 ),
 ( 0.006786499710591128998, 0.1295974546841656971, 0.2524084096577401404, 0.3752193646313147779, 0.4980303196048893044 ),
 ( 0.000000000000000000, 1.000000000000000000 ),
 .UNSPECIFIED. ) ;
#2024 = APPROVAL_DATE_TIME ( #1522, #1931 ) ;
#2025 = CARTESIAN_POINT ( 'NONE',  ( 15.00000000000000355, 1.951563910473907981E-15, 3.914301974718839006 ) ) ;
#2026 = EDGE_CURVE ( 'NONE', #1983, #814, #2305, .T. ) ;
#2027 = CARTESIAN_POINT ( 'NONE',  ( -1.930124340018274820, -14.87530235094631692, 5.438045384095286039 ) ) ;
#2028 = CARTESIAN_POINT ( 'NONE',  ( 29.50399999999996581, 10.24999999999998757, 7.999999999999988454 ) ) ;
#2029 = EDGE_LOOP ( 'NONE', ( #153, #834 ) ) ;
#2030 = ORIENTED_EDGE ( 'NONE', *, *, #1244, .F. ) ;
#2031 = AXIS2_PLACEMENT_3D ( 'NONE', #2811, #516, #2886 ) ;
#2032 = CARTESIAN_POINT ( 'NONE',  ( -17.53533559820852972, 30.30469622294703314, 7.449193149969522310 ) ) ;
#2033 = B_SPLINE_CURVE_WITH_KNOTS ( 'NONE', 3,
 ( #1800, #2772, #1365, #660 ),
 .UNSPECIFIED., .F., .F.,
 ( 4, 4 ),
 ( 0.000000000000000000, 0.0005326445540414779297 ),
 .UNSPECIFIED. ) ;
#2034 = CARTESIAN_POINT ( 'NONE',  ( 0.000000000000000000, 0.000000000000000000, 8.500000000000000000 ) ) ;
#2035 = CARTESIAN_POINT ( 'NONE',  ( 15.00000000000000355, 1.951563910473907981E-15, 3.914301974718839006 ) ) ;
#2036 = CC_DESIGN_APPROVAL ( #2729, ( #2950 ) ) ;
#2037 = ORIENTED_EDGE ( 'NONE', *, *, #777, .T. ) ;
#2038 = CARTESIAN_POINT ( 'NONE',  ( -9.492728361005225324, 30.33199745157623539, 3.224815851137011968 ) ) ;
#2039 = DIRECTION ( 'NONE',  ( 1.000000000000000000, -8.881784197001252323E-16, 0.000000000000000000 ) ) ;
#2040 = CARTESIAN_POINT ( 'NONE',  ( -3.607987977273011904, 34.81723015750938544, -0.9441851375371572708 ) ) ;
#2041 = CARTESIAN_POINT ( 'NONE',  ( -34.71106746130021037, -4.487961196029495170, -8.000000000000000000 ) ) ;
#2042 = CARTESIAN_POINT ( 'NONE',  ( 36.02901679024154902, -12.12852325702540313, -8.000000000000014211 ) ) ;
#2043 = VERTEX_POINT ( 'NONE', #506 ) ;
#2044 = VERTEX_POINT ( 'NONE', #1859 ) ;
#2045 = CARTESIAN_POINT ( 'NONE',  ( 29.14342722930020813, -5.306786095228954281, 0.2827642305349045704 ) ) ;
#2046 = CARTESIAN_POINT ( 'NONE',  ( 21.82214306505602508, 27.36410188638075880, 1.995833495980585903 ) ) ;
#2047 = CARTESIAN_POINT ( 'NONE',  ( 11.62756055139472622, -33.01211649718401020, -8.000000000000000000 ) ) ;
#2048 = EDGE_CURVE ( 'NONE', #708, #1983, #1644, .T. ) ;
#2049 = CYLINDRICAL_SURFACE ( 'NONE', #80, 15.00000000000000000 ) ;
#2050 = CIRCLE ( 'NONE', #2374, 15.00000000000000000 ) ;
#2051 = CARTESIAN_POINT ( 'NONE',  ( -20.99734571873586120, 18.92864761398926987, -0.4362067782112100667 ) ) ;
#2052 = VECTOR ( 'NONE', #1132, 1000.000000000000114 ) ;
#2053 = CARTESIAN_POINT ( 'NONE',  ( 10.17831399240936108, -4.680380065614901497, 8.000000000000000000 ) ) ;
#2054 = CALENDAR_DATE ( 2025, 24, 11 ) ;
#2055 = DIRECTION ( 'NONE',  ( 0.000000000000000000, 0.000000000000000000, 1.000000000000000000 ) ) ;
#2056 = CARTESIAN_POINT ( 'NONE',  ( 2.748934801628210245, -14.75645894784885392, 7.346459557191717948 ) ) ;
#2057 = EDGE_LOOP ( 'NONE', ( #1952, #2236, #1653, #2298, #1563 ) ) ;
#2058 = VERTEX_POINT ( 'NONE', #478 ) ;
#2059 = CARTESIAN_POINT ( 'NONE',  ( 33.15825044483143103, -11.20638360861877736, -6.338578789089837073 ) ) ;
#2060 = DIRECTION ( 'NONE',  ( -0.000000000000000000, -0.000000000000000000, -1.000000000000000000 ) ) ;
#2061 = DIRECTION ( 'NONE',  ( 0.000000000000000000, 0.000000000000000000, 1.000000000000000000 ) ) ;
#2062 = DIRECTION ( 'NONE',  ( 0.000000000000000000, 0.000000000000000000, 1.000000000000000000 ) ) ;
#2063 = ADVANCED_FACE ( 'NONE', ( #1406 ), #2318, .T. ) ;
#2064 = CARTESIAN_POINT ( 'NONE',  ( -26.12879642296112692, 23.30188140496193938, -5.940280989077892926 ) ) ;
#2065 = CARTESIAN_POINT ( 'NONE',  ( 7.960230917773554182, -8.383927182685159352, 3.224815851137018186 ) ) ;
#2066 = DIRECTION ( 'NONE',  ( -0.03874013114004151714, 0.9992493193589137013, -0.000000000000000000 ) ) ;
#2067 = CARTESIAN_POINT ( 'NONE',  ( -10.62312941087727225, 12.13725249834453379, -8.000000000000000000 ) ) ;
#2068 = ORIENTED_EDGE ( 'NONE', *, *, #1050, .F. ) ;
#2069 = ORIENTED_EDGE ( 'NONE', *, *, #2417, .T. ) ;
#2070 = DIRECTION ( 'NONE',  ( -0.000000000000000000, 0.000000000000000000, -1.000000000000000000 ) ) ;
#2071 = CARTESIAN_POINT ( 'NONE',  ( 3.666750264757991484, -24.30319927653802381, 8.000000000000000000 ) ) ;
#2072 = LINE ( 'NONE', #1583, #1688 ) ;
#2073 = CARTESIAN_POINT ( 'NONE',  ( 13.55478457449368435, -6.424003046315284848, -7.500000000000000000 ) ) ;
#2074 = ADVANCED_FACE ( 'NONE', ( #2787 ), #2576, .F. ) ;
#2075 = AXIS2_PLACEMENT_3D ( 'NONE', #1998, #1775, #634 ) ;
#2076 = DIRECTION ( 'NONE',  ( 0.9009688679024157043, -0.4338837391175651148, 0.000000000000000000 ) ) ;
#2077 = FACE_OUTER_BOUND ( 'NONE', #1489, .T. ) ;
#2078 = EDGE_CURVE ( 'NONE', #2058, #427, #1086, .T. ) ;
#2079 = CARTESIAN_POINT ( 'NONE',  ( -2.803680905400680601, -14.74253225120075506, 4.483122568578509437 ) ) ;
#2080 = CARTESIAN_POINT ( 'NONE',  ( -34.19000807715681844, -7.532265741953619198, -4.100155817227371990 ) ) ;
#2081 = ORIENTED_EDGE ( 'NONE', *, *, #2306, .F. ) ;
#2082 = VERTEX_POINT ( 'NONE', #30 ) ;
#2083 = CARTESIAN_POINT ( 'NONE',  ( 15.35215646250163424, -4.059373434840003902, 0.2827642305349036822 ) ) ;
#2084 = CARTESIAN_POINT ( 'NONE',  ( -4.715169862995541195, 14.23963388444726164, 5.438045384095286039 ) ) ;
#2085 = DIRECTION ( 'NONE',  ( -0.9689519246673603536, 0.2472492015829738099, 0.000000000000000000 ) ) ;
#2086 = CARTESIAN_POINT ( 'NONE',  ( 14.79118623220722739, -2.569751158495510612, -0.8858215973068983562 ) ) ;
#2087 = CARTESIAN_POINT ( 'NONE',  ( 12.60510445681447322, 35.82713818060295807, 8.000000000000000000 ) ) ;
#2088 = CARTESIAN_POINT ( 'NONE',  ( -0.000000000000000000, 0.000000000000000000, -8.000000000000000000 ) ) ;
#2089 = ADVANCED_FACE ( 'NONE', ( #275 ), #2508, .T. ) ;
#2090 = AXIS2_PLACEMENT_3D ( 'NONE', #1334, #2945, #879 ) ;
#2091 = CARTESIAN_POINT ( 'NONE',  ( 18.65408952540674647, -29.67348037593012577, -0.1656752426352106622 ) ) ;
#2092 = CARTESIAN_POINT ( 'NONE',  ( -25.47367434190323010, 24.00585074983111866, -5.158510619863095670 ) ) ;
#2093 = AXIS2_PLACEMENT_3D ( 'NONE', #633, #1093, #208 ) ;
#2094 = DIRECTION ( 'NONE',  ( 0.000000000000000000, -0.000000000000000000, 1.000000000000000000 ) ) ;
#2095 = CARTESIAN_POINT ( 'NONE',  ( -23.95479244388400275, 17.42610823736814751, 0.2827642305349045704 ) ) ;
#2096 = VERTEX_POINT ( 'NONE', #1735 ) ;
#2097 = ORIENTED_EDGE ( 'NONE', *, *, #699, .T. ) ;
#2098 = CARTESIAN_POINT ( 'NONE',  ( -9.287086006681530392, -11.60813270127734143, -8.000000000000000000 ) ) ;
#2099 = CARTESIAN_POINT ( 'NONE',  ( 9.630496019267223318, 11.50897172730392271, 3.546588811310951161 ) ) ;
#2100 = CARTESIAN_POINT ( 'NONE',  ( 8.699621402109508850, -7.647484142303919263, 3.224815851137015521 ) ) ;
#2101 = VERTEX_POINT ( 'NONE', #1918 ) ;
#2102 = CARTESIAN_POINT ( 'NONE',  ( 18.98001615951003274, 29.08597430870440448, 3.224815851137015521 ) ) ;
#2103 = PLANE ( 'NONE',  #1812 ) ;
#2104 = CARTESIAN_POINT ( 'NONE',  ( 2.174847548734795577, 14.84561922684611091, -5.872181075905484882 ) ) ;
#2105 = CARTESIAN_POINT ( 'NONE',  ( -25.17164638856565517, 24.31847483065107696, -5.524679704034233474 ) ) ;
#2106 = CARTESIAN_POINT ( 'NONE',  ( -8.799457664656088696, -12.15766904124923542, -4.990522911709040166 ) ) ;
#2107 = CARTESIAN_POINT ( 'NONE',  ( -14.61966601534333243, -3.376498789530332001, 0.1104061731797429252 ) ) ;
#2108 = ORIENTED_EDGE ( 'NONE', *, *, #217, .F. ) ;
#2109 = CARTESIAN_POINT ( 'NONE',  ( 3.096172516840984823, -10.86002474994009326, 8.000000000000000000 ) ) ;
#2110 = B_SPLINE_CURVE_WITH_KNOTS ( 'NONE', 3,
 ( #2016, #622, #2938, #2463 ),
 .UNSPECIFIED., .F., .F.,
 ( 4, 4 ),
 ( 0.000000000000000000, 0.0005438207838968588635 ),
 .UNSPECIFIED. ) ;
#2111 = CARTESIAN_POINT ( 'NONE',  ( 4.188005983433883195, -37.74828598045140637, 8.000000000000000000 ) ) ;
#2112 = FACE_OUTER_BOUND ( 'NONE', #901, .T. ) ;
#2113 = ORIENTED_EDGE ( 'NONE', *, *, #1701, .F. ) ;
#2114 = CIRCLE ( 'NONE', #818, 15.00000000000000000 ) ;
#2115 = CARTESIAN_POINT ( 'NONE',  ( 12.87426579737224230, -35.77884390203427500, -8.000000000000000000 ) ) ;
#2116 = EDGE_CURVE ( 'NONE', #654, #707, #2162, .T. ) ;
#2117 = CARTESIAN_POINT ( 'NONE',  ( 13.76375117213176225, -5.963371482397051615, -7.676535189758888933 ) ) ;
#2118 = LINE ( 'NONE', #41, #331 ) ;
#2119 = CIRCLE ( 'NONE', #1402, 35.00000000000000000 ) ;
#2120 = CARTESIAN_POINT ( 'NONE',  ( -14.99992610721220387, 0.04708267381567810689, 8.000000000000000000 ) ) ;
#2121 = CARTESIAN_POINT ( 'NONE',  ( 11.82903801476142114, 9.234929129146079774, -2.116152478499250478 ) ) ;
#2122 = CARTESIAN_POINT ( 'NONE',  ( 13.53489484999767001, 6.465804002558885877, 8.000000000000000000 ) ) ;
#2123 = VERTEX_POINT ( 'NONE', #1459 ) ;
#2124 = CYLINDRICAL_SURFACE ( 'NONE', #2890, 14.00000000000000000 ) ;
#2125 = CARTESIAN_POINT ( 'NONE',  ( 23.28213010077084633, -26.15087093626379300, 2.987318143446628493 ) ) ;
#2126 = CARTESIAN_POINT ( 'NONE',  ( -6.125025726047432784, -6.542910276364664490, -8.000000000000000000 ) ) ;
#2127 = CARTESIAN_POINT ( 'NONE',  ( 21.00644799053408462, -20.67117684557408097, 3.224815851137015077 ) ) ;
#2128 = EDGE_LOOP ( 'NONE', ( #562, #277, #2081, #885 ) ) ;
#2129 = CARTESIAN_POINT ( 'NONE',  ( 13.88877948738210755, -5.672065745795014102, -6.588558862345902156 ) ) ;
#2130 = CARTESIAN_POINT ( 'NONE',  ( 13.59716445508489180, -6.009644755503829039, -8.000000000000000000 ) ) ;
#2131 = CARTESIAN_POINT ( 'NONE',  ( -8.393253344049664832, 12.44712944373645591, 6.739465476555198009 ) ) ;
#2132 = EDGE_CURVE ( 'NONE', #1014, #1198, #2614, .T. ) ;
#2133 = EDGE_LOOP ( 'NONE', ( #607, #1978 ) ) ;
#2134 = CARTESIAN_POINT ( 'NONE',  ( -30.67397444352745950, 16.97160623378924882, 0.9420795734925830889 ) ) ;
#2135 = CIRCLE ( 'NONE', #2422, 35.00000000000000000 ) ;
#2136 = CARTESIAN_POINT ( 'NONE',  ( 3.383699779535685348, 14.61336976203538462, 8.000000000000000000 ) ) ;
#2137 = CARTESIAN_POINT ( 'NONE',  ( 14.71364077470320453, -6.810559495291719223, -8.000000000000007105 ) ) ;
#2138 = VERTEX_POINT ( 'NONE', #1448 ) ;
#2139 = CARTESIAN_POINT ( 'NONE',  ( -2.788252570584595080, -13.62558235286681452, 3.224815851137015521 ) ) ;
#2140 = CARTESIAN_POINT ( 'NONE',  ( -4.990213828700018617, -22.46567034980743927, 3.224815851137013745 ) ) ;
#2141 = CARTESIAN_POINT ( 'NONE',  ( 17.83334232283221610, -31.87407529649699711, 0.2827642305349036822 ) ) ;
#2142 = ORIENTED_EDGE ( 'NONE', *, *, #1265, .T. ) ;
#2143 = CARTESIAN_POINT ( 'NONE',  ( -27.12317125405122198, 26.64968990271619376, -8.000000000000000000 ) ) ;
#2144 = CARTESIAN_POINT ( 'NONE',  ( -14.07285439328876286, 5.191798265080524999, 5.438045384095286039 ) ) ;
#2145 = CARTESIAN_POINT ( 'NONE',  ( 2.653022507709546840, 14.77162290617424034, -4.990522911709035725 ) ) ;
#2146 = APPROVAL ( #2963, 'UNSPECIFIED' ) ;
#2147 = CARTESIAN_POINT ( 'NONE',  ( 3.428782123509038104, -14.60285770489820223, -7.500000000000000000 ) ) ;
#2148 = CARTESIAN_POINT ( 'NONE',  ( 6.239222072657830687, 13.65585159771942614, 5.014484434763340381 ) ) ;
#2149 = CARTESIAN_POINT ( 'NONE',  ( 9.926964945255530637, 1.451355366445245432, 3.224815851137015521 ) ) ;
#2150 = VERTEX_POINT ( 'NONE', #338 ) ;
#2151 = B_SPLINE_CURVE_WITH_KNOTS ( 'NONE', 3,
 ( #1976, #1574, #1074, #880, #2500, #1351, #595, #2487, #158, #613, #2946, #1558 ),
 .UNSPECIFIED., .F., .F.,
 ( 4, 2, 2, 2, 2, 4 ),
 ( 0.000000000000000000, 0.003720511712334881749, 0.007441023424669766101, 0.009301279280837210228, 0.01116153513700465436, 0.01488204684933954608 ),
 .UNSPECIFIED. ) ;
#2152 = CARTESIAN_POINT ( 'NONE',  ( -5.530622585873076424, -7.327878207562523727, 0.2827642305349036822 ) ) ;
#2153 = CARTESIAN_POINT ( 'NONE',  ( -4.607907744473896727, -31.44692588086596530, 3.224815851137011968 ) ) ;
#2154 = CARTESIAN_POINT ( 'NONE',  ( 11.41383007706618002, 33.08662090591693783, 8.000000000000000000 ) ) ;
#2155 = B_SPLINE_CURVE_WITH_KNOTS ( 'NONE', 3,
 ( #79, #2902, #361, #1710, #376, #1982, #1695, #1758, #94, #1257 ),
 .UNSPECIFIED., .F., .F.,
 ( 4, 2, 2, 2, 4 ),
 ( 0.01295364877508940055, 0.01975498717547203437, 0.02315565637566335128, 0.02485599097575900973, 0.02655632557585466819 ),
 .UNSPECIFIED. ) ;
#2156 = CARTESIAN_POINT ( 'NONE',  ( -20.83578585305914643, 19.74324341400975058, 0.2827642305349036822 ) ) ;
#2157 = CARTESIAN_POINT ( 'NONE',  ( -14.16132712522516890, -32.02076572262149767, -2.025248799603498018 ) ) ;
#2158 = CARTESIAN_POINT ( 'NONE',  ( 6.402406605768879544, 9.626250616062939969, 3.224815851137018186 ) ) ;
#2159 = EDGE_CURVE ( 'NONE', #1712, #2368, #1163, .T. ) ;
#2160 = CARTESIAN_POINT ( 'NONE',  ( 26.00936663138941540, 23.42538088386494977, -2.058150132034112900 ) ) ;
#2161 = CARTESIAN_POINT ( 'NONE',  ( -34.70721404747430228, -4.517664558464133506, -5.524679704034233474 ) ) ;
#2162 = LINE ( 'NONE', #2389, #1980 ) ;
#2163 = CARTESIAN_POINT ( 'NONE',  ( 16.29086922749393551, -0.3690019341343432902, 3.224815851137016409 ) ) ;
#2164 = VERTEX_POINT ( 'NONE', #1689 ) ;
#2165 = EDGE_CURVE ( 'NONE', #2203, #2216, #135, .T. ) ;
#2166 = CARTESIAN_POINT ( 'NONE',  ( 0.000000000000000000, 0.000000000000000000, -7.500000000000000000 ) ) ;
#2167 = CARTESIAN_POINT ( 'NONE',  ( -37.70406170233270160, -4.800852103235964563, -8.000000000000000000 ) ) ;
#2168 = DIRECTION ( 'NONE',  ( -0.3986543788984936443, -0.9171012409680058264, -0.000000000000000000 ) ) ;
#2169 = VERTEX_POINT ( 'NONE', #531 ) ;
#2170 = ORIENTED_EDGE ( 'NONE', *, *, #16, .F. ) ;
#2171 = CARTESIAN_POINT ( 'NONE',  ( 12.98126322152447010, -35.73063017134192876, -8.000000000000014211 ) ) ;
#2172 = CARTESIAN_POINT ( 'NONE',  ( -16.21152329080697996, -0.2479073971056412473, -8.000000000000007105 ) ) ;
#2173 = CARTESIAN_POINT ( 'NONE',  ( 12.72813077170276586, -32.61048411239276135, -6.930229541439417495 ) ) ;
#2174 = ORIENTED_EDGE ( 'NONE', *, *, #524, .T. ) ;
#2175 = CARTESIAN_POINT ( 'NONE',  ( 2.865873262361979368, 15.87295017105815376, -8.000000000000000000 ) ) ;
#2176 = EDGE_CURVE ( 'NONE', #1580, #1348, #56, .T. ) ;
#2177 = CARTESIAN_POINT ( 'NONE',  ( 34.18132094449625669, -7.579316541570859656, -2.678269550534982280 ) ) ;
#2178 = LINE ( 'NONE', #106, #2237 ) ;
#2179 = CARTESIAN_POINT ( 'NONE',  ( 7.380510184776441385, 13.07433533084141608, 3.904338265262627505 ) ) ;
#2180 = CARTESIAN_POINT ( 'NONE',  ( -12.83339253152125892, -7.765567341276129021, 5.438045384095286039 ) ) ;
#2181 = ORIENTED_EDGE ( 'NONE', *, *, #2159, .F. ) ;
#2182 = AXIS2_PLACEMENT_3D ( 'NONE', #354, #2364, #612 ) ;
#2183 = CARTESIAN_POINT ( 'NONE',  ( 14.92544117302540663, -1.541904975874647921, 2.274739992393649768 ) ) ;
#2184 = EDGE_CURVE ( 'NONE', #2000, #1057, #1007, .T. ) ;
#2185 = CARTESIAN_POINT ( 'NONE',  ( -6.854685485322891125, -8.850623870513514291, 8.000000000000000000 ) ) ;
#2186 = B_SPLINE_CURVE_WITH_KNOTS ( 'NONE', 3,
 ( #714, #258, #2557, #2327, #1192, #27, #730, #1655, #2570, #502, #1430, #2907, #1969, #2398, #1513, #2144 ),
 .UNSPECIFIED., .F., .F.,
 ( 4, 2, 2, 2, 2, 2, 2, 4 ),
 ( 2.602085213965210642E-18, 0.003830341015245730153, 0.005745511522868593929, 0.007660682030491457704, 0.009575852538114323215, 0.01149102304573718439, 0.01340619355336004903, 0.01532136406098291714 ),
 .UNSPECIFIED. ) ;
#2187 = CARTESIAN_POINT ( 'NONE',  ( -34.62626849138327856, 5.184991617113682949, 7.449193149968817096 ) ) ;
#2188 = ORIENTED_EDGE ( 'NONE', *, *, #534, .F. ) ;
#2189 = DIRECTION ( 'NONE',  ( -0.6234898018587432533, -0.7818314824680220321, 0.000000000000000000 ) ) ;
#2190 = CARTESIAN_POINT ( 'NONE',  ( -14.98812122817560244, -0.5990557694712688175, -7.676535189758888933 ) ) ;
#2191 = DESIGN_CONTEXT ( 'detailed design', #2941, 'design' ) ;
#2192 = CARTESIAN_POINT ( 'NONE',  ( 17.48625978631007527, -30.32305742781887048, -1.675414736673140892 ) ) ;
#2193 = VERTEX_POINT ( 'NONE', #546 ) ;
#2194 = ORIENTED_EDGE ( 'NONE', *, *, #1842, .T. ) ;
#2195 = CARTESIAN_POINT ( 'NONE',  ( 21.82214306505562362, -27.36410188638107144, 1.645377140003625449 ) ) ;
#2196 = CARTESIAN_POINT ( 'NONE',  ( -1.930124340018274820, -14.87530235094631692, 5.438045384095286039 ) ) ;
#2197 = CARTESIAN_POINT ( 'NONE',  ( -27.27350024556458763, -21.95759779208782803, 5.767642362634803455 ) ) ;
#2198 = CARTESIAN_POINT ( 'NONE',  ( 13.11579089525917396, -5.007948769550441881, 0.2827642305349010732 ) ) ;
#2199 = ORIENTED_EDGE ( 'NONE', *, *, #2934, .F. ) ;
#2200 = CARTESIAN_POINT ( 'NONE',  ( -29.70237945173234806, -18.53899370676989378, 3.962532186685890245 ) ) ;
#2201 = CARTESIAN_POINT ( 'NONE',  ( -19.94605313783945988, -32.37325060926085740, -8.000000000000000000 ) ) ;
#2202 = CARTESIAN_POINT ( 'NONE',  ( -14.91009128135592832, 5.251604272976662102E-16, -7.914407842107163304 ) ) ;
#2203 = VERTEX_POINT ( 'NONE', #578 ) ;
#2204 = VERTEX_POINT ( 'NONE', #1502 ) ;
#2205 = CARTESIAN_POINT ( 'NONE',  ( -34.05370376397709720, 12.30287544209305572, 3.224815851137015521 ) ) ;
#2206 = CARTESIAN_POINT ( 'NONE',  ( -13.98978681198824070, -1.178722461703815894, 0.2827642305349010732 ) ) ;
#2207 = CARTESIAN_POINT ( 'NONE',  ( 4.380765830675946937, 8.186053176081717453, 3.224815851137015521 ) ) ;
#2208 = ORIENTED_EDGE ( 'NONE', *, *, #1005, .F. ) ;
#2209 = EDGE_CURVE ( 'NONE', #1824, #2368, #604, .T. ) ;
#2210 = CARTESIAN_POINT ( 'NONE',  ( 26.49580818905429780, 22.18357491089752287, 0.2827642305349071794 ) ) ;
#2211 = CARTESIAN_POINT ( 'NONE',  ( -17.00001064284160890, 26.24920270641560904, 7.999999999999998224 ) ) ;
#2212 = B_SPLINE_CURVE_WITH_KNOTS ( 'NONE', 3,
 ( #882, #650, #1353, #2265 ),
 .UNSPECIFIED., .F., .F.,
 ( 4, 4 ),
 ( 0.1065940371341894816, 0.8108127872970233296 ),
 .UNSPECIFIED. ) ;
#2213 = DIRECTION ( 'NONE',  ( 1.000000000000000000, 0.000000000000000000, 0.000000000000000000 ) ) ;
#2214 = DIRECTION ( 'NONE',  ( 1.000000000000000000, 0.000000000000000000, 0.000000000000000000 ) ) ;
#2215 = DATE_AND_TIME ( #2930, #971 ) ;
#2216 = VERTEX_POINT ( 'NONE', #2419 ) ;
#2217 = CARTESIAN_POINT ( 'NONE',  ( -31.53391037658477458, -15.18593086911431911, 1.995833495980579242 ) ) ;
#2218 = AXIS2_PLACEMENT_3D ( 'NONE', #216, #1098, #1840 ) ;
#2219 = DIRECTION ( 'NONE',  ( 0.000000000000000000, 0.000000000000000000, 1.000000000000000000 ) ) ;
#2220 = EDGE_CURVE ( 'NONE', #654, #1580, #2151, .T. ) ;
#2221 = CARTESIAN_POINT ( 'NONE',  ( 36.05803358048305540, -12.01480853288398798, -8.000000000000000000 ) ) ;
#2222 = ORIENTED_EDGE ( 'NONE', *, *, #1327, .F. ) ;
#2223 = PERSON ( 'UNSPECIFIED', 'UNSPECIFIED', 'UNSPECIFIED', ('UNSPECIFIED'), ('UNSPECIFIED'), ('UNSPECIFIED') ) ;
#2224 = CARTESIAN_POINT ( 'NONE',  ( -27.23639454558709616, 26.51489463347665421, -7.999999999999988454 ) ) ;
#2225 = DIRECTION ( 'NONE',  ( -0.000000000000000000, -0.000000000000000000, -1.000000000000000000 ) ) ;
#2226 = CARTESIAN_POINT ( 'NONE',  ( 2.110289163990205719, 11.04626403326377471, 8.000000000000000000 ) ) ;
#2227 = ORIENTED_EDGE ( 'NONE', *, *, #1954, .F. ) ;
#2228 = ORIENTED_EDGE ( 'NONE', *, *, #1895, .F. ) ;
#2229 = CARTESIAN_POINT ( 'NONE',  ( -37.64148411389774651, 4.808188193403357680, 8.000000000000000000 ) ) ;
#2230 = EDGE_CURVE ( 'NONE', #1198, #1797, #190, .T. ) ;
#2231 = DIRECTION ( 'NONE',  ( 1.000000000000000000, 0.000000000000000000, 0.000000000000000000 ) ) ;
#2232 = CARTESIAN_POINT ( 'NONE',  ( -3.399789856970379276, 13.48600295790300052, 3.224815851137015521 ) ) ;
#2233 = CARTESIAN_POINT ( 'NONE',  ( 14.56050565573308120, -3.619639649857971264, -0.3547093648019271073 ) ) ;
#2234 = DIRECTION ( 'NONE',  ( -0.2225209339563050392, 0.9749279121818257288, 0.000000000000000000 ) ) ;
#2235 = CARTESIAN_POINT ( 'NONE',  ( 3.291895353769564103, -14.63432352313663820, 8.000000000000000000 ) ) ;
#2236 = ORIENTED_EDGE ( 'NONE', *, *, #419, .T. ) ;
#2237 = VECTOR ( 'NONE', #1073, 1000.000000000000114 ) ;
#2238 = CARTESIAN_POINT ( 'NONE',  ( -29.00936335759005757, 21.15118198225123436, 0.2827642305349036822 ) ) ;
#2239 = EDGE_CURVE ( 'NONE', #1712, #225, #1226, .T. ) ;
#2240 = CIRCLE ( 'NONE', #592, 1.000000000000000888 ) ;
#2241 = CARTESIAN_POINT ( 'NONE',  ( -20.30408634756004105, -6.310363658320567559, 2.382906051918966650 ) ) ;
#2242 = CARTESIAN_POINT ( 'NONE',  ( -13.32033083015367936, -6.926723141907203285, 2.222765198464041525 ) ) ;
#2243 = ORIENTED_EDGE ( 'NONE', *, *, #2446, .F. ) ;
#2244 = ORIENTED_EDGE ( 'NONE', *, *, #207, .F. ) ;
#2245 = EDGE_CURVE ( 'NONE', #1823, #2193, #643, .T. ) ;
#2246 = CARTESIAN_POINT ( 'NONE',  ( -5.251461749321932437, 22.40604221672749574, 3.224815851137013745 ) ) ;
#2247 = B_SPLINE_CURVE_WITH_KNOTS ( 'NONE', 3,
 ( #2988, #1135, #2064, #920, #2528, #1603, #1119, #219, #863, #627, #1150, #2713 ),
 .UNSPECIFIED., .F., .F.,
 ( 4, 2, 2, 2, 2, 4 ),
 ( 0.000000000000000000, 0.003720511712334890857, 0.007441023424669781713, 0.009301279280837225841, 0.01116153513700466823, 0.01488204684933954955 ),
 .UNSPECIFIED. ) ;
#2248 = CARTESIAN_POINT ( 'NONE',  ( 8.224811363367670936, -22.34448530235577124, 0.2827642305349024054 ) ) ;
#2249 = CARTESIAN_POINT ( 'NONE',  ( 29.59705817977298281, 18.68192032696672911, -8.000000000000000000 ) ) ;
#2250 = PERSON_AND_ORGANIZATION_ROLE ( 'design_supplier' ) ;
#2251 = CARTESIAN_POINT ( 'NONE',  ( 14.48011571679418097, -3.925769877564525334, -0.8244749309217538347 ) ) ;
#2252 = CARTESIAN_POINT ( 'NONE',  ( -14.12512765402878578, -33.74152288061036842, 0.2827642305349036822 ) ) ;
#2253 = CARTESIAN_POINT ( 'NONE',  ( 23.01283613170691211, 0.1339831988385485062, 3.224815851137013745 ) ) ;
#2254 = EDGE_LOOP ( 'NONE', ( #886, #1034, #1528, #1905, #1742 ) ) ;
#2255 = ORIENTED_EDGE ( 'NONE', *, *, #1917, .T. ) ;
#2256 = CARTESIAN_POINT ( 'NONE',  ( 3.346571294350498604, -14.57423451510174317, -7.848557316184820110 ) ) ;
#2257 = LINE ( 'NONE', #1826, #649 ) ;
#2258 = DIRECTION ( 'NONE',  ( 0.000000000000000000, 0.000000000000000000, 1.000000000000000000 ) ) ;
#2259 = ORIENTED_EDGE ( 'NONE', *, *, #2268, .T. ) ;
#2260 = CARTESIAN_POINT ( 'NONE',  ( -8.153949179848263284, 10.63351332633484425, 8.000000000000000000 ) ) ;
#2261 = LINE ( 'NONE', #689, #2002 ) ;
#2262 = DIRECTION ( 'NONE',  ( 0.000000000000000000, 0.000000000000000000, 1.000000000000000000 ) ) ;
#2263 = B_SPLINE_SURFACE_WITH_KNOTS ( 'NONE', 3, 3, ( 
 ( #1654, #487, #1377, #1884 ),
 ( #1191, #2795, #728, #2568 ),
 ( #2740, #448, #1601, #2326 ),
 ( #1640, #271, #500, #2290 ),
 ( #933, #1388, #713, #2315 ),
 ( #2512, #905, #1868, #2554 ),
 ( #2767, #1414, #1399, #2342 ) ),
 .UNSPECIFIED., .F., .F., .F.,
 ( 4, 1, 1, 1, 4 ),
 ( 4, 4 ),
 ( 0.006786499710591128998, 0.1295974546841656971, 0.2524084096577401404, 0.3752193646313147779, 0.4980303196048893044 ),
 ( 0.000000000000000000, 1.000000000000000000 ),
 .UNSPECIFIED. ) ;
#2264 = PERSON_AND_ORGANIZATION_ROLE ( 'creator' ) ;
#2265 = CARTESIAN_POINT ( 'NONE',  ( 14.93184053487414076, 1.428334078949855535, 5.438045384095286039 ) ) ;
#2266 = DIRECTION ( 'NONE',  ( 1.000000000000000000, 0.000000000000000000, 0.000000000000000000 ) ) ;
#2267 = CARTESIAN_POINT ( 'NONE',  ( -2.889560207302348527, -14.73299523918168674, 2.222765198464041525 ) ) ;
#2268 = EDGE_CURVE ( 'NONE', #125, #1032, #1194, .T. ) ;
#2269 = ORIENTED_EDGE ( 'NONE', *, *, #2761, .F. ) ;
#2270 = VERTEX_POINT ( 'NONE', #1105 ) ;
#2271 = VECTOR ( 'NONE', #2085, 1000.000000000000000 ) ;
#2272 = CARTESIAN_POINT ( 'NONE',  ( 7.741812300395745972, -4.515524037666319934, -8.000000000000000000 ) ) ;
#2273 = CARTESIAN_POINT ( 'NONE',  ( -9.033168642768368173, 1.199436575108467684, -8.000000000000000000 ) ) ;
#2274 = CARTESIAN_POINT ( 'NONE',  ( 3.308366815762926016, 14.58295443803183566, -7.848557316184820110 ) ) ;
#2275 = LOCAL_TIME ( 13, 3, 4.000000000000000000, #896 ) ;
#2276 = ORIENTED_EDGE ( 'NONE', *, *, #2990, .T. ) ;
#2277 = DIRECTION ( 'NONE',  ( 0.2225209339563050670, -0.9749279121818258398, 0.000000000000000000 ) ) ;
#2278 = CARTESIAN_POINT ( 'NONE',  ( 10.22687944171365260, -4.614389958632435729, 8.000000000000001776 ) ) ;
#2279 = CARTESIAN_POINT ( 'NONE',  ( 2.700538017184942241, 14.75490069155800299, -7.500000000000000000 ) ) ;
#2280 = PERSON_AND_ORGANIZATION ( #2223, #334 ) ;
#2281 = B_SPLINE_CURVE_WITH_KNOTS ( 'NONE', 3,
 ( #2855, #2007, #85, #1052, #1700, #2160, #791, #2628, #557, #335, #2401, #1264 ),
 .UNSPECIFIED., .F., .F.,
 ( 4, 2, 2, 2, 2, 4 ),
 ( 0.000000000000000000, 0.003720511712334893459, 0.007441023424669786918, 0.009301279280837231045, 0.01116153513700467344, 0.01488204684933954781 ),
 .UNSPECIFIED. ) ;
#2282 = CARTESIAN_POINT ( 'NONE',  ( -8.893468743677381383, -12.02191555084358221, -7.847903733154811157 ) ) ;
#2283 = CARTESIAN_POINT ( 'NONE',  ( 10.01599999999999646, 4.999999999999999112, 8.000000000000000000 ) ) ;
#2284 = ORIENTED_EDGE ( 'NONE', *, *, #951, .T. ) ;
#2285 = VERTEX_POINT ( 'NONE', #895 ) ;
#2286 = ADVANCED_FACE ( 'NONE', ( #2715 ), #1813, .T. ) ;
#2287 = DIRECTION ( 'NONE',  ( 0.000000000000000000, 0.000000000000000000, 1.000000000000000000 ) ) ;
#2288 = CARTESIAN_POINT ( 'NONE',  ( -37.64776290949285453, -5.080075777096010547, -8.000000000000000000 ) ) ;
#2289 = CARTESIAN_POINT ( 'NONE',  ( -11.12898484833921309, -10.07588355093327870, 5.573481401886232867 ) ) ;
#2290 = CARTESIAN_POINT ( 'NONE',  ( -16.71482492305229428, -18.01957769679775367, 8.000000000000000000 ) ) ;
#2291 = CIRCLE ( 'NONE', #694, 14.86602540378443749 ) ;
#2292 = B_SPLINE_SURFACE_WITH_KNOTS ( 'NONE', 3, 3, ( 
 ( #2908, #2399, #2207, #860 ),
 ( #1940, #606, #1498, #2641 ),
 ( #1746, #1018, #2158, #1532 ),
 ( #1312, #380, #1514, #2226 ),
 ( #151, #83, #2004, #1298 ),
 ( #2923, #132, #2413, #1067 ),
 ( #1987, #1262, #2611, #2659 ) ),
 .UNSPECIFIED., .F., .F., .F.,
 ( 4, 1, 1, 1, 4 ),
 ( 4, 4 ),
 ( 0.5023027204582327654, 0.5648746995237949875, 0.6274466785893570986, 0.6900186576549193207, 0.7525906367204815428 ),
 ( 0.000000000000000000, 1.000000000000000000 ),
 .UNSPECIFIED. ) ;
#2293 = CARTESIAN_POINT ( 'NONE',  ( 29.71725411218982771, -18.49012731247508157, 8.000000000000000000 ) ) ;
#2294 = CARTESIAN_POINT ( 'NONE',  ( 0.8407049270087322279, -9.073587992194978469, -8.000000000000000000 ) ) ;
#2295 = CARTESIAN_POINT ( 'NONE',  ( -14.96104271428170307, 1.331291646853640209, 7.545709053802005961 ) ) ;
#2296 = CARTESIAN_POINT ( 'NONE',  ( -11.15620706034329679, 3.115520867138923400, 3.224815851137015521 ) ) ;
#2297 = ORIENTED_EDGE ( 'NONE', *, *, #2741, .T. ) ;
#2298 = ORIENTED_EDGE ( 'NONE', *, *, #341, .T. ) ;
#2299 = EDGE_CURVE ( 'NONE', #1891, #308, #750, .T. ) ;
#2300 = CARTESIAN_POINT ( 'NONE',  ( 9.171229857808926411, 1.845793913484767623, 3.224815851137015521 ) ) ;
#2301 = LINE ( 'NONE', #1909, #407 ) ;
#2302 = CARTESIAN_POINT ( 'NONE',  ( 13.38366363072528920, -6.471186840569933096, -8.000000000000000000 ) ) ;
#2303 = CARTESIAN_POINT ( 'NONE',  ( 13.17622284024335855, 6.883739025429998826, -8.000000000000000000 ) ) ;
#2304 = CARTESIAN_POINT ( 'NONE',  ( -6.216814212462187683, 13.67400904785706750, 6.256391282027653489 ) ) ;
#2305 = B_SPLINE_CURVE_WITH_KNOTS ( 'NONE', 3,
 ( #1434, #235, #2106, #3, #2346, #1848, #464, #1647, #952, #451, #1392, #1168, #1421, #2079, #967, #937 ),
 .UNSPECIFIED., .F., .F.,
 ( 4, 2, 2, 2, 2, 2, 2, 4 ),
 ( 3.127317220692750759E-18, 0.003830341015245725383, 0.005745511522868589592, 0.007660682030491453368, 0.009575852538114316276, 0.01149102304573718092, 0.01340619355336004556, 0.01532136406098291020 ),
 .UNSPECIFIED. ) ;
#2306 = EDGE_CURVE ( 'NONE', #956, #1069, #678, .T. ) ;
#2307 = DIRECTION ( 'NONE',  ( -0.000000000000000000, -0.000000000000000000, 1.000000000000000000 ) ) ;
#2308 = CARTESIAN_POINT ( 'NONE',  ( -9.643134728494535679, 11.31409138703065942, -8.000000000000000000 ) ) ;
#2309 = CARTESIAN_POINT ( 'NONE',  ( -6.884989410467517779, 8.997346198544464713, -8.000000000000000000 ) ) ;
#2310 = ORIENTED_EDGE ( 'NONE', *, *, #133, .T. ) ;
#2311 = ORIENTED_EDGE ( 'NONE', *, *, #721, .F. ) ;
#2312 = CARTESIAN_POINT ( 'NONE',  ( 10.10696332542872433, -5.119043869430224269, -8.000000000000000000 ) ) ;
#2313 = CARTESIAN_POINT ( 'NONE',  ( 11.70685601902808592, 9.385355647264022494, 0.1104061731797444379 ) ) ;
#2314 = CARTESIAN_POINT ( 'NONE',  ( -14.95735766563248603, -1.183141475515895991, -5.872181075905484882 ) ) ;
#2315 = CARTESIAN_POINT ( 'NONE',  ( -11.62142770061392660, -13.62437340866092228, 8.000000000000000000 ) ) ;
#2316 = CARTESIAN_POINT ( 'NONE',  ( 5.519897868836319610, 10.18322904409244600, 3.224815851137015521 ) ) ;
#2317 = CARTESIAN_POINT ( 'NONE',  ( -13.72062065266820952, 6.095512760625656057, 2.222765198464041525 ) ) ;
#2318 = CYLINDRICAL_SURFACE ( 'NONE', #1314, 35.00000000000000000 ) ;
#2319 = CARTESIAN_POINT ( 'NONE',  ( 11.62756055139472622, -33.01211649718401020, -8.000000000000000000 ) ) ;
#2320 = VERTEX_POINT ( 'NONE', #2798 ) ;
#2321 = ORIENTED_EDGE ( 'NONE', *, *, #1166, .F. ) ;
#2322 = PLANE ( 'NONE',  #2838 ) ;
#2323 = CARTESIAN_POINT ( 'NONE',  ( 3.927378124095926015, -31.02574262849476483, 7.999999999999998224 ) ) ;
#2324 = CARTESIAN_POINT ( 'NONE',  ( 33.22084453904000156, -11.01705442089385656, -8.000000000000000000 ) ) ;
#2325 = ORIENTED_EDGE ( 'NONE', *, *, #2609, .T. ) ;
#2326 = CARTESIAN_POINT ( 'NONE',  ( -21.80822214549076676, -22.41478198493464546, 7.999999999999998224 ) ) ;
#2327 = CARTESIAN_POINT ( 'NONE',  ( -10.43051243901012803, 10.78259028187619606, -3.221397401971960672 ) ) ;
#2328 = CARTESIAN_POINT ( 'NONE',  ( 1.926850411041189259, 14.87773808146341459, -3.221397401971962449 ) ) ;
#2329 = CIRCLE ( 'NONE', #454, 35.00000000000000000 ) ;
#2330 = CARTESIAN_POINT ( 'NONE',  ( 12.93916791589189685, -32.52338933248825015, -4.791033894966110651 ) ) ;
#2331 = CARTESIAN_POINT ( 'NONE',  ( 10.42656684687983670, -10.78363128948436689, 5.438045384095286039 ) ) ;
#2332 = CIRCLE ( 'NONE', #2093, 35.00000000000000000 ) ;
#2333 = ADVANCED_FACE ( 'NONE', ( #1177 ), #1417, .T. ) ;
#2334 = CARTESIAN_POINT ( 'NONE',  ( -0.000000000000000000, 0.000000000000000000, -8.500000000000000000 ) ) ;
#2335 = CARTESIAN_POINT ( 'NONE',  ( -14.99162052567629821, -0.7004896307197768790, -4.990522911709036613 ) ) ;
#2336 = EDGE_LOOP ( 'NONE', ( #2789, #1356, #1293, #1608, #1271, #2467 ) ) ;
#2337 = EDGE_CURVE ( 'NONE', #1748, #2138, #2645, .T. ) ;
#2338 = DIRECTION ( 'NONE',  ( -0.9009688679024216995, -0.4338837391175525693, 0.000000000000000000 ) ) ;
#2339 = CARTESIAN_POINT ( 'NONE',  ( -3.691358767729955748, -33.74727134424459507, 3.224815851137015521 ) ) ;
#2340 = CYLINDRICAL_SURFACE ( 'NONE', #966, 35.00000000000000000 ) ;
#2341 = EDGE_LOOP ( 'NONE', ( #1211, #1253, #780, #1684, #456, #1999, #1170, #1449, #2656, #2706, #1462, #1911, #653, #1622, #2432, #666, #2018, #929, #2194, #2174 ) ) ;
#2342 = CARTESIAN_POINT ( 'NONE',  ( -6.528030478175499418, -9.229169120524050030, 8.000000000000000000 ) ) ;
#2343 = CARTESIAN_POINT ( 'NONE',  ( 29.76880170572700024, 19.43888119049258023, -8.000000000000000000 ) ) ;
#2344 = CARTESIAN_POINT ( 'NONE',  ( -4.306478084903194947, 14.37496398990874091, 4.949283202396101977 ) ) ;
#2345 = CARTESIAN_POINT ( 'NONE',  ( 4.018876294074853028, -14.45987569246526938, -4.990522911709035725 ) ) ;
#2346 = CARTESIAN_POINT ( 'NONE',  ( -7.958798683541409069, -12.71819773101357320, -2.644588106495991298 ) ) ;
#2347 = CARTESIAN_POINT ( 'NONE',  ( -5.015919410262643652, 7.427393048644434614, -8.000000000000000000 ) ) ;
#2348 = EDGE_LOOP ( 'NONE', ( #119, #1370, #2705, #1639, #1155 ) ) ;
#2349 = CARTESIAN_POINT ( 'NONE',  ( -13.85507238960578213, -23.25844116781619775, 0.2827642305349036822 ) ) ;
#2350 = CARTESIAN_POINT ( 'NONE',  ( -7.373772661874309797, -14.06395027947733034, 0.2827642305349036822 ) ) ;
#2351 = EDGE_CURVE ( 'NONE', #1797, #1649, #1439, .T. ) ;
#2352 = CARTESIAN_POINT ( 'NONE',  ( 34.99999999999998579, 2.602085213965209853E-15, 1.645377140003621452 ) ) ;
#2353 = ORIENTED_EDGE ( 'NONE', *, *, #844, .T. ) ;
#2354 = CARTESIAN_POINT ( 'NONE',  ( 11.96016288348834067, -6.042598504725987141, 8.000000000000000000 ) ) ;
#2355 = FACE_OUTER_BOUND ( 'NONE', #2133, .T. ) ;
#2356 = CARTESIAN_POINT ( 'NONE',  ( -3.178530986467378305, 14.67164475591581763, 1.651199456445374469 ) ) ;
#2357 = AXIS2_PLACEMENT_3D ( 'NONE', #1656, #1457, #1642 ) ;
#2358 = CARTESIAN_POINT ( 'NONE',  ( -7.788232688484802324, 34.12247692636068308, 1.995833495988298401 ) ) ;
#2359 = EDGE_CURVE ( 'NONE', #2966, #2903, #2118, .T. ) ;
#2360 = CARTESIAN_POINT ( 'NONE',  ( -0.000000000000000000, 0.000000000000000000, -8.000000000000000000 ) ) ;
#2361 =( LENGTH_UNIT ( ) NAMED_UNIT ( * ) SI_UNIT ( .MILLI., .METRE. ) );
#2362 = ORIENTED_EDGE ( 'NONE', *, *, #200, .T. ) ;
#2363 = CARTESIAN_POINT ( 'NONE',  ( -18.83136919325947289, -30.20169465505601991, -8.000000000000000000 ) ) ;
#2364 = DIRECTION ( 'NONE',  ( 0.000000000000000000, 0.000000000000000000, 1.000000000000000000 ) ) ;
#2365 = CARTESIAN_POINT ( 'NONE',  ( -14.57128114528542362, -25.45957822390352021, 0.2827642305349036822 ) ) ;
#2366 = B_SPLINE_CURVE_WITH_KNOTS ( 'NONE', 3,
 ( #2532, #2758, #926, #1619, #2295, #910 ),
 .UNSPECIFIED., .F., .F.,
 ( 4, 2, 4 ),
 ( 0.000000000000000000, 0.002697738454498586208, 0.005395476908997172416 ),
 .UNSPECIFIED. ) ;
#2367 = CARTESIAN_POINT ( 'NONE',  ( 33.43176287047319306, -10.38105092746575053, -6.930229541439415719 ) ) ;
#2368 = VERTEX_POINT ( 'NONE', #1699 ) ;
#2369 = CC_DESIGN_PERSON_AND_ORGANIZATION_ASSIGNMENT ( #2280, #1075, ( #2702 ) ) ;
#2370 = CARTESIAN_POINT ( 'NONE',  ( 12.03295683261409721, -16.14168186424494777, 3.224815851137015521 ) ) ;
#2371 = CARTESIAN_POINT ( 'NONE',  ( 20.03630996207380832, 12.07457583130259948, -8.000000000000000000 ) ) ;
#2372 = DIRECTION ( 'NONE',  ( -0.000000000000000000, -0.000000000000000000, 1.000000000000000000 ) ) ;
#2373 = CARTESIAN_POINT ( 'NONE',  ( -14.19052542956620577, 4.903029159836846951, 3.353218786557991660 ) ) ;
#2374 = AXIS2_PLACEMENT_3D ( 'NONE', #2928, #1054, #1752 ) ;
#2375 = CARTESIAN_POINT ( 'NONE',  ( 9.488972114807598501, 11.63269647502801440, 1.651199456445375802 ) ) ;
#2376 = CARTESIAN_POINT ( 'NONE',  ( 8.374832304789993742, -3.761352028045908291, 0.2827642305349036822 ) ) ;
#2377 = EDGE_LOOP ( 'NONE', ( #970, #2068, #1063, #2851 ) ) ;
#2378 = PLANE ( 'NONE',  #1446 ) ;
#2379 = CARTESIAN_POINT ( 'NONE',  ( -28.99014497990717842, -4.481501042951514080, 0.2827642305349036822 ) ) ;
#2380 = DIRECTION ( 'NONE',  ( 0.000000000000000000, 0.000000000000000000, 1.000000000000000000 ) ) ;
#2381 = EDGE_LOOP ( 'NONE', ( #2651, #1877, #513, #1696, #146 ) ) ;
#2382 = ADVANCED_FACE ( 'NONE', ( #977 ), #1899, .F. ) ;
#2383 = CARTESIAN_POINT ( 'NONE',  ( 12.04791954089129824, -28.14150848287595608, 0.2827642305349058471 ) ) ;
#2384 = CARTESIAN_POINT ( 'NONE',  ( -16.46854571114370458, -7.016161331320001970, 3.224815851137015521 ) ) ;
#2385 = CARTESIAN_POINT ( 'NONE',  ( 7.518873132172115170, 13.00440240223822563, 5.842662742232564987 ) ) ;
#2386 = CARTESIAN_POINT ( 'NONE',  ( 2.741687833354260473, 10.99265507614741999, -8.000000000000000000 ) ) ;
#2387 = EDGE_CURVE ( 'NONE', #2449, #2000, #1626, .T. ) ;
#2388 = DIRECTION ( 'NONE',  ( 0.000000000000000000, 0.000000000000000000, -1.000000000000000000 ) ) ;
#2389 = CARTESIAN_POINT ( 'NONE',  ( -19.50123306100730147, -32.60158172682268685, -8.000000000000000000 ) ) ;
#2390 = CARTESIAN_POINT ( 'NONE',  ( -13.27424229747243345, -6.999812513560399907, 4.483122568578507661 ) ) ;
#2391 = ORIENTED_EDGE ( 'NONE', *, *, #1635, .F. ) ;
#2392 = LINE ( 'NONE', #1010, #279 ) ;
#2393 = CARTESIAN_POINT ( 'NONE',  ( -35.18705789671629702, -9.994025921444116278, 0.2827642305349036822 ) ) ;
#2394 = CARTESIAN_POINT ( 'NONE',  ( -31.94336317065792130, 14.33569338133516524, 2.497571440916329433 ) ) ;
#2395 = EDGE_LOOP ( 'NONE', ( #362, #2276, #2870, #170 ) ) ;
#2396 = ADVANCED_FACE ( 'NONE', ( #317 ), #366, .T. ) ;
#2397 = CARTESIAN_POINT ( 'NONE',  ( 15.73151438845499861, -30.76781276698739021, 0.2827642305349071794 ) ) ;
#2398 = CARTESIAN_POINT ( 'NONE',  ( -13.74902849435108543, 6.013908816944665503, 4.483122568578512990 ) ) ;
#2399 = CARTESIAN_POINT ( 'NONE',  ( 8.162365966484948387, 4.202542925587719580, 0.2827642305349036822 ) ) ;
#2400 = ORIENTED_EDGE ( 'NONE', *, *, #558, .T. ) ;
#2401 = CARTESIAN_POINT ( 'NONE',  ( 22.67291621545363256, 26.68563293896303179, 1.045696437474294971 ) ) ;
#2402 = AXIS2_PLACEMENT_3D ( 'NONE', #2845, #1223, #995 ) ;
#2404 = CARTESIAN_POINT ( 'NONE',  ( 12.58642787852938127, 8.162307800619496234, -4.321607816158866910 ) ) ;
#2403 = LOCAL_TIME ( 13, 3, 4.000000000000000000, #174 ) ;
#2405 = CARTESIAN_POINT ( 'NONE',  ( 9.888121515161465425, 5.474684935720641299, 8.000000000000000000 ) ) ;
#2406 = ORIENTED_EDGE ( 'NONE', *, *, #1088, .F. ) ;
#2407 = CARTESIAN_POINT ( 'NONE',  ( 14.06502487804378809, -5.227869400815841061, -3.254483653949777011 ) ) ;
#2408 = DIRECTION ( 'NONE',  ( -0.000000000000000000, -0.000000000000000000, -1.000000000000000000 ) ) ;
#2409 = CARTESIAN_POINT ( 'NONE',  ( -25.17164638856565517, 24.31847483065107696, -5.524679704034233474 ) ) ;
#2410 = ORIENTED_EDGE ( 'NONE', *, *, #1335, .T. ) ;
#2411 = CARTESIAN_POINT ( 'NONE',  ( -27.19865344840852472, 26.55982638988983879, -8.000000000000014211 ) ) ;
#2412 = CARTESIAN_POINT ( 'NONE',  ( -14.85810900306707794, -0.4850857233065011820, -8.000000000000000000 ) ) ;
#2413 = CARTESIAN_POINT ( 'NONE',  ( 11.79344867268331853, 13.46677712267949367, 3.224815851137015521 ) ) ;
#2414 = EDGE_LOOP ( 'NONE', ( #2421, #1663, #1324, #2406, #1933, #548 ) ) ;
#2415 = VERTEX_POINT ( 'NONE', #805 ) ;
#2416 = CARTESIAN_POINT ( 'NONE',  ( -10.69677097624490436, 14.36176254019638776, 8.000000000000000000 ) ) ;
#2417 = EDGE_CURVE ( 'NONE', #736, #2169, #2627, .T. ) ;
#2418 = DIRECTION ( 'NONE',  ( -0.9009688679024218105, -0.4338837391175526248, 0.000000000000000000 ) ) ;
#2419 = CARTESIAN_POINT ( 'NONE',  ( -9.779037877730850425, -11.37411175371093641, 8.000000000000000000 ) ) ;
#2420 = CARTESIAN_POINT ( 'NONE',  ( 33.63484897496702075, -11.63871814940294236, -8.000000000000000000 ) ) ;
#2421 = ORIENTED_EDGE ( 'NONE', *, *, #1217, .F. ) ;
#2422 = AXIS2_PLACEMENT_3D ( 'NONE', #2440, #1576, #2489 ) ;
#2423 = CARTESIAN_POINT ( 'NONE',  ( 0.000000000000000000, 0.000000000000000000, 8.000000000000000000 ) ) ;
#2424 = CARTESIAN_POINT ( 'NONE',  ( -37.74658723492277090, -4.589939313747970040, -8.000000000000000000 ) ) ;
#2425 = CARTESIAN_POINT ( 'NONE',  ( -34.73939600628540347, 4.263140288388600041, 8.000000000000000000 ) ) ;
#2426 = AXIS2_PLACEMENT_3D ( 'NONE', #1949, #2408, #1507 ) ;
#2427 = EDGE_CURVE ( 'NONE', #1069, #2164, #330, .T. ) ;
#2428 = ORIENTED_EDGE ( 'NONE', *, *, #1676, .T. ) ;
#2429 = CARTESIAN_POINT ( 'NONE',  ( -32.58017912887951439, 12.03190935936597405, 3.224815851137015521 ) ) ;
#2430 = CARTESIAN_POINT ( 'NONE',  ( -18.75175521953157798, 29.55286240259597008, 8.000000000000000000 ) ) ;
#2431 = CARTESIAN_POINT ( 'NONE',  ( 29.30997815769468318, 19.12917092807371944, -5.524679704034233474 ) ) ;
#2432 = ORIENTED_EDGE ( 'NONE', *, *, #1060, .T. ) ;
#2433 = CARTESIAN_POINT ( 'NONE',  ( 7.699685760187787942, 23.28804206442360325, 8.000000000000014211 ) ) ;
#2434 = CARTESIAN_POINT ( 'NONE',  ( -20.15163047613995673, 32.19292278952517705, 8.000000000000000000 ) ) ;
#2435 = ADVANCED_FACE ( 'NONE', ( #1469 ), #2292, .T. ) ;
#2436 = CARTESIAN_POINT ( 'NONE',  ( 3.968810802290980710, -14.46542570461092581, -7.500000000000000000 ) ) ;
#2437 = CARTESIAN_POINT ( 'NONE',  ( 29.30997815769468318, 19.12917092807371944, -5.524679704034233474 ) ) ;
#2438 = SHAPE_DEFINITION_REPRESENTATION ( #1112, #2542 ) ;
#2439 = ORIENTED_EDGE ( 'NONE', *, *, #2927, .F. ) ;
#2440 = CARTESIAN_POINT ( 'NONE',  ( 0.000000000000000000, 0.000000000000000000, -8.000000000000000000 ) ) ;
#2441 = CARTESIAN_POINT ( 'NONE',  ( 35.00000000000002132, 0.9436924160976842835, 2.497571440916328989 ) ) ;
#2442 = CARTESIAN_POINT ( 'NONE',  ( 6.824778408921150508, -13.36834628718233198, -1.437846474134114594 ) ) ;
#2443 = B_SPLINE_CURVE_WITH_KNOTS ( 'NONE', 3,
 ( #2035, #1133, #2753, #1796, #686, #2017 ),
 .UNSPECIFIED., .F., .F.,
 ( 4, 2, 4 ),
 ( 0.01326910998699252532, 0.01429523702398772210, 0.01532136406098291888 ),
 .UNSPECIFIED. ) ;
#2444 = VERTEX_POINT ( 'NONE', #2854 ) ;
#2445 = CARTESIAN_POINT ( 'NONE',  ( -15.01739060915026336, 31.62879335988732521, 5.909000145679564220 ) ) ;
#2446 = EDGE_CURVE ( 'NONE', #1823, #2449, #1727, .T. ) ;
#2447 = DIRECTION ( 'NONE',  ( -0.000000000000000000, -0.000000000000000000, -1.000000000000000000 ) ) ;
#2448 = CARTESIAN_POINT ( 'NONE',  ( 6.814650503646781488, 13.38610626382056878, 6.256391282027651712 ) ) ;
#2449 = VERTEX_POINT ( 'NONE', #789 ) ;
#2450 = PLANE ( 'NONE',  #625 ) ;
#2451 = CARTESIAN_POINT ( 'NONE',  ( 14.93184053487414076, 1.428334078949855535, 5.438045384095286039 ) ) ;
#2452 = VECTOR ( 'NONE', #2971, 1000.000000000000000 ) ;
#2453 = CARTESIAN_POINT ( 'NONE',  ( -34.08484823578443468, -8.001991095441956858, -2.678269550534982280 ) ) ;
#2454 = CARTESIAN_POINT ( 'NONE',  ( 21.82214306505562362, -27.36410188638107144, 1.645377140003625449 ) ) ;
#2455 = CARTESIAN_POINT ( 'NONE',  ( -25.98883765749276975, -23.46401998073640627, 6.839264579719432469 ) ) ;
#2456 = CARTESIAN_POINT ( 'NONE',  ( -19.59225984017532340, 18.68318684895692172, 0.2827642305349036822 ) ) ;
#2457 = AXIS2_PLACEMENT_3D ( 'NONE', #1578, #870, #618 ) ;
#2458 = CARTESIAN_POINT ( 'NONE',  ( 34.37274967101794942, 6.665923097693472243, 5.417831410484542864 ) ) ;
#2459 = CARTESIAN_POINT ( 'NONE',  ( 36.00483613170692365, -12.22328552714327365, -8.000000000000000000 ) ) ;
#2460 = ORIENTED_EDGE ( 'NONE', *, *, #169, .F. ) ;
#2461 = CARTESIAN_POINT ( 'NONE',  ( -31.53391037658476748, -15.18593086911434398, -8.500000000000000000 ) ) ;
#2462 = B_SPLINE_CURVE_WITH_KNOTS ( 'NONE', 3,
 ( #21, #2059, #958, #1878 ),
 .UNSPECIFIED., .F., .F.,
 ( 4, 4 ),
 ( 0.000000000000000000, 0.002531730358250472088 ),
 .UNSPECIFIED. ) ;
#2463 = CARTESIAN_POINT ( 'NONE',  ( 2.700538017184942241, 14.75490069155800299, -7.500000000000000000 ) ) ;
#2464 = DIRECTION ( 'NONE',  ( -0.000000000000000000, -0.000000000000000000, -1.000000000000000000 ) ) ;
#2465 = CC_DESIGN_PERSON_AND_ORGANIZATION_ASSIGNMENT ( #2471, #2264, ( #2950 ) ) ;
#2466 = ORIENTED_EDGE ( 'NONE', *, *, #2268, .F. ) ;
#2467 = ORIENTED_EDGE ( 'NONE', *, *, #2176, .F. ) ;
#2468 = CARTESIAN_POINT ( 'NONE',  ( 3.924545892985060735, 37.82155906783032151, -8.000000000000000000 ) ) ;
#2469 = CYLINDRICAL_SURFACE ( 'NONE', #2090, 35.00000000000000000 ) ;
#2470 = CARTESIAN_POINT ( 'NONE',  ( 29.43533450966229026, 18.93709820563771373, -6.338578789089836185 ) ) ;
#2471 = PERSON_AND_ORGANIZATION ( #2223, #334 ) ;
#2472 = CARTESIAN_POINT ( 'NONE',  ( 13.64579220744436228, -6.231974983690285796, -6.393003767270289295 ) ) ;
#2473 = DIRECTION ( 'NONE',  ( -0.6234898018587431423, -0.7818314824680221431, 0.000000000000000000 ) ) ;
#2474 = CARTESIAN_POINT ( 'NONE',  ( -5.199835334026752243, -14.08019869475942976, -0.1465085805720034717 ) ) ;
#2475 = ORIENTED_EDGE ( 'NONE', *, *, #1387, .T. ) ;
#2476 = AXIS2_PLACEMENT_3D ( 'NONE', #2423, #1321, #1560 ) ;
#2477 = ORIENTED_EDGE ( 'NONE', *, *, #2927, .T. ) ;
#2478 = CARTESIAN_POINT ( 'NONE',  ( -27.26155527703956594, 26.48494012920120966, -8.000000000000000000 ) ) ;
#2479 = CIRCLE ( 'NONE', #2857, 15.00000000000000000 ) ;
#2480 = CARTESIAN_POINT ( 'NONE',  ( -7.725749799865633705, -19.80882131625461184, 2.382906051918966650 ) ) ;
#2481 = EDGE_CURVE ( 'NONE', #2044, #712, #91, .T. ) ;
#2482 = DIRECTION ( 'NONE',  ( 0.7657181105427651735, -0.6431763173398237221, 0.000000000000000000 ) ) ;
#2483 = EDGE_LOOP ( 'NONE', ( #2749, #2362, #1747, #2547, #875, #727, #1876, #871, #399, #1225, #2014, #76, #807, #395, #1989, #2410, #954, #1837, #1941 ) ) ;
#2484 = CARTESIAN_POINT ( 'NONE',  ( -3.837706212094174951, 19.76405713844458134, 3.224815851137015521 ) ) ;
#2485 = CARTESIAN_POINT ( 'NONE',  ( 8.914462207666215221, -10.67535528215421792, 3.224815851137015521 ) ) ;
#2486 = ADVANCED_FACE ( 'NONE', ( #1600 ), #1386, .T. ) ;
#2487 = CARTESIAN_POINT ( 'NONE',  ( -11.85594516316738201, -32.93468775277965932, -0.9441851375371577149 ) ) ;
#2488 = DATE_AND_TIME ( #1559, #1495 ) ;
#2489 = DIRECTION ( 'NONE',  ( 0.6234898018587333723, -0.7818314824680300257, 0.000000000000000000 ) ) ;
#2490 = CARTESIAN_POINT ( 'NONE',  ( 3.318684408944559294, 34.84230666580254621, -5.524679704034233474 ) ) ;
#2491 = CARTESIAN_POINT ( 'NONE',  ( 31.68867786016104660, -7.505262511303052442, 0.2827642305348989082 ) ) ;
#2492 = ORIENTED_EDGE ( 'NONE', *, *, #243, .T. ) ;
#2493 = ORIENTED_EDGE ( 'NONE', *, *, #263, .T. ) ;
#2494 = CARTESIAN_POINT ( 'NONE',  ( 34.31344311675294279, 6.971238309800600774, 5.254372563775364213 ) ) ;
#2495 = FACE_OUTER_BOUND ( 'NONE', #95, .T. ) ;
#2496 = DIRECTION ( 'NONE',  ( 0.03874013114004121183, -0.9992493193589137013, 0.000000000000000000 ) ) ;
#2497 = CARTESIAN_POINT ( 'NONE',  ( 23.88463760905461797, 15.92010423657812268, 0.2827642305349036822 ) ) ;
#2498 = CARTESIAN_POINT ( 'NONE',  ( -11.61336166684689353, 34.29497506900063541, 3.224815851137015521 ) ) ;
#2499 = CARTESIAN_POINT ( 'NONE',  ( 10.37257578962652893, -4.416419637685006450, 8.000000000000007105 ) ) ;
#2500 = CARTESIAN_POINT ( 'NONE',  ( -14.60948182871972456, -31.81989203591092163, -3.249879930458915211 ) ) ;
#2501 = B_SPLINE_SURFACE_WITH_KNOTS ( 'NONE', 3, 3, ( 
 ( #2201, #1492, #127, #1059 ),
 ( #1452, #2365, #93, #1228 ),
 ( #1981, #2901, #2140, #65 ),
 ( #999, #2835, #1693, #1464 ),
 ( #310, #1242, #2153, #1012 ),
 ( #782, #2622, #550, #1025 ),
 ( #2012, #2252, #2686, #898 ) ),
 .UNSPECIFIED., .F., .F., .F.,
 ( 4, 1, 1, 1, 4 ),
 ( 4, 4 ),
 ( 0.7525906367204815428, 0.8144429775403594363, 0.8762953183602442131, 0.9381476591801221065, 1.000000000000000000 ),
 ( 0.000000000000000000, 1.000000000000000000 ),
 .UNSPECIFIED. ) ;
#2502 = SECURITY_CLASSIFICATION_LEVEL ( 'unclassified' ) ;
#2503 = EDGE_CURVE ( 'NONE', #2620, #1099, #2443, .T. ) ;
#2504 = DIRECTION ( 'NONE',  ( 1.000000000000000000, 0.000000000000000000, 0.000000000000000000 ) ) ;
#2505 = CARTESIAN_POINT ( 'NONE',  ( 36.03868905365536790, -6.262786028542112859, 0.2827642305349036822 ) ) ;
#2506 = ORIENTED_EDGE ( 'NONE', *, *, #1103, .T. ) ;
#2507 = EDGE_LOOP ( 'NONE', ( #615, #681, #2142, #508, #2113, #1294, #2655 ) ) ;
#2508 = TOROIDAL_SURFACE ( 'NONE', #2402, 13.99999999999999822, 1.000000000000000000 ) ;
#2509 = CARTESIAN_POINT ( 'NONE',  ( 10.75506620690210013, -3.643569214710355553, 0.2827642305349036822 ) ) ;
#2510 = CARTESIAN_POINT ( 'NONE',  ( 20.24828564706735889, 28.56605378345036783, 2.706526749215314886 ) ) ;
#2511 = CARTESIAN_POINT ( 'NONE',  ( -9.389111673149232118, -11.69805889834432300, 8.000000000000000000 ) ) ;
#2512 = CARTESIAN_POINT ( 'NONE',  ( -11.32712920001798373, 0.2268521210223931051, -8.000000000000000000 ) ) ;
#2513 = CARTESIAN_POINT ( 'NONE',  ( 3.865885642056825500, 37.82305175388425766, -7.999999999999992895 ) ) ;
#2514 = DIRECTION ( 'NONE',  ( 0.000000000000000000, 0.000000000000000000, 1.000000000000000000 ) ) ;
#2515 = EDGE_CURVE ( 'NONE', #1748, #1972, #2986, .T. ) ;
#2516 = CARTESIAN_POINT ( 'NONE',  ( -14.86600701267616209, 0.02338386254265370501, -8.000000000000000000 ) ) ;
#2517 = CARTESIAN_POINT ( 'NONE',  ( 36.01450839512077096, -12.18538061909614534, -7.999999999999992895 ) ) ;
#2518 = ORIENTED_EDGE ( 'NONE', *, *, #1810, .F. ) ;
#2519 = ORIENTED_EDGE ( 'NONE', *, *, #1419, .F. ) ;
#2520 = CARTESIAN_POINT ( 'NONE',  ( 15.86704754950858387, 2.408940748387533581, 3.224815851137015521 ) ) ;
#2521 = DIRECTION ( 'NONE',  ( 0.6234898018587439195, 0.7818314824680215880, 0.000000000000000000 ) ) ;
#2522 = CARTESIAN_POINT ( 'NONE',  ( -3.064070742160168948, -29.31177032946064287, 3.224815851137015077 ) ) ;
#2523 = ADVANCED_FACE ( 'NONE', ( #1780 ), #2709, .T. ) ;
#2524 = DIRECTION ( 'NONE',  ( 0.2225209339563182231, 0.9749279121818227312, 0.000000000000000000 ) ) ;
#2525 = DIRECTION ( 'NONE',  ( 0.9655755625088209282, 0.2601227269689712074, -0.000000000000000000 ) ) ;
#2526 = AXIS2_PLACEMENT_3D ( 'NONE', #2978, #2514, #450 ) ;
#2527 = B_SPLINE_SURFACE_WITH_KNOTS ( 'NONE', 3, 3, ( 
 ( #2143, #2156, #1002, #1028 ),
 ( #1454, #1016, #2839, #1953 ),
 ( #2867, #1726, #2637, #1496 ),
 ( #2411, #1968, #364, #1343 ),
 ( #2224, #1565, #1295, #1046 ),
 ( #2478, #2238, #2429, #2689 ),
 ( #1744, #887, #2205, #1310 ) ),
 .UNSPECIFIED., .F., .F., .F.,
 ( 4, 1, 1, 1, 4 ),
 ( 4, 4 ),
 ( 0.7525906367204815428, 0.8144429775403594363, 0.8762953183602442131, 0.9381476591801221065, 1.000000000000000000 ),
 ( 0.000000000000000000, 1.000000000000000000 ),
 .UNSPECIFIED. ) ;
#2528 = CARTESIAN_POINT ( 'NONE',  ( -27.77118536727707010, 21.32378371155210317, -3.249879930458915211 ) ) ;
#2529 = CARTESIAN_POINT ( 'NONE',  ( 2.941316020056278013, -10.38749586645055345, 0.2827642305349036822 ) ) ;
#2530 = ADVANCED_FACE ( 'NONE', ( #639 ), #2939, .T. ) ;
#2531 = B_SPLINE_CURVE_WITH_KNOTS ( 'NONE', 3,
 ( #2997, #2779, #2751, #2098 ),
 .UNSPECIFIED., .F., .F.,
 ( 4, 4 ),
 ( 0.000000000000000000, 0.0005326445540414779297 ),
 .UNSPECIFIED. ) ;
#2532 = CARTESIAN_POINT ( 'NONE',  ( -14.07285439328876286, 5.191798265080524999, 5.438045384095286039 ) ) ;
#2533 = CIRCLE ( 'NONE', #498, 35.00000000000000711 ) ;
#2534 = PLANE ( 'NONE',  #2842 ) ;
#2535 = VERTEX_POINT ( 'NONE', #1116 ) ;
#2536 = ORIENTED_EDGE ( 'NONE', *, *, #925, .T. ) ;
#2537 = DIRECTION ( 'NONE',  ( 0.000000000000000000, -0.000000000000000000, -1.000000000000000000 ) ) ;
#2538 = CARTESIAN_POINT ( 'NONE',  ( -19.50123306100730147, -32.60158172682268685, -8.000000000000000000 ) ) ;
#2539 = CARTESIAN_POINT ( 'NONE',  ( 16.56276729145720594, -29.94737550629930567, 0.2827642305349036822 ) ) ;
#2540 = EDGE_CURVE ( 'NONE', #129, #1144, #1041, .T. ) ;
#2541 = CARTESIAN_POINT ( 'NONE',  ( 14.95257399180339242, -1.342885770298595904, 0.4979994012104498879 ) ) ;
#2542 = ADVANCED_BREP_SHAPE_REPRESENTATION ( 'Propeler_Default_sldprt', ( #1830, #1646 ), #1015 ) ;
#2543 = DIRECTION ( 'NONE',  ( -0.000000000000000000, 0.000000000000000000, -1.000000000000000000 ) ) ;
#2544 = CARTESIAN_POINT ( 'NONE',  ( 6.896160567870507130, -13.32709572612059290, 0.6273122612027061118 ) ) ;
#2545 = DIRECTION ( 'NONE',  ( 1.000000000000000000, 0.000000000000000000, 0.000000000000000000 ) ) ;
#2546 = CARTESIAN_POINT ( 'NONE',  ( -11.28581540481289558, -0.6504730799278286568, 8.000000000000000000 ) ) ;
#2547 = ORIENTED_EDGE ( 'NONE', *, *, #2741, .F. ) ;
#2548 = ORIENTED_EDGE ( 'NONE', *, *, #2745, .T. ) ;
#2549 = B_SPLINE_CURVE_WITH_KNOTS ( 'NONE', 3,
 ( #465, #2993, #1849, #2080, #2817, #753, #953, #1393, #1674, #1875, #2788, #2589 ),
 .UNSPECIFIED., .F., .F.,
 ( 4, 2, 2, 2, 2, 4 ),
 ( 0.000000000000000000, 0.003720511712334884785, 0.007441023424669769570, 0.009301279280837213698, 0.01116153513700465782, 0.01488204684933954608 ),
 .UNSPECIFIED. ) ;
#2550 = CARTESIAN_POINT ( 'NONE',  ( 21.93271845059362235, -8.136643028249737952, -8.000000000000000000 ) ) ;
#2551 = CARTESIAN_POINT ( 'NONE',  ( 3.232370499194737512, -13.09896035661026481, 8.000000000000000000 ) ) ;
#2552 = B_SPLINE_CURVE_WITH_KNOTS ( 'NONE', 3,
 ( #1552, #1361, #2274, #201 ),
 .UNSPECIFIED., .F., .F.,
 ( 4, 4 ),
 ( 0.000000000000000000, 0.0005326445540414779297 ),
 .UNSPECIFIED. ) ;
#2553 = CARTESIAN_POINT ( 'NONE',  ( -14.90379604943504255, -1.705126487692224302, -4.704706038726511608 ) ) ;
#2554 = CARTESIAN_POINT ( 'NONE',  ( -8.225829552321636484, -10.69423721656966819, 8.000000000000000000 ) ) ;
#2555 = EDGE_CURVE ( 'NONE', #250, #2444, #1887, .T. ) ;
#2556 = AXIS2_PLACEMENT_3D ( 'NONE', #1919, #1720, #1503 ) ;
#2557 = CARTESIAN_POINT ( 'NONE',  ( -9.894787357534346128, 11.28417275912609341, -4.990522911709037501 ) ) ;
#2558 = CARTESIAN_POINT ( 'NONE',  ( 3.246716554700998181, 14.64441298288977045, -7.500000000000000000 ) ) ;
#2559 = CARTESIAN_POINT ( 'NONE',  ( 34.99999999999998579, 2.602085213965209853E-15, 1.645377140003621452 ) ) ;
#2560 = DIRECTION ( 'NONE',  ( 0.000000000000000000, 0.000000000000000000, 1.000000000000000000 ) ) ;
#2561 = CARTESIAN_POINT ( 'NONE',  ( -14.99818197368439598, -0.3387377040830386599, -6.221791264642864583 ) ) ;
#2562 = B_SPLINE_CURVE_WITH_KNOTS ( 'NONE', 3,
 ( #1053, #2895, #1751, #370, #2453, #388, #155, #336, #2844, #2161 ),
 .UNSPECIFIED., .F., .F.,
 ( 4, 2, 2, 2, 4 ),
 ( 0.01295364877508940402, 0.01975498717547203437, 0.02315565637566335128, 0.02485599097575900973, 0.02655632557585466819 ),
 .UNSPECIFIED. ) ;
#2563 = ORIENTED_EDGE ( 'NONE', *, *, #51, .F. ) ;
#2564 = DIRECTION ( 'NONE',  ( -0.000000000000000000, -0.000000000000000000, -1.000000000000000000 ) ) ;
#2565 = CARTESIAN_POINT ( 'NONE',  ( -2.123138703805469873, -22.65851880728465417, 3.224815851137015521 ) ) ;
#2566 = CARTESIAN_POINT ( 'NONE',  ( 34.07226049499652731, -8.048151606707980577, -4.100155817227372879 ) ) ;
#2567 = ORIENTED_EDGE ( 'NONE', *, *, #1158, .T. ) ;
#2568 = CARTESIAN_POINT ( 'NONE',  ( -25.20382029378301070, -25.34491817702587468, 8.000000000000000000 ) ) ;
#2569 = B_SPLINE_CURVE_WITH_KNOTS ( 'NONE', 3,
 ( #2724, #1529, #840, #1778, #620, #1550, #1807, #1096, #655, #1581 ),
 .UNSPECIFIED., .F., .F.,
 ( 4, 2, 2, 2, 4 ),
 ( 0.000000000000000000, 0.003238412193772351004, 0.006476824387544702008, 0.009715236581317052145, 0.01295364877508940402 ),
 .UNSPECIFIED. ) ;
#2570 = CARTESIAN_POINT ( 'NONE',  ( -11.99563610493437160, 9.015166416047389220, 0.6273122612027051126 ) ) ;
#2571 = CARTESIAN_POINT ( 'NONE',  ( -1.678573142841373489, 14.91229020928616222, 2.119968921921238980 ) ) ;
#2572 = VECTOR ( 'NONE', #351, 1000.000000000000114 ) ;
#2573 = CARTESIAN_POINT ( 'NONE',  ( 3.318684408944559294, 34.84230666580254621, -5.524679704034233474 ) ) ;
#2574 = AXIS2_PLACEMENT_3D ( 'NONE', #1561, #176, #2473 ) ;
#2575 = ADVANCED_FACE ( 'NONE', ( #670 ), #167, .F. ) ;
#2576 = PLANE ( 'NONE',  #477 ) ;
#2577 = CARTESIAN_POINT ( 'NONE',  ( -29.89692921407702286, 20.97995228732769846, 0.2827642305349036822 ) ) ;
#2578 = ORIENTED_EDGE ( 'NONE', *, *, #1992, .T. ) ;
#2579 = CARTESIAN_POINT ( 'NONE',  ( 3.014299311306730900, -10.86319891144095529, 8.000000000000007105 ) ) ;
#2580 = DIRECTION ( 'NONE',  ( -0.000000000000000000, -0.000000000000000000, -1.000000000000000000 ) ) ;
#2581 = CARTESIAN_POINT ( 'NONE',  ( 3.857016977707058647, -10.68037760432242855, 0.2827642305349036822 ) ) ;
#2582 = EDGE_LOOP ( 'NONE', ( #1805, #857, #2222, #1782, #2887 ) ) ;
#2583 = CARTESIAN_POINT ( 'NONE',  ( 21.82214306505602508, 27.36410188638075880, 1.995833495980585903 ) ) ;
#2584 = CARTESIAN_POINT ( 'NONE',  ( 7.958667357715432544, 4.469471009468613865, 0.2827642305349036822 ) ) ;
#2585 = CARTESIAN_POINT ( 'NONE',  ( 0.1551262364755160994, 15.00619846016233261, -2.116152478499251810 ) ) ;
#2586 = CARTESIAN_POINT ( 'NONE',  ( -11.03813806551140075, 10.15878651317092896, -3.567615167083876937 ) ) ;
#2587 = EDGE_CURVE ( 'NONE', #2101, #2415, #2072, .T. ) ;
#2588 = CARTESIAN_POINT ( 'NONE',  ( 0.1623919691236514751, -35.01361942576455988, 5.767642362634806119 ) ) ;
#2589 = CARTESIAN_POINT ( 'NONE',  ( -31.53391037658476037, -15.18593086911434220, 1.645377140003622118 ) ) ;
#2590 = ORIENTED_EDGE ( 'NONE', *, *, #393, .T. ) ;
#2591 = CARTESIAN_POINT ( 'NONE',  ( -18.56024655611121332, -29.67351087715037394, -8.000000000000000000 ) ) ;
#2592 = CARTESIAN_POINT ( 'NONE',  ( -8.884624148140931155, -11.91898339004840324, -8.000000000000000000 ) ) ;
#2593 = CARTESIAN_POINT ( 'NONE',  ( -20.67571578551692468, -10.10561007950002299, 3.224815851137013745 ) ) ;
#2594 = CARTESIAN_POINT ( 'NONE',  ( 16.39138801987484584, -15.78729208184774180, 3.224815851137015521 ) ) ;
#2595 = CARTESIAN_POINT ( 'NONE',  ( 17.89494345255149454, 30.09470799859692391, 4.444858693057521570 ) ) ;
#2596 = PLANE ( 'NONE',  #2668 ) ;
#2597 = CARTESIAN_POINT ( 'NONE',  ( 3.862453178481203064, 35.38141152037495374, -8.000000000000000000 ) ) ;
#2598 = B_SPLINE_CURVE_WITH_KNOTS ( 'NONE', 3,
 ( #1658, #2771, #2091, #716, #490, #2638, #315, #2330, #1164, #261 ),
 .UNSPECIFIED., .F., .F.,
 ( 4, 2, 2, 2, 4 ),
 ( 0.01295364877508940402, 0.01975498717547203437, 0.02315565637566335128, 0.02485599097575900973, 0.02655632557585466819 ),
 .UNSPECIFIED. ) ;
#2599 = CIRCLE ( 'NONE', #1011, 15.00000000000000178 ) ;
#2600 = CARTESIAN_POINT ( 'NONE',  ( -5.855974186399377501, 34.56350232029740255, 0.9420795734992708503 ) ) ;
#2601 = ADVANCED_FACE ( 'NONE', ( #623 ), #1809, .F. ) ;
#2602 = CARTESIAN_POINT ( 'NONE',  ( -11.94780178739266674, -9.103698964834354257, 6.256391282027652601 ) ) ;
#2603 = FACE_OUTER_BOUND ( 'NONE', #2824, .T. ) ;
#2604 = ORIENTED_EDGE ( 'NONE', *, *, #2856, .F. ) ;
#2605 = CARTESIAN_POINT ( 'NONE',  ( 13.47375777366878502, 6.592256931923996532, -7.500000000000000000 ) ) ;
#2606 = CARTESIAN_POINT ( 'NONE',  ( 15.00000000000000000, 1.061650767297805942E-11, 1.792143648982074788 ) ) ;
#2607 = CARTESIAN_POINT ( 'NONE',  ( 0.000000000000000000, 0.000000000000000000, 8.000000000000000000 ) ) ;
#2608 = CARTESIAN_POINT ( 'NONE',  ( 14.41759839360835826, -4.145842724355440545, -3.179507386459059948 ) ) ;
#2609 = EDGE_CURVE ( 'NONE', #2661, #2216, #2599, .T. ) ;
#2610 = CARTESIAN_POINT ( 'NONE',  ( -17.28398359473283818, -7.156299997455337625, 3.224815851137015521 ) ) ;
#2611 = CARTESIAN_POINT ( 'NONE',  ( 12.46732893104762319, 13.94684293600656133, 3.224815851137015521 ) ) ;
#2612 = B_SPLINE_CURVE_WITH_KNOTS ( 'NONE', 3,
 ( #869, #2282, #2918, #1544 ),
 .UNSPECIFIED., .F., .F.,
 ( 4, 4 ),
 ( 0.000000000000000000, 0.0005438207838968588635 ),
 .UNSPECIFIED. ) ;
#2613 = CARTESIAN_POINT ( 'NONE',  ( -9.852087968102756221, 11.31089575006174996, -7.500000000000000000 ) ) ;
#2614 = B_SPLINE_CURVE_WITH_KNOTS ( 'NONE', 3,
 ( #2136, #560, #1038, #1719, #2148, #2179, #2830, #1944, #2375, #61, #1238, #355, #2121, #1932, #765, #2404, #752, #88, #1673, #321 ),
 .UNSPECIFIED., .F., .F.,
 ( 4, 2, 2, 2, 2, 2, 2, 2, 2, 4 ),
 ( 0.000000000000000000, 0.002538198392636497290, 0.005076396785272994580, 0.007614595177909494472, 0.01015279357054599436, 0.01269099196318249079, 0.01522919035581898894, 0.01649828955213723802, 0.01776738874845548710, 0.02030558714109198873 ),
 .UNSPECIFIED. ) ;
#2615 = AXIS2_PLACEMENT_3D ( 'NONE', #166, #2726, #199 ) ;
#2616 = CARTESIAN_POINT ( 'NONE',  ( -18.13316721860040204, -29.93640336817828995, -8.000000000000000000 ) ) ;
#2617 = CARTESIAN_POINT ( 'NONE',  ( 3.847350475525953772, 34.78789867638558064, -8.000000000000000000 ) ) ;
#2618 = CARTESIAN_POINT ( 'NONE',  ( 13.90440512165451992, 0.3136320535830118272, 3.224815851137015521 ) ) ;
#2619 = EDGE_CURVE ( 'NONE', #1797, #1499, #2552, .T. ) ;
#2620 = VERTEX_POINT ( 'NONE', #1328 ) ;
#2621 = CARTESIAN_POINT ( 'NONE',  ( 2.686806489169753398, -10.87589555744430925, 8.000000000000000000 ) ) ;
#2622 = CARTESIAN_POINT ( 'NONE',  ( -14.16568706232484409, -32.98861882090974262, 0.2827642305349036822 ) ) ;
#2623 = DIRECTION ( 'NONE',  ( -0.000000000000000000, 0.000000000000000000, 1.000000000000000000 ) ) ;
#2624 = ORIENTED_EDGE ( 'NONE', *, *, #359, .T. ) ;
#2625 = CARTESIAN_POINT ( 'NONE',  ( 21.08433462438452466, 27.95248448390912444, 2.497571440916332541 ) ) ;
#2626 = CARTESIAN_POINT ( 'NONE',  ( -14.99534671206881775, -31.63776726845364706, -2.678269550534981391 ) ) ;
#2627 = LINE ( 'NONE', #541, #1929 ) ;
#2628 = CARTESIAN_POINT ( 'NONE',  ( 24.97166296041759637, 24.52902652117357007, -0.9441851375371609345 ) ) ;
#2629 = DIRECTION ( 'NONE',  ( 0.6234898018587319291, -0.7818314824680309139, 0.000000000000000000 ) ) ;
#2630 = CARTESIAN_POINT ( 'NONE',  ( 25.75834713651027741, -8.332206746895842286, 0.2827642305349036822 ) ) ;
#2631 = EDGE_LOOP ( 'NONE', ( #2519, #682, #1190, #210 ) ) ;
#2632 = B_SPLINE_CURVE_WITH_KNOTS ( 'NONE', 3,
 ( #1250, #611, #121, #1536 ),
 .UNSPECIFIED., .F., .F.,
 ( 4, 4 ),
 ( 0.000000000000000000, 0.0005438207838968588635 ),
 .UNSPECIFIED. ) ;
#2633 = CARTESIAN_POINT ( 'NONE',  ( -14.51746206611769097, 7.400802508751171516, 3.224815851137016409 ) ) ;
#2634 = CARTESIAN_POINT ( 'NONE',  ( -37.70019574482450508, -4.820025993189414493, -8.000000000000000000 ) ) ;
#2635 = CARTESIAN_POINT ( 'NONE',  ( 9.229545550171630808, -11.83958225669437780, 1.651199456445375358 ) ) ;
#2636 = VERTEX_POINT ( 'NONE', #2047 ) ;
#2637 = CARTESIAN_POINT ( 'NONE',  ( -20.79198204809878092, 9.864180697549286947, 3.224815851137013745 ) ) ;
#2638 = CARTESIAN_POINT ( 'NONE',  ( 14.15941486648095804, -32.01114112033300785, -3.714856427062251942 ) ) ;
#2639 = CARTESIAN_POINT ( 'NONE',  ( -17.73554814582188754, -30.17680047101977792, -5.158510619863088564 ) ) ;
#2640 = EDGE_CURVE ( 'NONE', #2661, #708, #2801, .T. ) ;
#2641 = CARTESIAN_POINT ( 'NONE',  ( 1.922433098084519010, 11.12792311290574787, 8.000000000000000000 ) ) ;
#2642 = ORIENTED_EDGE ( 'NONE', *, *, #831, .F. ) ;
#2643 = ADVANCED_FACE ( 'NONE', ( #241 ), #184, .T. ) ;
#2644 = LINE ( 'NONE', #574, #2572 ) ;
#2645 = CIRCLE ( 'NONE', #1255, 35.00000000000000000 ) ;
#2646 = CARTESIAN_POINT ( 'NONE',  ( 33.36673581717430181, -10.57591110058155515, -5.158510619863085900 ) ) ;
#2647 = CARTESIAN_POINT ( 'NONE',  ( -19.70988856860888916, 32.42715363107006254, 8.000000000000000000 ) ) ;
#2648 = EDGE_CURVE ( 'NONE', #1691, #2204, #1202, .T. ) ;
#2649 = DIRECTION ( 'NONE',  ( 0.3986543788984939218, 0.9171012409680056043, 0.000000000000000000 ) ) ;
#2650 = CARTESIAN_POINT ( 'NONE',  ( 32.98456852592984490, 11.70547902301474608, 8.000000000000000000 ) ) ;
#2651 = ORIENTED_EDGE ( 'NONE', *, *, #2209, .F. ) ;
#2652 = CARTESIAN_POINT ( 'NONE',  ( 0.000000000000000000, -0.000000000000000000, -8.000000000000000000 ) ) ;
#2653 = CARTESIAN_POINT ( 'NONE',  ( 14.99999999999960920, 0.5550508402254051843, 2.309271051975425593 ) ) ;
#2654 = CARTESIAN_POINT ( 'NONE',  ( 3.968810802290980710, -14.46542570461092581, -7.500000000000000000 ) ) ;
#2655 = ORIENTED_EDGE ( 'NONE', *, *, #359, .F. ) ;
#2656 = ORIENTED_EDGE ( 'NONE', *, *, #2048, .T. ) ;
#2657 = CARTESIAN_POINT ( 'NONE',  ( 12.12747896078709076, -32.83175679210095410, -5.524679704034233474 ) ) ;
#2658 = CARTESIAN_POINT ( 'NONE',  ( -17.09266758322750945, 30.55847887793492390, 6.839264579719438686 ) ) ;
#2659 = CARTESIAN_POINT ( 'NONE',  ( 2.335716443077059168, 10.94827313769342148, 8.000000000000000000 ) ) ;
#2660 = ORIENTED_EDGE ( 'NONE', *, *, #457, .F. ) ;
#2661 = VERTEX_POINT ( 'NONE', #1453 ) ;
#2662 = CARTESIAN_POINT ( 'NONE',  ( 3.238429549385135608, 30.51383545579031065, -7.999999999999998224 ) ) ;
#2663 = CARTESIAN_POINT ( 'NONE',  ( 0.000000000000000000, 0.000000000000000000, 8.000000000000000000 ) ) ;
#2664 = CARTESIAN_POINT ( 'NONE',  ( -7.429155200500806799, 8.479548569030544769, 8.000000000000007105 ) ) ;
#2665 = PERSON_AND_ORGANIZATION ( #2223, #334 ) ;
#2666 = ORIENTED_EDGE ( 'NONE', *, *, #87, .F. ) ;
#2667 = EDGE_CURVE ( 'NONE', #1691, #1049, #1587, .T. ) ;
#2668 = AXIS2_PLACEMENT_3D ( 'NONE', #301, #702, #1629 ) ;
#2669 = CARTESIAN_POINT ( 'NONE',  ( 13.55478457449368435, -6.424003046315284848, -7.500000000000000000 ) ) ;
#2670 = DIRECTION ( 'NONE',  ( 1.000000000000000000, 0.000000000000000000, 0.000000000000000000 ) ) ;
#2671 = CARTESIAN_POINT ( 'NONE',  ( -14.88210091721701289, 0.01547931147249986990, -7.972146109839532535 ) ) ;
#2672 = EDGE_LOOP ( 'NONE', ( #1436, #1111, #861, #63, #2181 ) ) ;
#2673 = DIRECTION ( 'NONE',  ( 1.224646799147353207E-16, 1.000000000000000000, -0.000000000000000000 ) ) ;
#2674 = CARTESIAN_POINT ( 'NONE',  ( -30.56823258688417155, -3.142595341533856335, -8.000000000000001776 ) ) ;
#2675 = DIRECTION ( 'NONE',  ( 0.000000000000000000, 0.000000000000000000, 1.000000000000000000 ) ) ;
#2676 = EDGE_LOOP ( 'NONE', ( #2460, #2688, #2915, #2243, #741 ) ) ;
#2677 = ORIENTED_EDGE ( 'NONE', *, *, #157, .F. ) ;
#2678 = CARTESIAN_POINT ( 'NONE',  ( 2.679595118850401470, 8.552507528692055772, -8.000000000000000000 ) ) ;
#2679 = ADVANCED_FACE ( 'NONE', ( #2112 ), #2340, .T. ) ;
#2680 = LINE ( 'NONE', #522, #1706 ) ;
#2681 = CARTESIAN_POINT ( 'NONE',  ( 1.927106378576450840, 34.95680106258447495, -5.940280989077890261 ) ) ;
#2682 =( NAMED_UNIT ( * ) SI_UNIT ( $, .STERADIAN. ) SOLID_ANGLE_UNIT ( ) );
#2683 = ORIENTED_EDGE ( 'NONE', *, *, #2026, .F. ) ;
#2684 = CARTESIAN_POINT ( 'NONE',  ( -10.30154125220735928, 12.52011155361592110, -8.000000000000007105 ) ) ;
#2685 = EDGE_CURVE ( 'NONE', #707, #589, #386, .T. ) ;
#2686 = CARTESIAN_POINT ( 'NONE',  ( -4.416754702360830898, -35.93755364639526562, 3.224815851137015521 ) ) ;
#2687 = CARTESIAN_POINT ( 'NONE',  ( 29.51367226341384153, -8.126500752683552875, 0.2827642305349058471 ) ) ;
#2688 = ORIENTED_EDGE ( 'NONE', *, *, #2184, .F. ) ;
#2689 = CARTESIAN_POINT ( 'NONE',  ( -35.43748734411446577, 4.394250443243864268, 8.000000000000000000 ) ) ;
#2690 = LINE ( 'NONE', #2273, #2052 ) ;
#2691 = CARTESIAN_POINT ( 'NONE',  ( 0.000000000000000000, 0.000000000000000000, 8.500000000000000000 ) ) ;
#2692 = ORIENTED_EDGE ( 'NONE', *, *, #1505, .F. ) ;
#2693 = B_SPLINE_CURVE_WITH_KNOTS ( 'NONE', 3,
 ( #931, #2792, #985, #2765, #2822, #1385, #710, #2313, #484, #943, #252, #1188, #2099, #496, #23, #960 ),
 .UNSPECIFIED., .F., .F.,
 ( 4, 2, 2, 2, 2, 2, 2, 4 ),
 ( 2.742838647325547832E-18, 0.003830341015245729286, 0.005745511522868594796, 0.007660682030491459439, 0.009575852538114324949, 0.01149102304573718959, 0.01340619355336005250, 0.01532136406098291714 ),
 .UNSPECIFIED. ) ;
#2694 = ORIENTED_EDGE ( 'NONE', *, *, #831, .T. ) ;
#2695 = CARTESIAN_POINT ( 'NONE',  ( -7.622250299117905747, 12.94328407981319273, 7.108868673853903530 ) ) ;
#2696 = VECTOR ( 'NONE', #2019, 1000.000000000000000 ) ;
#2697 = LINE ( 'NONE', #628, #1512 ) ;
#2698 = CARTESIAN_POINT ( 'NONE',  ( -7.320573212139033004, 8.537123478897548523, 8.000000000000000000 ) ) ;
#2699 = APPROVAL_STATUS ( 'not_yet_approved' ) ;
#2700 = AXIS2_PLACEMENT_3D ( 'NONE', #1465, #2380, #66 ) ;
#2701 = CARTESIAN_POINT ( 'NONE',  ( -17.10520781440766669, 16.56307371885127466, 0.2827642305349024054 ) ) ;
#2702 = SECURITY_CLASSIFICATION ( '', '', #2502 ) ;
#2703 = CARTESIAN_POINT ( 'NONE',  ( 33.14882154010544468, 11.23190235455426667, 8.000000000000000000 ) ) ;
#2704 = CARTESIAN_POINT ( 'NONE',  ( -3.502030621230910690, -14.59780807531343960, 1.651199456445374247 ) ) ;
#2705 = ORIENTED_EDGE ( 'NONE', *, *, #1180, .F. ) ;
#2706 = ORIENTED_EDGE ( 'NONE', *, *, #2026, .T. ) ;
#2707 = CARTESIAN_POINT ( 'NONE',  ( 0.000000000000000000, 0.000000000000000000, 8.000000000000000000 ) ) ;
#2708 = CARTESIAN_POINT ( 'NONE',  ( 15.04553000791237238, 31.61664028996312581, 5.767642362634809672 ) ) ;
#2709 = CYLINDRICAL_SURFACE ( 'NONE', #1118, 35.00000000000000000 ) ;
#2710 = ORIENTED_EDGE ( 'NONE', *, *, #1166, .T. ) ;
#2711 = EDGE_CURVE ( 'NONE', #2415, #1348, #1363, .T. ) ;
#2712 = CARTESIAN_POINT ( 'NONE',  ( 14.24351635699191654, 18.07569694674232608, 3.224815851137013745 ) ) ;
#2713 = CARTESIAN_POINT ( 'NONE',  ( -31.53391037658455431, 15.18593086911477918, 1.645377140003623673 ) ) ;
#2714 = CARTESIAN_POINT ( 'NONE',  ( 0.000000000000000000, 0.000000000000000000, -8.000000000000000000 ) ) ;
#2715 = FACE_OUTER_BOUND ( 'NONE', #2381, .T. ) ;
#2716 = CARTESIAN_POINT ( 'NONE',  ( 0.000000000000000000, 0.000000000000000000, 0.000000000000000000 ) ) ;
#2717 = CARTESIAN_POINT ( 'NONE',  ( -8.835012162431922889, -12.12198663956036704, -7.500000000000000000 ) ) ;
#2718 = CARTESIAN_POINT ( 'NONE',  ( 1.251529729855103135, -14.96866646459990591, 7.108868673853899978 ) ) ;
#2719 = EDGE_CURVE ( 'NONE', #1730, #941, #749, .T. ) ;
#2720 = CARTESIAN_POINT ( 'NONE',  ( -8.640711708763987531, -12.26360095760622393, -6.674823420700557897 ) ) ;
#2721 = ORIENTED_EDGE ( 'NONE', *, *, #246, .F. ) ;
#2722 = CIRCLE ( 'NONE', #645, 35.00000000000000711 ) ;
#2723 = ORIENTED_EDGE ( 'NONE', *, *, #2427, .T. ) ;
#2724 = CARTESIAN_POINT ( 'NONE',  ( 3.573988383700107629, -34.81704477742442094, 8.000000000000000000 ) ) ;
#2725 = AXIS2_PLACEMENT_3D ( 'NONE', #1592, #855, #2504 ) ;
#2726 = DIRECTION ( 'NONE',  ( 0.000000000000000000, 0.000000000000000000, 1.000000000000000000 ) ) ;
#2727 = DIRECTION ( 'NONE',  ( 0.000000000000000000, 0.000000000000000000, 1.000000000000000000 ) ) ;
#2728 = LINE ( 'NONE', #1585, #2696 ) ;
#2729 = APPROVAL ( #2699, 'UNSPECIFIED' ) ;
#2730 = FACE_OUTER_BOUND ( 'NONE', #2348, .T. ) ;
#2731 = CARTESIAN_POINT ( 'NONE',  ( 7.005999627880878045, -6.092499083216058153, 3.224815851137015521 ) ) ;
#2732 = CARTESIAN_POINT ( 'NONE',  ( 1.856931381870472242, 10.63499958384539390, 0.2827642305349036822 ) ) ;
#2733 = FACE_OUTER_BOUND ( 'NONE', #2029, .T. ) ;
#2734 = CARTESIAN_POINT ( 'NONE',  ( 28.06366853224906066, -8.540659580270524742, 0.2827642305349036822 ) ) ;
#2735 = VERTEX_POINT ( 'NONE', #2154 ) ;
#2736 = EDGE_LOOP ( 'NONE', ( #183, #50, #1621, #759, #1081, #1095 ) ) ;
#2737 = CARTESIAN_POINT ( 'NONE',  ( 12.05127196984884641, 6.066121114587744501, 8.000000000000000000 ) ) ;
#2738 = DIRECTION ( 'NONE',  ( -0.4108244337088360343, 0.9117144754076322855, 0.000000000000000000 ) ) ;
#2739 = CARTESIAN_POINT ( 'NONE',  ( -12.68099044497076200, -8.037610854223775192, 3.353218786557992992 ) ) ;
#2740 = CARTESIAN_POINT ( 'NONE',  ( -30.46940826145425163, -3.632731804881892401, -7.999999999999998224 ) ) ;
#2741 = EDGE_CURVE ( 'NONE', #294, #1967, #54, .T. ) ;
#2742 = CARTESIAN_POINT ( 'NONE',  ( 13.21960379459598833, 7.088164467187777262, -7.500000000000000000 ) ) ;
#2743 = CARTESIAN_POINT ( 'NONE',  ( 0.000000000000000000, -0.000000000000000000, -8.000000000000000000 ) ) ;
#2744 = B_SPLINE_SURFACE_WITH_KNOTS ( 'NONE', 3, 3, ( 
 ( #110, #598, #1306, #1490 ),
 ( #1964, #1077, #408, #2917 ),
 ( #2684, #616, #175, #126 ),
 ( #374, #854, #1773, #2011 ),
 ( #1092, #2701, #2633, #581 ),
 ( #161, #2456, #797, #867 ),
 ( #1058, #1506, #1272, #632 ) ),
 .UNSPECIFIED., .F., .F., .F.,
 ( 4, 1, 1, 1, 4 ),
 ( 4, 4 ),
 ( 0.5023027204582327654, 0.5648746995237949875, 0.6274466785893570986, 0.6900186576549193207, 0.7525906367204815428 ),
 ( 0.000000000000000000, 1.000000000000000000 ),
 .UNSPECIFIED. ) ;
#2745 = EDGE_CURVE ( 'NONE', #1423, #1823, #2155, .T. ) ;
#2746 = FACE_OUTER_BOUND ( 'NONE', #363, .T. ) ;
#2747 = CARTESIAN_POINT ( 'NONE',  ( -7.798487048292752633, -12.81503160866509639, -4.321607816158867799 ) ) ;
#2748 = EDGE_LOOP ( 'NONE', ( #1129, #722, #2936, #2477, #1515 ) ) ;
#2749 = ORIENTED_EDGE ( 'NONE', *, *, #1707, .F. ) ;
#2750 = VECTOR ( 'NONE', #2869, 1000.000000000000114 ) ;
#2751 = CARTESIAN_POINT ( 'NONE',  ( -9.308042303558028863, -11.70334138631048582, -7.848557316184820110 ) ) ;
#2752 = CARTESIAN_POINT ( 'NONE',  ( 11.41383007706618002, 33.08662090591693783, 8.000000000000000000 ) ) ;
#2753 = CARTESIAN_POINT ( 'NONE',  ( 14.99413777732106468, 0.4829317490435104943, 4.415825615526750347 ) ) ;
#2754 = FACE_OUTER_BOUND ( 'NONE', #2128, .T. ) ;
#2755 = CARTESIAN_POINT ( 'NONE',  ( 3.807225391128547187, 37.82454443993820092, -8.000000000000014211 ) ) ;
#2756 = ADVANCED_FACE ( 'NONE', ( #1936 ), #2836, .T. ) ;
#2757 = CARTESIAN_POINT ( 'NONE',  ( 10.50484769082066805, -14.49440211460270689, 3.224815851137015521 ) ) ;
#2758 = CARTESIAN_POINT ( 'NONE',  ( -14.35146155485639952, 4.436607516618714442, 5.842662742232566764 ) ) ;
#2759 = B_SPLINE_CURVE_WITH_KNOTS ( 'NONE', 3,
 ( #2703, #162, #1368, #144, #2458, #1820, #1774, #1526, #2441, #2964 ),
 .UNSPECIFIED., .F., .F.,
 ( 4, 2, 2, 2, 4 ),
 ( 0.000000000000000000, 0.003238412193772350137, 0.006476824387544700273, 0.009715236581317050410, 0.01295364877508940055 ),
 .UNSPECIFIED. ) ;
#2760 = CARTESIAN_POINT ( 'NONE',  ( -27.91621695734601616, 19.79533760400784459, 0.2827642305349036822 ) ) ;
#2761 = EDGE_CURVE ( 'NONE', #2735, #1014, #128, .T. ) ;
#2762 = ORIENTED_EDGE ( 'NONE', *, *, #1873, .F. ) ;
#2763 = EDGE_LOOP ( 'NONE', ( #168, #1479, #1760, #939, #852 ) ) ;
#2764 = CARTESIAN_POINT ( 'NONE',  ( 33.75847357575850793, -11.15424218706925963, -8.000000000000000000 ) ) ;
#2765 = CARTESIAN_POINT ( 'NONE',  ( 12.83325560099310891, 7.769645655159255426, -3.221397401971961116 ) ) ;
#2766 = DIRECTION ( 'NONE',  ( -0.000000000000000000, -0.000000000000000000, -1.000000000000000000 ) ) ;
#2767 = CARTESIAN_POINT ( 'NONE',  ( -8.934344317338451802, 0.7093001117604289529, -8.000000000000000000 ) ) ;
#2768 = AXIS2_PLACEMENT_3D ( 'NONE', #59, #949, #1685 ) ;
#2769 = PRODUCT ( 'Propeler_Default_sldprt', 'Propeler_Default_sldprt', '', ( #1575 ) ) ;
#2770 = FACE_OUTER_BOUND ( 'NONE', #481, .T. ) ;
#2771 = CARTESIAN_POINT ( 'NONE',  ( 20.27259205690549138, -28.59982758009672210, 0.9420795734925838660 ) ) ;
#2772 = CARTESIAN_POINT ( 'NONE',  ( -9.398748247541078626, 11.69036717961106930, -7.676919441681065770 ) ) ;
#2773 = EDGE_CURVE ( 'NONE', #2164, #1382, #1347, .T. ) ;
#2774 = CARTESIAN_POINT ( 'NONE',  ( 0.000000000000000000, 0.000000000000000000, -7.500000000000000000 ) ) ;
#2775 = DIRECTION ( 'NONE',  ( 0.6234898018587431423, 0.7818314824680221431, 0.000000000000000000 ) ) ;
#2776 = VERTEX_POINT ( 'NONE', #1493 ) ;
#2777 = ORIENTED_EDGE ( 'NONE', *, *, #621, .F. ) ;
#2778 = CC_DESIGN_PERSON_AND_ORGANIZATION_ASSIGNMENT ( #159, #866, ( #2769 ) ) ;
#2779 = CARTESIAN_POINT ( 'NONE',  ( -9.305847028993973424, -11.76445342919713610, -7.676919441681065770 ) ) ;
#2780 = CARTESIAN_POINT ( 'NONE',  ( 4.101130030321235687, -35.50743819646584853, 8.000000000000000000 ) ) ;
#2781 = CARTESIAN_POINT ( 'NONE',  ( 6.398167040457092725, -14.53377718471780966, 0.2827642305349036822 ) ) ;
#2782 = CARTESIAN_POINT ( 'NONE',  ( 14.48536205695459067, -3.904301998065939916, -2.778016682232235190 ) ) ;
#2783 = CARTESIAN_POINT ( 'NONE',  ( 11.74404473733776655, 19.49342467867250406, 3.224815851137015521 ) ) ;
#2784 = CARTESIAN_POINT ( 'NONE',  ( -1.424279503023216931, 14.94194467538164872, -0.1465085805720025836 ) ) ;
#2785 = B_SPLINE_CURVE_WITH_KNOTS ( 'NONE', 3,
 ( #559, #1486, #1959, #1266, #2177, #2874, #810, #1733, #2646, #576 ),
 .UNSPECIFIED., .F., .F.,
 ( 4, 2, 2, 2, 4 ),
 ( 0.01295364877508940055, 0.01975498717547203090, 0.02315565637566334434, 0.02485599097575900626, 0.02655632557585466819 ),
 .UNSPECIFIED. ) ;
#2786 = CARTESIAN_POINT ( 'NONE',  ( -25.76915724113639428, 23.68846671082459565, -4.791033894966119533 ) ) ;
#2787 = FACE_OUTER_BOUND ( 'NONE', #2631, .T. ) ;
#2788 = CARTESIAN_POINT ( 'NONE',  ( -32.00605385495952504, -14.20551483401708026, 1.045696437474292972 ) ) ;
#2789 = ORIENTED_EDGE ( 'NONE', *, *, #2220, .F. ) ;
#2790 = ORIENTED_EDGE ( 'NONE', *, *, #1151, .F. ) ;
#2791 = CARTESIAN_POINT ( 'NONE',  ( 35.00000000000000711, 0.9826969269324421496, 2.186927751437572898 ) ) ;
#2792 = CARTESIAN_POINT ( 'NONE',  ( 13.36592225179729887, 6.812659400471221538, -6.221791264642864583 ) ) ;
#2793 = CARTESIAN_POINT ( 'NONE',  ( 11.77632804921566034, -10.90340731812146480, 3.224815851137015521 ) ) ;
#2794 = VERTEX_POINT ( 'NONE', #2409 ) ;
#2795 = CARTESIAN_POINT ( 'NONE',  ( -32.88209472427765689, -9.483586168211456169, 0.2827642305349036822 ) ) ;
#2796 = CC_DESIGN_APPROVAL ( #2146, ( #1882 ) ) ;
#2797 = CARTESIAN_POINT ( 'NONE',  ( 19.21302097953952881, 30.66565944016861422, 3.224815851137015521 ) ) ;
#2798 = CARTESIAN_POINT ( 'NONE',  ( -8.912898383221259380, 12.06483495164239095, 8.000000000000000000 ) ) ;
#2799 = EDGE_CURVE ( 'NONE', #2164, #58, #2996, .T. ) ;
#2800 = CARTESIAN_POINT ( 'NONE',  ( -3.931913303325025311, 34.82858813414268440, -0.1656752426294776370 ) ) ;
#2801 = B_SPLINE_CURVE_WITH_KNOTS ( 'NONE', 3,
 ( #2511, #1827, #1376, #2289, #1148, #2974, #2739, #2242, #986, #1867, #1627, #700, #49, #2807, #9, #269, #2553, #2314, #485, #253 ),
 .UNSPECIFIED., .F., .F.,
 ( 4, 2, 2, 2, 2, 2, 2, 2, 2, 4 ),
 ( 0.000000000000000000, 0.002538198392636499892, 0.005076396785272999784, 0.007614595177909498809, 0.01015279357054599610, 0.01269099196318249252, 0.01522919035581899241, 0.01649828955213724149, 0.01776738874845549057, 0.02030558714109198873 ),
 .UNSPECIFIED. ) ;
#2802 = CARTESIAN_POINT ( 'NONE',  ( -18.30382103200069466, -29.83324893091887375, -6.338578789089836185 ) ) ;
#2803 = CARTESIAN_POINT ( 'NONE',  ( -21.61797962662899053, 7.111901950837269837, 3.224815851137015521 ) ) ;
#2804 = ORIENTED_EDGE ( 'NONE', *, *, #978, .T. ) ;
#2805 = DIRECTION ( 'NONE',  ( -0.000000000000000000, -0.000000000000000000, -1.000000000000000000 ) ) ;
#2806 = CARTESIAN_POINT ( 'NONE',  ( -12.81312939352736713, -19.57224600159368322, -8.000000000000000000 ) ) ;
#2807 = CARTESIAN_POINT ( 'NONE',  ( -14.78993778349477672, -2.512021985196199569, -3.195909463663650474 ) ) ;
#2808 = ORIENTED_EDGE ( 'NONE', *, *, #2711, .F. ) ;
#2809 = CARTESIAN_POINT ( 'NONE',  ( 18.71715127966535519, 29.59043562924456694, 3.962532186685888469 ) ) ;
#2810 = CARTESIAN_POINT ( 'NONE',  ( 13.69948399936453498, -5.995363038009988266, -7.847903733154811157 ) ) ;
#2811 = CARTESIAN_POINT ( 'NONE',  ( 0.000000000000000000, 0.000000000000000000, 8.000000000000000000 ) ) ;
#2812 = VECTOR ( 'NONE', #1319, 999.9999999999998863 ) ;
#2813 = ADVANCED_FACE ( 'NONE', ( #112 ), #233, .T. ) ;
#2814 = CARTESIAN_POINT ( 'NONE',  ( -14.38885246665283724, 4.286152076603841010, 3.904338265262626173 ) ) ;
#2815 = CIRCLE ( 'NONE', #744, 14.86602540378443393 ) ;
#2816 = CARTESIAN_POINT ( 'NONE',  ( 3.547011317318381707, 34.82055882464407404, -6.338578789089836185 ) ) ;
#2817 = CARTESIAN_POINT ( 'NONE',  ( -33.98665629305615710, -8.417225344398630682, -3.249879930458917432 ) ) ;
#2818 = EDGE_LOOP ( 'NONE', ( #2563, #585, #2030, #196 ) ) ;
#2819 = B_SPLINE_CURVE_WITH_KNOTS ( 'NONE', 3,
 ( #2303, #229, #1161, #1175 ),
 .UNSPECIFIED., .F., .F.,
 ( 4, 4 ),
 ( 0.000000000000000000, 0.0005438207838968588635 ),
 .UNSPECIFIED. ) ;
#2820 = DIRECTION ( 'NONE',  ( 1.000000000000000000, 0.000000000000000000, 0.000000000000000000 ) ) ;
#2821 = CARTESIAN_POINT ( 'NONE',  ( -18.32660184101086998, 29.81837797334149442, 8.000000000000000000 ) ) ;
#2822 = CARTESIAN_POINT ( 'NONE',  ( 12.68884902614224330, 8.005506879771463247, -2.644588106495988189 ) ) ;
#2823 = CARTESIAN_POINT ( 'NONE',  ( 7.313342599894310680, -22.22080373026021149, -8.000000000000000000 ) ) ;
#2824 = EDGE_LOOP ( 'NONE', ( #1984, #2400, #270, #1523, #238, #1920 ) ) ;
#2825 = CARTESIAN_POINT ( 'NONE',  ( 25.34330932940202885, -25.85985607892295235, 3.224815851137015521 ) ) ;
#2826 = CARTESIAN_POINT ( 'NONE',  ( 25.87580500826572205, 16.49315904681657941, -7.999999999999998224 ) ) ;
#2827 = CARTESIAN_POINT ( 'NONE',  ( -7.346828011260404523, 13.09205298108326687, 5.573481401886232867 ) ) ;
#2828 = ADVANCED_FACE ( 'NONE', ( #1143 ), #195, .T. ) ;
#2829 = CARTESIAN_POINT ( 'NONE',  ( -28.06674653445261569, 20.93156378251377348, -2.025248799603497574 ) ) ;
#2830 = CARTESIAN_POINT ( 'NONE',  ( 7.937788954084300741, 12.74371270194808226, 3.353218786557990772 ) ) ;
#2831 = CARTESIAN_POINT ( 'NONE',  ( -13.84974843045142912, -5.777410795074941596, 3.078114295877810047 ) ) ;
#2832 = VERTEX_POINT ( 'NONE', #1340 ) ;
#2833 = EDGE_CURVE ( 'NONE', #467, #635, #285, .T. ) ;
#2834 = CARTESIAN_POINT ( 'NONE',  ( 14.00000000000000000, 0.000000000000000000, -7.500000000000000000 ) ) ;
#2835 = CARTESIAN_POINT ( 'NONE',  ( -14.36848410380512853, -29.22409852240665984, 0.2827642305348989082 ) ) ;
#2836 = CYLINDRICAL_SURFACE ( 'NONE', #2700, 35.00000000000000711 ) ;
#2837 = B_SPLINE_CURVE_WITH_KNOTS ( 'NONE', 3,
 ( #981, #927, #1904, #2319 ),
 .UNSPECIFIED., .F., .F.,
 ( 4, 4 ),
 ( 0.000000000000000000, 0.002531730358250472088 ),
 .UNSPECIFIED. ) ;
#2838 = AXIS2_PLACEMENT_3D ( 'NONE', #239, #2537, #251 ) ;
#2839 = CARTESIAN_POINT ( 'NONE',  ( -17.84493277790361887, 9.322248532095112949, 3.224815851137015521 ) ) ;
#2840 = CARTESIAN_POINT ( 'NONE',  ( -6.827921101278953131, -8.881639866679526207, 8.000000000000000000 ) ) ;
#2841 = CARTESIAN_POINT ( 'NONE',  ( -1.250527449845254990, 14.95341740767699434, 1.631853832464079224 ) ) ;
#2842 = AXIS2_PLACEMENT_3D ( 'NONE', #1210, #1407, #720 ) ;
#2843 = CARTESIAN_POINT ( 'NONE',  ( -10.62548641547313011, 10.58912798377568265, -4.704706038726513384 ) ) ;
#2844 = CARTESIAN_POINT ( 'NONE',  ( -34.65110604769386526, -4.948717447175535966, -5.158510619863091229 ) ) ;
#2845 = CARTESIAN_POINT ( 'NONE',  ( 0.000000000000000000, 0.000000000000000000, -7.500000000000000000 ) ) ;
#2846 = CARTESIAN_POINT ( 'NONE',  ( -13.05627210485553569, -7.397236100794377656, 4.949283202396101089 ) ) ;
#2847 = ORIENTED_EDGE ( 'NONE', *, *, #2761, .T. ) ;
#2848 = CARTESIAN_POINT ( 'NONE',  ( 13.46414585748621917, 6.505738040967409042, -7.848557316184820110 ) ) ;
#2849 = CARTESIAN_POINT ( 'NONE',  ( -11.94808270776129433, -13.24582815865036522, 7.999999999999992895 ) ) ;
#2850 = CARTESIAN_POINT ( 'NONE',  ( 1.877165822593057198, 11.14760032714267268, 8.000000000000000000 ) ) ;
#2851 = ORIENTED_EDGE ( 'NONE', *, *, #504, .T. ) ;
#2852 = FACE_OUTER_BOUND ( 'NONE', #1409, .T. ) ;
#2853 = CARTESIAN_POINT ( 'NONE',  ( -35.35380235224323542, -4.107491323009933026, -8.000000000000000000 ) ) ;
#2854 = CARTESIAN_POINT ( 'NONE',  ( -15.00000000000000000, 0.000000000000000000, -7.500000000000000000 ) ) ;
#2855 = CARTESIAN_POINT ( 'NONE',  ( 29.32633776954447669, 19.10408105684724234, -8.000000000000000000 ) ) ;
#2856 = EDGE_CURVE ( 'NONE', #2043, #58, #683, .T. ) ;
#2857 = AXIS2_PLACEMENT_3D ( 'NONE', #1757, #664, #1577 ) ;
#2858 = CYLINDRICAL_SURFACE ( 'NONE', #352, 35.00000000000000711 ) ;
#2859 = CARTESIAN_POINT ( 'NONE',  ( 2.141134284589737646, -34.94846864197725722, 6.839264579719434245 ) ) ;
#2860 = CYLINDRICAL_SURFACE ( 'NONE', #84, 14.00000000000000000 ) ;
#2861 = VERTEX_POINT ( 'NONE', #2235 ) ;
#2862 = CARTESIAN_POINT ( 'NONE',  ( 2.833316680734843107, 14.59352691752916797, -8.000000000000000000 ) ) ;
#2863 = CARTESIAN_POINT ( 'NONE',  ( 3.348500511311203187, 34.83945384654801103, -8.000000000000000000 ) ) ;
#2864 = CARTESIAN_POINT ( 'NONE',  ( 9.717108187934041297, -11.44502142301886138, 2.222765198464040193 ) ) ;
#2865 = ORIENTED_EDGE ( 'NONE', *, *, #1776, .T. ) ;
#2866 = EDGE_CURVE ( 'NONE', #2861, #552, #1470, .T. ) ;
#2867 = CARTESIAN_POINT ( 'NONE',  ( -27.16091235122986092, 26.60475814630303049, -7.999999999999992895 ) ) ;
#2868 = CARTESIAN_POINT ( 'NONE',  ( -26.82267787706291884, -3.669069089197314781, 0.2827642305349036822 ) ) ;
#2869 = DIRECTION ( 'NONE',  ( -0.8053986533980364015, 0.5927335059743371604, -0.000000000000000000 ) ) ;
#2870 = ORIENTED_EDGE ( 'NONE', *, *, #1832, .F. ) ;
#2871 = ADVANCED_FACE ( 'NONE', ( #1606 ), #1570, .T. ) ;
#2872 = ORIENTED_EDGE ( 'NONE', *, *, #2230, .T. ) ;
#2873 = CARTESIAN_POINT ( 'NONE',  ( 0.000000000000000000, 0.000000000000000000, 8.000000000000000000 ) ) ;
#2874 = CARTESIAN_POINT ( 'NONE',  ( 33.85556868714109413, -8.888343718447648811, -3.714856427062247501 ) ) ;
#2875 = DIRECTION ( 'NONE',  ( 0.000000000000000000, 0.000000000000000000, 1.000000000000000000 ) ) ;
#2876 = CARTESIAN_POINT ( 'NONE',  ( 4.072241230459799688, -34.76229065181037470, 8.000000000000000000 ) ) ;
#2877 = CARTESIAN_POINT ( 'NONE',  ( -34.79688636972452542, 3.765195741588926559, 8.000000000000000000 ) ) ;
#2878 = ORIENTED_EDGE ( 'NONE', *, *, #393, .F. ) ;
#2879 = CARTESIAN_POINT ( 'NONE',  ( 14.70633328592254863, -2.972183949358702115, 0.5531721273113083814 ) ) ;
#2880 = CARTESIAN_POINT ( 'NONE',  ( -24.06744797630104316, -13.05492016154475010, 3.224815851137020406 ) ) ;
#2881 = CARTESIAN_POINT ( 'NONE',  ( 10.65787700634438373, -10.57451486485367198, 3.353218786557989883 ) ) ;
#2882 = EDGE_LOOP ( 'NONE', ( #2311, #499, #2228, #1633 ) ) ;
#2883 = EDGE_LOOP ( 'NONE', ( #626, #1504, #2935, #1553, #820, #142 ) ) ;
#2884 = CARTESIAN_POINT ( 'NONE',  ( -11.46478121217806567, 33.08299297994715005, 3.962532186690872482 ) ) ;
#2885 = CARTESIAN_POINT ( 'NONE',  ( -7.788232688470682064, 34.12247692636390184, 1.645377140003623895 ) ) ;
#2886 = DIRECTION ( 'NONE',  ( 0.9009688679024218105, 0.4338837391175526248, 0.000000000000000000 ) ) ;
#2887 = ORIENTED_EDGE ( 'NONE', *, *, #1896, .T. ) ;
#2888 = AXIS2_PLACEMENT_3D ( 'NONE', #1714, #1233, #1218 ) ;
#2889 = CARTESIAN_POINT ( 'NONE',  ( 31.98159289717893827, 20.55981594114067335, -7.999999999999992895 ) ) ;
#2890 = AXIS2_PLACEMENT_3D ( 'NONE', #2166, #1476, #1692 ) ;
#2891 = CARTESIAN_POINT ( 'NONE',  ( 14.85519192813163869, 2.229620549647768790, 5.842662742232566764 ) ) ;
#2892 = B_SPLINE_CURVE_WITH_KNOTS ( 'NONE', 3,
 ( #139, #1285, #1036, #849 ),
 .UNSPECIFIED., .F., .F.,
 ( 4, 4 ),
 ( 0.000000000000000000, 0.002531730358250472088 ),
 .UNSPECIFIED. ) ;
#2893 = ADVANCED_FACE ( 'NONE', ( #1422, #276 ), #2534, .T. ) ;
#2894 = VECTOR ( 'NONE', #2649, 1000.000000000000114 ) ;
#2895 = CARTESIAN_POINT ( 'NONE',  ( -32.39384630964186584, -13.40025550443987434, 0.9420795734925828668 ) ) ;
#2896 = CARTESIAN_POINT ( 'NONE',  ( 3.854124992389276638, -14.44873559691025910, -7.847903733154811157 ) ) ;
#2897 = CARTESIAN_POINT ( 'NONE',  ( -3.668751270460460123, 8.528941316502901770, 3.224815851137015521 ) ) ;
#2898 = CARTESIAN_POINT ( 'NONE',  ( -34.17189049732592565, 7.632942832399398192, 5.767642362634803455 ) ) ;
#2899 = ORIENTED_EDGE ( 'NONE', *, *, #468, .T. ) ;
#2900 = DIRECTION ( 'NONE',  ( 1.000000000000000000, 0.000000000000000000, 0.000000000000000000 ) ) ;
#2901 = CARTESIAN_POINT ( 'NONE',  ( -14.49016232869331944, -26.96538634330475759, 0.2827642305349058471 ) ) ;
#2902 = CARTESIAN_POINT ( 'NONE',  ( 23.37169407320612180, 26.12837619266512945, 0.9420795734925874187 ) ) ;
#2903 = VERTEX_POINT ( 'NONE', #2122 ) ;
#2904 = ORIENTED_EDGE ( 'NONE', *, *, #474, .F. ) ;
#2905 = CARTESIAN_POINT ( 'NONE',  ( -7.788232688484802324, 34.12247692636068308, 1.995833495988298401 ) ) ;
#2906 = ADVANCED_FACE ( 'NONE', ( #44 ), #1860, .F. ) ;
#2907 = CARTESIAN_POINT ( 'NONE',  ( -13.15213855143569255, 7.226012635311351850, 3.078114295877809159 ) ) ;
#2908 = CARTESIAN_POINT ( 'NONE',  ( 8.659019751689086775, 2.838689973607531947, -8.000000000000000000 ) ) ;
#2909 = ORIENTED_EDGE ( 'NONE', *, *, #1917, .F. ) ;
#2910 = EDGE_LOOP ( 'NONE', ( #2790, #1184, #114, #299, #2269, #1027 ) ) ;
#2911 = CARTESIAN_POINT ( 'NONE',  ( -5.879293814240933891, 14.93318779475556290, 3.224815851137015521 ) ) ;
#2912 = CC_DESIGN_PERSON_AND_ORGANIZATION_ASSIGNMENT ( #881, #422, ( #1882 ) ) ;
#2913 = CARTESIAN_POINT ( 'NONE',  ( 29.44940704268814002, -18.91381571323116972, 8.000000000000000000 ) ) ;
#2914 = CARTESIAN_POINT ( 'NONE',  ( 3.738267749473488610, 30.50111642546422885, -8.000000000000001776 ) ) ;
#2915 = ORIENTED_EDGE ( 'NONE', *, *, #2387, .F. ) ;
#2916 = AXIS2_PLACEMENT_3D ( 'NONE', #835, #391, #2900 ) ;
#2917 = CARTESIAN_POINT ( 'NONE',  ( -11.27670445583935610, -0.6019621574531200947, 8.000000000000000000 ) ) ;
#2918 = CARTESIAN_POINT ( 'NONE',  ( -8.876580074463108261, -12.09169020224506852, -7.676535189758888933 ) ) ;
#2919 = CARTESIAN_POINT ( 'NONE',  ( 23.00800000000003465, 8.500000000000010658, 8.000000000000014211 ) ) ;
#2920 = EDGE_LOOP ( 'NONE', ( #345, #767, #2069, #1304 ) ) ;
#2921 = CARTESIAN_POINT ( 'NONE',  ( -16.71109015669957643, 30.76754874677061125, 6.924458842696239458 ) ) ;
#2922 = DIRECTION ( 'NONE',  ( 1.000000000000000000, 0.000000000000000000, 0.000000000000000000 ) ) ;
#2923 = CARTESIAN_POINT ( 'NONE',  ( 30.07050158772611681, 19.04016176382549830, -8.000000000000000000 ) ) ;
#2924 = ORIENTED_EDGE ( 'NONE', *, *, #1060, .F. ) ;
#2925 = DIRECTION ( 'NONE',  ( -0.9009688679024158153, 0.4338837391175651703, 0.000000000000000000 ) ) ;
#2926 = CARTESIAN_POINT ( 'NONE',  ( -7.103409235415478307, 8.652273298631639520, 8.000000000000000000 ) ) ;
#2927 = EDGE_CURVE ( 'NONE', #2832, #2636, #2837, .T. ) ;
#2928 = CARTESIAN_POINT ( 'NONE',  ( 0.000000000000000000, 0.000000000000000000, -7.500000000000000000 ) ) ;
#2929 = CARTESIAN_POINT ( 'NONE',  ( -7.537737188862580595, 8.421973659163487724, 8.000000000000000000 ) ) ;
#2930 = CALENDAR_DATE ( 2025, 24, 11 ) ;
#2931 = CARTESIAN_POINT ( 'NONE',  ( -27.49410969125334958, -21.67894191134746151, 5.909000145677001825 ) ) ;
#2932 = CARTESIAN_POINT ( 'NONE',  ( -9.315490239813490447, 11.75677003228095607, 8.000000000000000000 ) ) ;
#2933 = CARTESIAN_POINT ( 'NONE',  ( 0.3037071046588021850, -15.01059415631028671, 5.014484434763341270 ) ) ;
#2934 = EDGE_CURVE ( 'NONE', #1755, #125, #2549, .T. ) ;
#2935 = ORIENTED_EDGE ( 'NONE', *, *, #1554, .T. ) ;
#2936 = ORIENTED_EDGE ( 'NONE', *, *, #690, .T. ) ;
#2937 = CARTESIAN_POINT ( 'NONE',  ( 3.285200184374422960, -14.49848857828120430, -8.000000000000000000 ) ) ;
#2938 = CARTESIAN_POINT ( 'NONE',  ( 2.751134543333047855, 14.74564018582796265, -7.676535189758888933 ) ) ;
#2939 = CYLINDRICAL_SURFACE ( 'NONE', #1491, 15.00000000000000000 ) ;
#2940 = ORIENTED_EDGE ( 'NONE', *, *, #721, .T. ) ;
#2942 = FACE_OUTER_BOUND ( 'NONE', #32, .T. ) ;
#2941 = APPLICATION_CONTEXT ( 'configuration controlled 3d designs of mechanical parts and assemblies' ) ;
#2943 = CARTESIAN_POINT ( 'NONE',  ( -13.40664890201220416, 20.53971346485088389, 8.000000000000014211 ) ) ;
#2944 = EDGE_CURVE ( 'NONE', #2096, #2203, #1249, .T. ) ;
#2945 = DIRECTION ( 'NONE',  ( 0.000000000000000000, 0.000000000000000000, 1.000000000000000000 ) ) ;
#2946 = CARTESIAN_POINT ( 'NONE',  ( -8.849129454407430373, -33.88033416253721697, 1.045696437474293861 ) ) ;
#2947 =( NAMED_UNIT ( * ) PLANE_ANGLE_UNIT ( ) SI_UNIT ( $, .RADIAN. ) );
#2948 = CIRCLE ( 'NONE', #877, 35.00000000000000000 ) ;
#2949 = CARTESIAN_POINT ( 'NONE',  ( -15.00000000000000000, 0.000000000000000000, 8.500000000000000000 ) ) ;
#2950 = PRODUCT_DEFINITION_FORMATION_WITH_SPECIFIED_SOURCE ( 'ANY', '', #2769, .NOT_KNOWN. ) ;
#2951 = CARTESIAN_POINT ( 'NONE',  ( -1.131871874522424326, -14.97887849862946830, 5.842662742232566764 ) ) ;
#2952 = B_SPLINE_CURVE_WITH_KNOTS ( 'NONE', 3,
 ( #2412, #117, #2190, #1468 ),
 .UNSPECIFIED., .F., .F.,
 ( 4, 4 ),
 ( 0.000000000000000000, 0.0005438207838968588635 ),
 .UNSPECIFIED. ) ;
#2953 = CARTESIAN_POINT ( 'NONE',  ( 27.33866666666666490, -8.747738994064018669, 0.2827642305349036822 ) ) ;
#2954 = ORIENTED_EDGE ( 'NONE', *, *, #2078, .T. ) ;
#2955 = EDGE_LOOP ( 'NONE', ( #1023, #784, #1988, #2506, #533, #1725, #843, #1357, #284, #1428, #572, #1705, #2872, #109, #6, #1408, #754, #2865, #1342, #36, #1792, #327, #1862, #1276 ) ) ;
#2956 = CARTESIAN_POINT ( 'NONE',  ( -7.788232688470682064, 34.12247692636390184, 1.645377140003623895 ) ) ;
#2957 = CARTESIAN_POINT ( 'NONE',  ( -4.715169862995541195, 14.23963388444726164, 5.438045384095286039 ) ) ;
#2958 = CARTESIAN_POINT ( 'NONE',  ( 13.48114844999945383, -6.470431793816472599, -7.848557316184820110 ) ) ;
#2959 = VERTEX_POINT ( 'NONE', #1460 ) ;
#2960 = CARTESIAN_POINT ( 'NONE',  ( 3.709458306248154091, 37.82703225002806136, -8.000000000000000000 ) ) ;
#2961 = CARTESIAN_POINT ( 'NONE',  ( -24.79949060843941311, 24.69787977867583706, -8.000000000000000000 ) ) ;
#2962 = CARTESIAN_POINT ( 'NONE',  ( -31.10753415950799550, -16.07131020686385980, 2.186927751437572010 ) ) ;
#2963 = APPROVAL_STATUS ( 'not_yet_approved' ) ;
#2964 = CARTESIAN_POINT ( 'NONE',  ( 35.00000000000001421, -2.688821387764051312E-14, 1.995833495980581018 ) ) ;
#2965 = CARTESIAN_POINT ( 'NONE',  ( 12.48329071587531658, -8.354325544057406461, 7.108868673853903530 ) ) ;
#2966 = VERTEX_POINT ( 'NONE', #2650 ) ;
#2967 = CIRCLE ( 'NONE', #1902, 15.00000000000000000 ) ;
#2968 = B_SPLINE_SURFACE_WITH_KNOTS ( 'NONE', 3, 3, ( 
 ( #773, #841, #587, #540 ),
 ( #1497, #365, #1297, #1763 ),
 ( #2172, #2206, #70, #1926 ),
 ( #1017, #131, #1003, #1986 ),
 ( #2674, #98, #555, #605 ),
 ( #2853, #2868, #2384, #2840 ),
 ( #1698, #1531, #2610, #788 ) ),
 .UNSPECIFIED., .F., .F., .F.,
 ( 4, 1, 1, 1, 4 ),
 ( 4, 4 ),
 ( 0.5023027204582327654, 0.5648746995237949875, 0.6274466785893570986, 0.6900186576549193207, 0.7525906367204815428 ),
 ( 0.000000000000000000, 1.000000000000000000 ),
 .UNSPECIFIED. ) ;
#2969 = ORIENTED_EDGE ( 'NONE', *, *, #2685, .F. ) ;
#2970 = ADVANCED_FACE ( 'NONE', ( #322 ), #794, .F. ) ;
#2971 = DIRECTION ( 'NONE',  ( 0.9689519246673603536, -0.2472492015829737544, 0.000000000000000000 ) ) ;
#2972 = AXIS2_PLACEMENT_3D ( 'NONE', #2034, #1083, #1097 ) ;
#2973 = DIRECTION ( 'NONE',  ( -0.2225209339563041511, 0.9749279121818259508, 0.000000000000000000 ) ) ;
#2974 = CARTESIAN_POINT ( 'NONE',  ( -12.32235140554251807, -8.577285746038844749, 3.904338265262628394 ) ) ;
#2975 = CARTESIAN_POINT ( 'NONE',  ( 13.26497966671501771, -7.002879010923803271, 8.000000000000000000 ) ) ;
#2976 = CARTESIAN_POINT ( 'NONE',  ( 3.748565140200338153, 37.82603712599207313, -7.999999999999988454 ) ) ;
#2977 = ADVANCED_FACE ( 'NONE', ( #2603 ), #1836, .T. ) ;
#2978 = CARTESIAN_POINT ( 'NONE',  ( 0.000000000000000000, 0.000000000000000000, 8.500000000000000000 ) ) ;
#2979 = DIRECTION ( 'NONE',  ( -1.000000000000000000, 0.000000000000000000, 0.000000000000000000 ) ) ;
#2980 = CARTESIAN_POINT ( 'NONE',  ( -0.9768684058979059115, -14.98185245717081848, 3.904338265262626617 ) ) ;
#2981 = ORIENTED_EDGE ( 'NONE', *, *, #1643, .F. ) ;
#2982 = ORIENTED_EDGE ( 'NONE', *, *, #906, .T. ) ;
#2983 = CARTESIAN_POINT ( 'NONE',  ( 34.09961927205312548, 7.949583759225022916, 5.767642362634805231 ) ) ;
#2984 = ADVANCED_FACE ( 'NONE', ( #1945 ), #2860, .F. ) ;
#2985 = CARTESIAN_POINT ( 'NONE',  ( -14.86602540378443571, 1.777643259327796274E-15, -8.000000000000000000 ) ) ;
#2986 = LINE ( 'NONE', #916, #924 ) ;
#2987 = LINE ( 'NONE', #1429, #768 ) ;
#2988 = CARTESIAN_POINT ( 'NONE',  ( -25.15082592890189161, 24.34000729445406108, -8.000000000000000000 ) ) ;
#2989 = CARTESIAN_POINT ( 'NONE',  ( 10.20612211710944806, -26.82835634082022480, 0.2827642305349036822 ) ) ;
#2990 = EDGE_CURVE ( 'NONE', #2994, #736, #815, .T. ) ;
#2991 = B_SPLINE_SURFACE_WITH_KNOTS ( 'NONE', 3, 3, ( 
 ( #1825, #709, #1384, #1838 ),
 ( #2764, #1624, #1131, #1358 ),
 ( #7, #2045, #226, #942 ),
 ( #2550, #914, #1610, #1597 ),
 ( #1410, #2083, #2520, #482 ),
 ( #2312, #2509, #1157, #2737 ),
 ( #2272, #668, #2300, #445 ) ),
 .UNSPECIFIED., .F., .F., .F.,
 ( 4, 1, 1, 1, 4 ),
 ( 4, 4 ),
 ( 0.006786499710591128998, 0.1295974546841656971, 0.2524084096577401404, 0.3752193646313147779, 0.4980303196048893044 ),
 ( 0.000000000000000000, 1.000000000000000000 ),
 .UNSPECIFIED. ) ;
#2992 = CARTESIAN_POINT ( 'NONE',  ( 0.000000000000000000, 0.000000000000000000, 8.000000000000000000 ) ) ;
#2993 = CARTESIAN_POINT ( 'NONE',  ( -34.62514673777103980, -5.152494577776068674, -6.930229541439415719 ) ) ;
#2994 = VERTEX_POINT ( 'NONE', #519 ) ;
#2995 = ORIENTED_EDGE ( 'NONE', *, *, #1607, .T. ) ;
#2996 = CIRCLE ( 'NONE', #1602, 15.00000000000000000 ) ;
#2997 = CARTESIAN_POINT ( 'NONE',  ( -9.279163200886859642, -11.78546266768119288, -7.500000000000000000 ) ) ;
#2998 = CARTESIAN_POINT ( 'NONE',  ( -5.945444704509422529, -9.674643817880500762, 0.2827642305349036822 ) ) ;
#2999 = DIRECTION ( 'NONE',  ( 0.000000000000000000, -0.000000000000000000, -1.000000000000000000 ) ) ;
#3000 = CARTESIAN_POINT ( 'NONE',  ( 0.000000000000000000, 0.000000000000000000, 8.500000000000000000 ) ) ;
#3001 = CARTESIAN_POINT ( 'NONE',  ( 9.554331218930899539, 6.136921108845621475, 0.2827642305349036822 ) ) ;
ENDSEC;
END-ISO-10303-21;
